Txn_id,Timestamp,Sender_account,Receiver_account,Amount,Payment_currency,Received_currency,Sender_bank_location,Receiver_bank_location,Payment_type,Is_laundering,Laundering_type,total_risk_score,risk_tier,triggered_rules,rule_reasons
0,2026-05-07 12:42:05,5708559613,5741860810,32184.44,UK pounds,UK pounds,UK,UK,Credit card,0,Large-Cash-Transaction,25,LOW,LargeTransaction,"Transaction amount 32,184.44 UK pounds exceeds threshold of 8,000.00"
1,2026-05-07 12:42:07,6665591208,9710838491,2644.87,UK pounds,UK pounds,UK,UK,Cash Deposit,0,,0,LOW,,
2,2026-05-07 12:42:08,8572310683,5896180453,6158.11,UK pounds,UK pounds,UK,UK,Credit card,1,Structuring/Smurfing,40,MEDIUM,Smurfing,"Smurfing: account '8572310683' made 3 transactions totalling 18,347.69 within 24h (each below 9,999.00 threshold)"
3,2026-05-07 12:42:08,1918087522,3538220260,2815.43,UK pounds,UK pounds,UK,UK,Cheque,0,,0,LOW,,
4,2026-05-07 12:42:11,8493100501,5182741221,946.99,UK pounds,UK pounds,UK,UK,ACH,0,,0,LOW,,
5,2026-05-07 12:42:13,4784991805,1520019731,4425.66,UK pounds,UK pounds,UK,UK,Credit card,0,,0,LOW,,
6,2026-05-07 12:42:17,6803873546,7548582439,6238.28,UK pounds,UK pounds,UK,UK,ACH,0,,0,LOW,,
7,2026-05-07 12:42:17,9909574335,2897508498,4347.68,UK pounds,UK pounds,UK,UK,Debit card,0,,0,LOW,,
8,2026-05-07 12:42:18,91914997,3661467253,273.71,UK pounds,UK pounds,UK,UK,ACH,0,,0,LOW,,
9,2026-05-07 12:42:23,735534497,2922700745,3279.28,UK pounds,UK pounds,UK,UK,Debit card,0,,0,LOW,,
10,2026-05-07 12:42:26,3510078932,1625701030,6292.38,UK pounds,UK pounds,UK,UK,ACH,1,Structuring/Smurfing,40,MEDIUM,Smurfing,"Smurfing: account '3510078932' made 3 transactions totalling 19,364.08 within 24h (each below 9,999.00 threshold)"
11,2026-05-07 12:42:33,8121014003,1316458123,6559.7,UK pounds,Mexican Peso,UK,Mexico,Cross-border,0,,0,LOW,,
12,2026-05-07 12:42:39,7758268667,9781013421,9687.92,UK pounds,UK pounds,UK,UK,ACH,1,Large-Cash-Transaction; Structuring/Smurfing,65,HIGH,LargeTransaction|Smurfing,"Transaction amount 9,687.92 UK pounds exceeds threshold of 8,000.00; Smurfing: account '7758268667' made 3 transactions totalling 24,432.96 within 24h (each below 9,999.00 threshold)"
13,2026-05-07 12:42:41,3670139601,9284374487,3542.15,UK pounds,UK pounds,UK,UK,Cheque,0,,0,LOW,,
14,2026-05-07 12:42:41,7192588619,5784381078,1193.72,UK pounds,UK pounds,UK,UK,Debit card,0,,0,LOW,,
15,2026-05-07 12:42:44,6116657264,1672288255,7289.47,UK pounds,UK pounds,UK,UK,Credit card,1,Structuring/Smurfing,40,MEDIUM,Smurfing,"Smurfing: account '6116657264' made 3 transactions totalling 17,658.56 within 24h (each below 9,999.00 threshold)"
16,2026-05-07 12:42:50,3238526156,1465487567,21203.91,UK pounds,UK pounds,UK,UK,Cheque,1,Large-Cash-Transaction; Layering,50,MEDIUM,LargeTransaction|Layering,"Transaction amount 21,203.91 UK pounds exceeds threshold of 8,000.00; Fan-in: receiver 1465487567 received from 4 distinct senders within 72h (chain amount: 47,338.79, threshold: 10,000.00)"
17,2026-05-07 12:42:50,3459228011,9420023151,79.77,UK pounds,UK pounds,UK,UK,ACH,0,,0,LOW,,
18,2026-05-07 12:42:53,9043338769,1299324105,8662.33,UK pounds,UK pounds,UK,UK,ACH,0,Large-Cash-Transaction,25,LOW,LargeTransaction,"Transaction amount 8,662.33 UK pounds exceeds threshold of 8,000.00"
19,2026-05-07 12:42:53,5804227223,7047814082,1775.87,UK pounds,UK pounds,UK,UK,ACH,0,,0,LOW,,
20,2026-05-07 12:42:57,7797425766,9874339405,8431.85,UK pounds,UK pounds,UK,UK,Debit card,0,Large-Cash-Transaction,25,LOW,LargeTransaction,"Transaction amount 8,431.85 UK pounds exceeds threshold of 8,000.00"
21,2026-05-07 12:42:58,9392700144,7713641622,9910.85,UK pounds,UK pounds,UK,UK,ACH,0,Large-Cash-Transaction,25,LOW,LargeTransaction,"Transaction amount 9,910.85 UK pounds exceeds threshold of 8,000.00"
22,2026-05-07 12:42:59,312396354,2138505015,12598.47,UK pounds,Dirham,UK,UAE,Cross-border,0,Large-Cash-Transaction,25,LOW,LargeTransaction,"Transaction amount 12,598.47 UK pounds exceeds threshold of 8,000.00"
23,2026-05-07 12:43:14,5804227223,7548524701,704.55,UK pounds,UK pounds,UK,UK,Debit card,0,,0,LOW,,
24,2026-05-07 12:43:16,9523952344,7148856115,1646.99,UK pounds,UK pounds,UK,UK,Cash Deposit,0,,0,LOW,,
25,2026-05-07 12:43:24,2484231014,1465487567,7300.93,UK pounds,UK pounds,UK,UK,Debit card,1,Structuring/Smurfing; Layering,65,HIGH,Smurfing|Layering,"Smurfing: account '2484231014' made 3 transactions totalling 21,742.03 within 24h (each below 9,999.00 threshold); Fan-in: receiver 1465487567 received from 4 distinct senders within 72h (chain amount: 47,338.79, threshold: 10,000.00)"
26,2026-05-07 12:43:25,5955159897,6034997194,13321.52,Euro,UK pounds,Germany,UK,Cross-border,0,Large-Cash-Transaction,25,LOW,LargeTransaction,"Transaction amount 13,321.52 Euro exceeds threshold of 9,000.00"
27,2026-05-07 12:43:41,6235572522,3535201459,241.39,UK pounds,UK pounds,UK,UK,Cash Withdrawal,0,,0,LOW,,
28,2026-05-07 12:43:43,8003608688,6034997194,33756.74,UK pounds,UK pounds,UK,UK,ACH,0,Large-Cash-Transaction,25,LOW,LargeTransaction,"Transaction amount 33,756.74 UK pounds exceeds threshold of 8,000.00"
29,2026-05-07 12:43:47,5151881380,8725751410,4811.2,UK pounds,UK pounds,UK,UK,Cheque,0,,0,LOW,,
30,2026-05-07 12:43:48,407290317,1165137022,8087.83,UK pounds,UK pounds,UK,UK,Cheque,0,Large-Cash-Transaction,25,LOW,LargeTransaction,"Transaction amount 8,087.83 UK pounds exceeds threshold of 8,000.00"
31,2026-05-07 12:43:53,3012603098,6428079472,1006.1,UK pounds,UK pounds,UK,UK,Cheque,0,,0,LOW,,
32,2026-05-07 12:43:55,4316483340,3488425844,6282.38,UK pounds,UK pounds,UK,UK,ACH,0,,0,LOW,,
33,2026-05-07 12:44:01,1092702536,3220735304,19371.89,UK pounds,UK pounds,UK,UK,ACH,0,Large-Cash-Transaction,25,LOW,LargeTransaction,"Transaction amount 19,371.89 UK pounds exceeds threshold of 8,000.00"
34,2026-05-07 12:44:02,1499166311,1911427515,1703.31,UK pounds,UK pounds,UK,UK,ACH,0,,0,LOW,,
35,2026-05-07 12:44:03,3876523765,7979406195,508.6,UK pounds,UK pounds,UK,UK,Cash Deposit,0,,0,LOW,,
36,2026-05-07 12:44:04,8600069993,7892884492,12379.04,UK pounds,US dollar,UK,USA,Cross-border,0,Large-Cash-Transaction,25,LOW,LargeTransaction,"Transaction amount 12,379.04 UK pounds exceeds threshold of 8,000.00"
37,2026-05-07 12:44:05,6648735087,6264003209,47664.17,UK pounds,UK pounds,UK,UK,ACH,0,Large-Cash-Transaction,25,LOW,LargeTransaction,"Transaction amount 47,664.17 UK pounds exceeds threshold of 8,000.00"
38,2026-05-07 12:44:06,6156834944,8678802420,21291.14,UK pounds,UK pounds,UK,UK,Credit card,0,Large-Cash-Transaction,25,LOW,LargeTransaction,"Transaction amount 21,291.14 UK pounds exceeds threshold of 8,000.00"
39,2026-05-07 12:44:07,7501327339,4961006135,6420.34,UK pounds,UK pounds,UK,UK,ACH,1,Structuring/Smurfing,40,MEDIUM,Smurfing,"Smurfing: account '7501327339' made 3 transactions totalling 21,104.40 within 24h (each below 9,999.00 threshold)"
40,2026-05-07 12:44:07,596367731,5719844228,9419.81,UK pounds,UK pounds,UK,UK,Cheque,0,Large-Cash-Transaction,25,LOW,LargeTransaction,"Transaction amount 9,419.81 UK pounds exceeds threshold of 8,000.00"
41,2026-05-07 12:44:08,8017023442,2478696011,1324.54,UK pounds,UK pounds,UK,UK,Debit card,0,,0,LOW,,
42,2026-05-07 12:44:11,5223272370,1186537090,5790.54,UK pounds,UK pounds,UK,UK,Credit card,0,,0,LOW,,
43,2026-05-07 12:44:11,5021785800,9199525861,6612.83,UK pounds,UK pounds,UK,UK,Debit card,1,Structuring/Smurfing,40,MEDIUM,Smurfing,"Smurfing: account '5021785800' made 3 transactions totalling 19,015.57 within 24h (each below 9,999.00 threshold)"
44,2026-05-07 12:44:12,7849241516,1465487567,6996.39,UK pounds,UK pounds,UK,UK,ACH,1,Structuring/Smurfing; Layering,65,HIGH,Smurfing|Layering,"Smurfing: account '7849241516' made 3 transactions totalling 21,053.77 within 24h (each below 9,999.00 threshold); Fan-in: receiver 1465487567 received from 4 distinct senders within 72h (chain amount: 47,338.79, threshold: 10,000.00)"
45,2026-05-07 12:44:13,7394937898,8898445416,3061.65,UK pounds,UK pounds,UK,UK,Credit card,0,,0,LOW,,
46,2026-05-07 12:44:17,8319501269,1689748473,2716.35,UK pounds,UK pounds,UK,UK,Cash Deposit,0,,0,LOW,,
47,2026-05-07 12:44:17,5071781251,9501125485,2338.68,UK pounds,UK pounds,UK,UK,Cash Deposit,0,Fan-Out/Money-Mule,20,LOW,RapidMovement,"RapidMovement: account '9501125485' received 2,338.68 then re-sent 3,558.88 (152.2%) within 24h"
48,2026-05-07 12:44:19,8083570625,5583952328,74.33,UK pounds,UK pounds,UK,UK,Debit card,0,,0,LOW,,
49,2026-05-07 12:44:20,2168910862,8678802420,7009.58,UK pounds,UK pounds,UK,UK,ACH,0,,0,LOW,,
50,2026-05-07 12:44:21,288448161,3506140194,1667.98,UK pounds,UK pounds,UK,UK,Cheque,0,,0,LOW,,
51,2026-05-07 12:44:21,9506591992,791276398,19245.02,UK pounds,UK pounds,UK,UK,ACH,0,Large-Cash-Transaction,25,LOW,LargeTransaction,"Transaction amount 19,245.02 UK pounds exceeds threshold of 8,000.00"
52,2026-05-07 12:44:24,3497124400,375261355,513.74,UK pounds,UK pounds,UK,UK,Cheque,0,,0,LOW,,
53,2026-05-07 12:44:27,3009397443,5708936901,11425.34,UK pounds,UK pounds,UK,UK,Cheque,0,Large-Cash-Transaction,25,LOW,LargeTransaction,"Transaction amount 11,425.34 UK pounds exceeds threshold of 8,000.00"
54,2026-05-07 12:44:32,4668123872,905071615,4593.94,UK pounds,UK pounds,UK,UK,Cash Deposit,0,,0,LOW,,
55,2026-05-07 12:44:34,9218034175,6511116461,5945.35,UK pounds,UK pounds,UK,UK,Debit card,0,,0,LOW,,
56,2026-05-07 12:44:37,3844336299,7160736915,10944.41,UK pounds,UK pounds,UK,UK,Cheque,0,Large-Cash-Transaction,25,LOW,LargeTransaction,"Transaction amount 10,944.41 UK pounds exceeds threshold of 8,000.00"
57,2026-05-07 12:44:38,5989800916,172510384,852.71,UK pounds,UK pounds,UK,UK,Cheque,0,,0,LOW,,
58,2026-05-07 12:44:39,1890157187,4305970891,1539.47,UK pounds,UK pounds,UK,UK,Credit card,0,,0,LOW,,
59,2026-05-07 12:44:41,1915450576,6846852475,5211.74,UK pounds,UK pounds,UK,UK,Cheque,1,Structuring/Smurfing,40,MEDIUM,Smurfing,"Smurfing: account '1915450576' made 3 transactions totalling 18,241.06 within 24h (each below 9,999.00 threshold)"
60,2026-05-07 12:44:46,3614082527,2547799506,12298.47,UK pounds,UK pounds,UK,UK,Credit card,0,Large-Cash-Transaction,25,LOW,LargeTransaction,"Transaction amount 12,298.47 UK pounds exceeds threshold of 8,000.00"
61,2026-05-07 12:44:48,7438507951,3220735304,18943.66,UK pounds,UK pounds,UK,UK,Cheque,0,Large-Cash-Transaction,25,LOW,LargeTransaction,"Transaction amount 18,943.66 UK pounds exceeds threshold of 8,000.00"
62,2026-05-07 12:44:50,5589395940,2485684866,3296.53,UK pounds,UK pounds,UK,UK,Cheque,0,,0,LOW,,
63,2026-05-07 12:44:51,1491989064,7160767531,8287.4,UK pounds,UK pounds,UK,UK,ACH,1,Large-Cash-Transaction; Structuring/Smurfing,65,HIGH,LargeTransaction|Smurfing,"Transaction amount 8,287.40 UK pounds exceeds threshold of 8,000.00; Smurfing: account '1491989064' made 3 transactions totalling 23,077.52 within 24h (each below 9,999.00 threshold)"
64,2026-05-07 12:44:53,7590592049,8355436243,2504.69,UK pounds,UK pounds,UK,UK,Cheque,0,,0,LOW,,
65,2026-05-07 12:44:53,2739237963,5624016781,11256.14,UK pounds,UK pounds,UK,UK,Credit card,0,Large-Cash-Transaction,25,LOW,LargeTransaction,"Transaction amount 11,256.14 UK pounds exceeds threshold of 8,000.00"
66,2026-05-07 12:44:58,9088114734,6574810359,6630.56,UK pounds,UK pounds,UK,UK,Credit card,0,,0,LOW,,
67,2026-05-07 12:45:00,763730750,7596697023,694.12,UK pounds,UK pounds,UK,UK,Credit card,0,,0,LOW,,
68,2026-05-07 12:45:02,3883907165,9663002809,1032.26,UK pounds,UK pounds,UK,UK,Debit card,0,,0,LOW,,
69,2026-05-07 12:45:03,2030127815,7412789597,10869.63,UK pounds,UK pounds,UK,UK,ACH,0,Large-Cash-Transaction,25,LOW,LargeTransaction,"Transaction amount 10,869.63 UK pounds exceeds threshold of 8,000.00"
70,2026-05-07 12:45:03,2049525961,6233217293,5483.39,UK pounds,UK pounds,UK,UK,Credit card,0,,0,LOW,,
71,2026-05-07 12:45:04,8673917867,488828934,608.18,UK pounds,UK pounds,UK,UK,Debit card,0,,0,LOW,,
72,2026-05-07 12:45:08,6500267083,5466123934,8060.25,UK pounds,UK pounds,UK,UK,Cheque,1,Large-Cash-Transaction; Structuring/Smurfing,65,HIGH,LargeTransaction|Smurfing,"Transaction amount 8,060.25 UK pounds exceeds threshold of 8,000.00; Smurfing: account '6500267083' made 3 transactions totalling 24,250.33 within 24h (each below 9,999.00 threshold)"
73,2026-05-07 12:45:11,3730404955,1072942380,15674.01,UK pounds,UK pounds,UK,UK,Credit card,0,Large-Cash-Transaction,25,LOW,LargeTransaction,"Transaction amount 15,674.01 UK pounds exceeds threshold of 8,000.00"
74,2026-05-07 12:45:12,6057444675,9106702668,12066.3,UK pounds,UK pounds,UK,UK,ACH,0,Large-Cash-Transaction,25,LOW,LargeTransaction,"Transaction amount 12,066.30 UK pounds exceeds threshold of 8,000.00"
75,2026-05-07 12:45:22,4050064188,8496082065,1229.46,UK pounds,UK pounds,UK,UK,Debit card,0,,0,LOW,,
76,2026-05-07 12:45:23,7166052239,8172080174,7004.45,UK pounds,UK pounds,UK,UK,Credit card,1,Structuring/Smurfing; Layering,65,HIGH,Smurfing|Layering,"Smurfing: account '7166052239' made 3 transactions totalling 20,936.24 within 24h (each below 9,999.00 threshold); Fan-in: receiver 8172080174 received from 4 distinct senders within 72h (chain amount: 49,572.83, threshold: 10,000.00)"
77,2026-05-07 12:45:24,315737488,8048071901,10218.65,UK pounds,UK pounds,UK,UK,ACH,0,Large-Cash-Transaction,25,LOW,LargeTransaction,"Transaction amount 10,218.65 UK pounds exceeds threshold of 8,000.00"
78,2026-05-07 12:45:27,2023070355,3084479105,946.87,UK pounds,UK pounds,UK,UK,Debit card,0,,0,LOW,,
79,2026-05-07 12:45:29,5982914936,7504808702,16670.04,UK pounds,UK pounds,UK,UK,Cheque,0,Large-Cash-Transaction,25,LOW,LargeTransaction,"Transaction amount 16,670.04 UK pounds exceeds threshold of 8,000.00"
80,2026-05-07 12:45:31,7991409048,3993366206,107.09,UK pounds,UK pounds,UK,UK,Cash Withdrawal,0,,0,LOW,,
81,2026-05-07 12:45:33,9734083970,6917865488,13894.37,UK pounds,UK pounds,UK,UK,Credit card,0,Large-Cash-Transaction,25,LOW,LargeTransaction,"Transaction amount 13,894.37 UK pounds exceeds threshold of 8,000.00"
82,2026-05-07 12:45:38,8952177221,6345374341,8004.58,UK pounds,UK pounds,UK,UK,Debit card,1,Large-Cash-Transaction; Structuring/Smurfing,65,HIGH,LargeTransaction|Smurfing,"Transaction amount 8,004.58 UK pounds exceeds threshold of 8,000.00; Smurfing: account '8952177221' made 3 transactions totalling 22,623.06 within 24h (each below 9,999.00 threshold)"
83,2026-05-07 12:45:43,3709430533,7472952117,7045.17,UK pounds,UK pounds,UK,UK,Credit card,1,Structuring/Smurfing,40,MEDIUM,Smurfing,"Smurfing: account '3709430533' made 3 transactions totalling 24,671.82 within 24h (each below 9,999.00 threshold)"
84,2026-05-07 12:45:45,1002754336,59113258,2430.48,UK pounds,UK pounds,UK,UK,Cash Deposit,0,,0,LOW,,
85,2026-05-07 12:45:54,125607378,6073604896,1471.77,UK pounds,UK pounds,UK,UK,Credit card,0,,0,LOW,,
86,2026-05-07 12:45:58,6057444675,9018284593,5733.62,UK pounds,UK pounds,UK,UK,Cheque,1,Structuring/Smurfing,40,MEDIUM,Smurfing,"Smurfing: account '6057444675' made 3 transactions totalling 16,504.68 within 24h (each below 9,999.00 threshold)"
87,2026-05-07 12:46:05,1154272532,9040068292,2477.83,UK pounds,UK pounds,UK,UK,Credit card,0,,0,LOW,,
88,2026-05-07 12:46:06,8365941229,6444220418,8402.63,UK pounds,UK pounds,UK,UK,ACH,0,Large-Cash-Transaction,25,LOW,LargeTransaction,"Transaction amount 8,402.63 UK pounds exceeds threshold of 8,000.00"
89,2026-05-07 12:46:09,4500681468,4270968526,2401.93,UK pounds,UK pounds,UK,UK,Credit card,0,,0,LOW,,
90,2026-05-07 12:46:10,9734976881,2694436648,5045.65,UK pounds,UK pounds,UK,UK,Cheque,0,,0,LOW,,
91,2026-05-07 12:46:12,9734083970,7577540230,7232.34,UK pounds,UK pounds,UK,UK,Credit card,1,Structuring/Smurfing,40,MEDIUM,Smurfing,"Smurfing: account '9734083970' made 3 transactions totalling 20,070.90 within 24h (each below 9,999.00 threshold)"
92,2026-05-07 12:46:14,5748489103,5971760311,3252.35,UK pounds,US dollar,UK,USA,Cross-border,0,,0,LOW,,
93,2026-05-07 12:46:16,6541552727,5393260130,8298.84,UK pounds,Swiss franc,UK,Switzerland,Cross-border,1,Large-Cash-Transaction; Structuring/Smurfing,65,HIGH,LargeTransaction|Smurfing,"Transaction amount 8,298.84 UK pounds exceeds threshold of 8,000.00; Smurfing: account '6541552727' made 3 transactions totalling 22,868.03 within 24h (each below 9,999.00 threshold)"
94,2026-05-07 12:46:18,5198228620,2010672441,1412.67,UK pounds,UK pounds,UK,UK,Cash Deposit,0,,0,LOW,,
95,2026-05-07 12:46:23,7501327339,9848553102,10366.82,UK pounds,UK pounds,UK,UK,Debit card,0,Large-Cash-Transaction,25,LOW,LargeTransaction,"Transaction amount 10,366.82 UK pounds exceeds threshold of 8,000.00"
96,2026-05-07 12:46:24,703647888,1431561040,19782.73,UK pounds,UK pounds,UK,UK,ACH,0,Large-Cash-Transaction,25,LOW,LargeTransaction,"Transaction amount 19,782.73 UK pounds exceeds threshold of 8,000.00"
97,2026-05-07 12:46:24,2921862078,5708936901,9590.03,UK pounds,UK pounds,UK,UK,Debit card,1,Large-Cash-Transaction; Structuring/Smurfing,65,HIGH,LargeTransaction|Smurfing,"Transaction amount 9,590.03 UK pounds exceeds threshold of 8,000.00; Smurfing: account '2921862078' made 3 transactions totalling 28,842.96 within 24h (each below 9,999.00 threshold)"
98,2026-05-07 12:46:25,1915450576,3772874052,11061.36,UK pounds,Turkish lira,UK,Turkey,Cross-border,0,Large-Cash-Transaction,25,LOW,LargeTransaction,"Transaction amount 11,061.36 UK pounds exceeds threshold of 8,000.00"
99,2026-05-07 12:46:26,6261555351,7796880373,426.82,UK pounds,UK pounds,UK,UK,Cash Deposit,0,,0,LOW,,
100,2026-05-07 12:46:29,6540809965,5579295130,9783.19,Dirham,UK pounds,UAE,UK,Cross-border,0,,0,LOW,,
101,2026-05-07 12:46:38,2365007895,5832927076,9897.61,UK pounds,UK pounds,UK,UK,Credit card,1,Large-Cash-Transaction; Structuring/Smurfing,65,HIGH,LargeTransaction|Smurfing,"Transaction amount 9,897.61 UK pounds exceeds threshold of 8,000.00; Smurfing: account '2365007895' made 3 transactions totalling 28,228.65 within 24h (each below 9,999.00 threshold)"
102,2026-05-07 12:46:39,7421451752,1702377336,6652.68,UK pounds,UK pounds,UK,UK,ACH,1,Structuring/Smurfing,40,MEDIUM,Smurfing,"Smurfing: account '7421451752' made 3 transactions totalling 19,092.12 within 24h (each below 9,999.00 threshold)"
103,2026-05-07 12:46:41,4832545412,1593175702,102.29,UK pounds,UK pounds,UK,UK,Cash Withdrawal,0,,0,LOW,,
104,2026-05-07 12:46:48,9746384104,6973117783,4694.24,UK pounds,Mexican Peso,UK,Mexico,Cross-border,1,Structuring/Smurfing,40,MEDIUM,Smurfing,"Smurfing: account '9746384104' made 3 transactions totalling 16,456.94 within 24h (each below 9,999.00 threshold)"
105,2026-05-07 12:46:52,4611389784,687183818,140.99,UK pounds,UK pounds,UK,UK,Debit card,0,,0,LOW,,
106,2026-05-07 12:46:54,6086421020,8140432476,7760.85,UK pounds,UK pounds,UK,UK,Cheque,1,Structuring/Smurfing,40,MEDIUM,Smurfing,"Smurfing: account '6086421020' made 3 transactions totalling 20,814.16 within 24h (each below 9,999.00 threshold)"
107,2026-05-07 12:46:59,2548803528,4551471712,4316.27,UK pounds,UK pounds,UK,UK,ACH,0,,0,LOW,,
108,2026-05-07 12:47:00,6216316627,5466123934,7893.44,UK pounds,UK pounds,UK,UK,Cheque,1,Structuring/Smurfing,40,MEDIUM,Smurfing,"Smurfing: account '6216316627' made 3 transactions totalling 23,793.03 within 24h (each below 9,999.00 threshold)"
109,2026-05-07 12:47:01,8703231038,4388814424,11259.75,UK pounds,UK pounds,UK,UK,ACH,0,Large-Cash-Transaction,25,LOW,LargeTransaction,"Transaction amount 11,259.75 UK pounds exceeds threshold of 8,000.00"
110,2026-05-07 12:47:03,7816440666,822880832,4258.38,UK pounds,UK pounds,UK,UK,ACH,0,,0,LOW,,
111,2026-05-07 12:47:06,4924420105,9564235003,3643.87,UK pounds,UK pounds,UK,UK,ACH,0,,0,LOW,,
112,2026-05-07 12:47:10,1513297635,1526933793,1332.29,UK pounds,UK pounds,UK,UK,Credit card,0,,0,LOW,,
113,2026-05-07 12:47:14,9226756684,5858369125,17468.58,UK pounds,UK pounds,UK,UK,Cheque,0,Large-Cash-Transaction,25,LOW,LargeTransaction,"Transaction amount 17,468.58 UK pounds exceeds threshold of 8,000.00"
114,2026-05-07 12:47:18,2118974217,1433435465,1054.58,UK pounds,UK pounds,UK,UK,ACH,0,,0,LOW,,
115,2026-05-07 12:47:18,3299961738,8352571580,10889.98,UK pounds,UK pounds,UK,UK,Debit card,0,Large-Cash-Transaction,25,LOW,LargeTransaction,"Transaction amount 10,889.98 UK pounds exceeds threshold of 8,000.00"
116,2026-05-07 12:47:23,3658332196,1465487567,11837.56,UK pounds,UK pounds,UK,UK,Debit card,1,Large-Cash-Transaction; Layering,50,MEDIUM,LargeTransaction|Layering,"Transaction amount 11,837.56 UK pounds exceeds threshold of 8,000.00; Fan-in: receiver 1465487567 received from 4 distinct senders within 72h (chain amount: 47,338.79, threshold: 10,000.00)"
117,2026-05-07 12:47:28,3741000234,1377603863,21999.87,UK pounds,UK pounds,UK,UK,ACH,0,Large-Cash-Transaction,25,LOW,LargeTransaction,"Transaction amount 21,999.87 UK pounds exceeds threshold of 8,000.00"
118,2026-05-07 12:47:29,8456279067,8073790137,9845.09,UK pounds,Euro,UK,Germany,Cross-border,1,Large-Cash-Transaction; Structuring/Smurfing,65,HIGH,LargeTransaction|Smurfing,"Transaction amount 9,845.09 UK pounds exceeds threshold of 8,000.00; Smurfing: account '8456279067' made 3 transactions totalling 20,160.03 within 24h (each below 9,999.00 threshold)"
119,2026-05-07 12:47:32,6958721932,5335763850,1820.13,UK pounds,UK pounds,UK,UK,Credit card,0,,0,LOW,,
120,2026-05-07 12:47:34,7327027507,4119784181,9513.93,UK pounds,UK pounds,UK,UK,ACH,0,Large-Cash-Transaction,25,LOW,LargeTransaction,"Transaction amount 9,513.93 UK pounds exceeds threshold of 8,000.00"
121,2026-05-07 12:47:36,4939108392,4281746314,5500.32,UK pounds,Turkish lira,UK,Turkey,Cross-border,0,,0,LOW,,
122,2026-05-07 12:47:38,2412955813,5103043844,43228.82,UK pounds,Naira,UK,Nigeria,Cross-border,0,Large-Cash-Transaction,25,LOW,LargeTransaction,"Transaction amount 43,228.82 UK pounds exceeds threshold of 8,000.00"
123,2026-05-07 12:47:38,3412872591,9426285596,1091.35,UK pounds,UK pounds,UK,UK,Debit card,0,,0,LOW,,
124,2026-05-07 12:47:42,5691675777,6615179883,16095.05,UK pounds,UK pounds,UK,UK,Cheque,0,Large-Cash-Transaction,25,LOW,LargeTransaction,"Transaction amount 16,095.05 UK pounds exceeds threshold of 8,000.00"
125,2026-05-07 12:47:47,5027448664,393509754,7283.77,UK pounds,UK pounds,UK,UK,Cheque,0,,0,LOW,,
126,2026-05-07 12:47:47,7669236826,9616268671,10886.29,UK pounds,UK pounds,UK,UK,Credit card,0,Large-Cash-Transaction,25,LOW,LargeTransaction,"Transaction amount 10,886.29 UK pounds exceeds threshold of 8,000.00"
127,2026-05-07 12:47:48,4488382798,1396808599,3714.67,UK pounds,UK pounds,UK,UK,Cash Deposit,0,,0,LOW,,
128,2026-05-07 12:47:49,8465013530,2534644942,16755.42,UK pounds,Euro,UK,France,Cross-border,0,Large-Cash-Transaction,25,LOW,LargeTransaction,"Transaction amount 16,755.42 UK pounds exceeds threshold of 8,000.00"
129,2026-05-07 12:47:49,868568688,5708936901,12680.78,UK pounds,UK pounds,UK,UK,ACH,0,Large-Cash-Transaction,25,LOW,LargeTransaction,"Transaction amount 12,680.78 UK pounds exceeds threshold of 8,000.00"
130,2026-05-07 12:47:50,9599009457,8900742620,6227.22,UK pounds,Swiss franc,UK,Switzerland,Cross-border,1,Structuring/Smurfing,40,MEDIUM,Smurfing,"Smurfing: account '9599009457' made 3 transactions totalling 16,606.51 within 24h (each below 9,999.00 threshold)"
131,2026-05-07 12:47:51,7429893910,5219812723,6214.48,UK pounds,UK pounds,UK,UK,Credit card,0,,0,LOW,,
132,2026-05-07 12:47:53,7421451752,1702377336,6618.68,UK pounds,UK pounds,UK,UK,Cheque,1,Structuring/Smurfing,40,MEDIUM,Smurfing,"Smurfing: account '7421451752' made 3 transactions totalling 19,092.12 within 24h (each below 9,999.00 threshold)"
133,2026-05-07 12:47:54,2365007895,2812285491,13216.96,UK pounds,UK pounds,UK,UK,ACH,0,Large-Cash-Transaction,25,LOW,LargeTransaction,"Transaction amount 13,216.96 UK pounds exceeds threshold of 8,000.00"
134,2026-05-07 12:47:57,2092970761,4161896327,361605.65,UK pounds,UK pounds,UK,UK,Cheque,0,Large-Cash-Transaction,25,LOW,LargeTransaction,"Transaction amount 361,605.65 UK pounds exceeds threshold of 8,000.00"
135,2026-05-07 12:47:57,4117755003,6646502650,8562.84,UK pounds,Euro,UK,France,Cross-border,1,Large-Cash-Transaction; Structuring/Smurfing,65,HIGH,LargeTransaction|Smurfing,"Transaction amount 8,562.84 UK pounds exceeds threshold of 8,000.00; Smurfing: account '4117755003' made 3 transactions totalling 25,468.32 within 24h (each below 9,999.00 threshold)"
136,2026-05-07 12:47:57,5195441820,9600420260,8182.89,UK pounds,UK pounds,UK,UK,ACH,1,Large-Cash-Transaction; Structuring/Smurfing,65,HIGH,LargeTransaction|Smurfing,"Transaction amount 8,182.89 UK pounds exceeds threshold of 8,000.00; Smurfing: account '5195441820' made 3 transactions totalling 24,606.42 within 24h (each below 9,999.00 threshold)"
137,2026-05-07 12:47:58,14539122,6953672776,6073.0,UK pounds,Mexican Peso,UK,Mexico,Cross-border,0,,0,LOW,,
138,2026-05-07 12:48:08,5021785800,4065028145,4395.25,UK pounds,Euro,UK,Austria,Cross-border,1,Structuring/Smurfing,40,MEDIUM,Smurfing,"Smurfing: account '5021785800' made 3 transactions totalling 19,015.57 within 24h (each below 9,999.00 threshold)"
139,2026-05-07 12:48:09,7758268667,4048410232,17742.93,UK pounds,UK pounds,UK,UK,Credit card,0,Large-Cash-Transaction,25,LOW,LargeTransaction,"Transaction amount 17,742.93 UK pounds exceeds threshold of 8,000.00"
140,2026-05-07 12:48:09,8494878354,3695545812,5601.29,UK pounds,UK pounds,UK,UK,ACH,0,,0,LOW,,
141,2026-05-07 12:48:14,7978501298,6465504473,6905.59,UK pounds,UK pounds,UK,UK,Cheque,0,,0,LOW,,
142,2026-05-07 12:48:14,6116657264,224176497,4622.53,UK pounds,UK pounds,UK,UK,Credit card,1,Structuring/Smurfing,40,MEDIUM,Smurfing,"Smurfing: account '6116657264' made 3 transactions totalling 17,658.56 within 24h (each below 9,999.00 threshold)"
143,2026-05-07 12:48:17,8580470382,9618811392,12242.97,Euro,UK pounds,France,UK,Cross-border,0,Large-Cash-Transaction,25,LOW,LargeTransaction,"Transaction amount 12,242.97 Euro exceeds threshold of 9,000.00"
144,2026-05-07 12:48:18,2365007895,5391949334,9258.37,UK pounds,UK pounds,UK,UK,Cheque,1,Large-Cash-Transaction; Structuring/Smurfing,65,HIGH,LargeTransaction|Smurfing,"Transaction amount 9,258.37 UK pounds exceeds threshold of 8,000.00; Smurfing: account '2365007895' made 3 transactions totalling 28,228.65 within 24h (each below 9,999.00 threshold)"
145,2026-05-07 12:48:19,9941194188,8518184956,20734.14,UK pounds,UK pounds,UK,UK,Debit card,0,Large-Cash-Transaction,25,LOW,LargeTransaction,"Transaction amount 20,734.14 UK pounds exceeds threshold of 8,000.00"
146,2026-05-07 12:48:19,7293339277,3156498270,3434.86,UK pounds,UK pounds,UK,UK,ACH,0,,0,LOW,,
147,2026-05-07 12:48:19,9402994493,2286910173,11915.8,UK pounds,UK pounds,UK,UK,Cheque,0,Large-Cash-Transaction,25,LOW,LargeTransaction,"Transaction amount 11,915.80 UK pounds exceeds threshold of 8,000.00"
148,2026-05-07 12:48:21,6380185082,1316458123,4595.33,UK pounds,Mexican Peso,UK,Mexico,Cross-border,1,Structuring/Smurfing,40,MEDIUM,Smurfing,"Smurfing: account '6380185082' made 3 transactions totalling 13,742.62 within 24h (each below 9,999.00 threshold)"
149,2026-05-07 12:48:28,428005894,5267093239,3525.8,UK pounds,UK pounds,UK,UK,Debit card,0,,0,LOW,,
150,2026-05-07 12:48:28,4626052554,1429694649,11548.5,UK pounds,Indian rupee,UK,UK,Cheque,0,Large-Cash-Transaction,25,LOW,LargeTransaction,"Transaction amount 11,548.50 UK pounds exceeds threshold of 8,000.00"
151,2026-05-07 12:48:29,7788310039,5103043844,10682.22,UK pounds,Naira,UK,Nigeria,Cross-border,0,Large-Cash-Transaction,25,LOW,LargeTransaction,"Transaction amount 10,682.22 UK pounds exceeds threshold of 8,000.00"
152,2026-05-07 12:48:30,431554764,3331273253,86939.95,UK pounds,UK pounds,UK,UK,Credit card,0,Large-Cash-Transaction,25,LOW,LargeTransaction,"Transaction amount 86,939.95 UK pounds exceeds threshold of 8,000.00"
153,2026-05-07 12:48:41,816706378,1693177629,760.63,UK pounds,UK pounds,UK,UK,Credit card,0,,0,LOW,,
154,2026-05-07 12:48:47,2826317502,4270865741,4855.78,UK pounds,UK pounds,UK,UK,Debit card,1,Structuring/Smurfing,40,MEDIUM,Smurfing,"Smurfing: account '2826317502' made 3 transactions totalling 14,626.67 within 24h (each below 9,999.00 threshold)"
155,2026-05-07 12:48:50,6425422701,1504917428,3332.08,UK pounds,UK pounds,UK,UK,Cheque,0,,0,LOW,,
156,2026-05-07 12:48:50,6351828759,1517549620,86.76,UK pounds,UK pounds,UK,UK,Cash Withdrawal,0,,0,LOW,,
157,2026-05-07 12:48:51,648042519,1198033871,13881.66,UK pounds,UK pounds,UK,UK,Credit card,0,Large-Cash-Transaction,25,LOW,LargeTransaction,"Transaction amount 13,881.66 UK pounds exceeds threshold of 8,000.00"
158,2026-05-07 12:48:53,9099928806,7050466687,6457.02,UK pounds,UK pounds,UK,UK,Debit card,0,,0,LOW,,
159,2026-05-07 12:48:54,4155741052,4057292713,4124.6,UK pounds,UK pounds,UK,UK,Debit card,0,,0,LOW,,
160,2026-05-07 12:48:55,7758268667,7778416970,7224.11,UK pounds,UK pounds,UK,UK,Debit card,1,Structuring/Smurfing,40,MEDIUM,Smurfing,"Smurfing: account '7758268667' made 3 transactions totalling 24,432.96 within 24h (each below 9,999.00 threshold)"
161,2026-05-07 12:48:55,9714134980,9803847813,2868.64,UK pounds,UK pounds,UK,UK,ACH,0,,0,LOW,,
162,2026-05-07 12:49:01,3023037899,5103043844,31389.07,UK pounds,Naira,UK,Nigeria,Cross-border,0,Large-Cash-Transaction,25,LOW,LargeTransaction,"Transaction amount 31,389.07 UK pounds exceeds threshold of 8,000.00"
163,2026-05-07 12:49:04,8952177221,6424463145,12729.22,UK pounds,UK pounds,UK,UK,Credit card,0,Large-Cash-Transaction,25,LOW,LargeTransaction,"Transaction amount 12,729.22 UK pounds exceeds threshold of 8,000.00"
164,2026-05-07 12:49:05,4045011140,5628674969,6956.64,UK pounds,UK pounds,UK,UK,Debit card,1,Structuring/Smurfing,40,MEDIUM,Smurfing,"Smurfing: account '4045011140' made 3 transactions totalling 20,832.06 within 24h (each below 9,999.00 threshold)"
165,2026-05-07 12:49:06,4475683920,5572385849,16.24,UK pounds,UK pounds,UK,UK,Cash Withdrawal,0,,0,LOW,,
166,2026-05-07 12:49:06,1945678182,9640003529,22930.71,UK pounds,UK pounds,UK,UK,Credit card,0,Large-Cash-Transaction,25,LOW,LargeTransaction,"Transaction amount 22,930.71 UK pounds exceeds threshold of 8,000.00"
167,2026-05-07 12:49:07,3711017685,5896180453,10993.2,UK pounds,UK pounds,UK,UK,Credit card,0,Large-Cash-Transaction,25,LOW,LargeTransaction,"Transaction amount 10,993.20 UK pounds exceeds threshold of 8,000.00"
168,2026-05-07 12:49:08,869649682,2534644942,8190.16,UK pounds,Euro,UK,France,Cross-border,1,Large-Cash-Transaction; Structuring/Smurfing,65,HIGH,LargeTransaction|Smurfing,"Transaction amount 8,190.16 UK pounds exceeds threshold of 8,000.00; Smurfing: account '869649682' made 3 transactions totalling 24,525.45 within 24h (each below 9,999.00 threshold)"
169,2026-05-07 12:49:10,4183388700,4833559967,590.28,UK pounds,UK pounds,UK,UK,ACH,0,,0,LOW,,
170,2026-05-07 12:49:11,2070714595,717639401,5559.31,UK pounds,UK pounds,UK,UK,Cash Deposit,0,,0,LOW,,
171,2026-05-07 12:49:11,1574021353,6945596182,10010.75,UK pounds,UK pounds,UK,UK,Credit card,0,Large-Cash-Transaction,25,LOW,LargeTransaction,"Transaction amount 10,010.75 UK pounds exceeds threshold of 8,000.00"
172,2026-05-07 12:49:14,5027255141,4270865741,6241.44,UK pounds,UK pounds,UK,UK,Credit card,1,Structuring/Smurfing,40,MEDIUM,Smurfing,"Smurfing: account '5027255141' made 3 transactions totalling 18,779.26 within 24h (each below 9,999.00 threshold)"
173,2026-05-07 12:49:15,1378784400,5224271258,16895.38,UK pounds,UK pounds,UK,UK,ACH,0,Large-Cash-Transaction,25,LOW,LargeTransaction,"Transaction amount 16,895.38 UK pounds exceeds threshold of 8,000.00"
174,2026-05-07 12:49:18,3312525901,6265371097,17847.49,UK pounds,UK pounds,UK,UK,Debit card,0,Large-Cash-Transaction,25,LOW,LargeTransaction,"Transaction amount 17,847.49 UK pounds exceeds threshold of 8,000.00"
175,2026-05-07 12:49:38,8572310683,5896180453,6083.95,UK pounds,UK pounds,UK,UK,ACH,1,Structuring/Smurfing,40,MEDIUM,Smurfing,"Smurfing: account '8572310683' made 3 transactions totalling 18,347.69 within 24h (each below 9,999.00 threshold)"
176,2026-05-07 12:49:40,1382513766,6444220418,8545.24,UK pounds,UK pounds,UK,UK,Debit card,0,Large-Cash-Transaction,25,LOW,LargeTransaction,"Transaction amount 8,545.24 UK pounds exceeds threshold of 8,000.00"
177,2026-05-07 12:49:41,3158538471,6698805571,369.69,UK pounds,UK pounds,UK,UK,Cheque,0,,0,LOW,,
178,2026-05-07 12:49:41,5343684154,6508588067,418.77,UK pounds,UK pounds,UK,UK,Credit card,0,,0,LOW,,
179,2026-05-07 12:49:43,2826317502,4270865741,4900.12,UK pounds,UK pounds,UK,UK,Cheque,1,Structuring/Smurfing,40,MEDIUM,Smurfing,"Smurfing: account '2826317502' made 3 transactions totalling 14,626.67 within 24h (each below 9,999.00 threshold)"
180,2026-05-07 12:49:46,7680300896,9392700144,2201.78,UK pounds,UK pounds,UK,UK,Cash Deposit,0,,0,LOW,,
181,2026-05-07 12:49:49,2547342518,8518184956,19927.95,UK pounds,UK pounds,UK,UK,ACH,0,Large-Cash-Transaction,25,LOW,LargeTransaction,"Transaction amount 19,927.95 UK pounds exceeds threshold of 8,000.00"
182,2026-05-07 12:49:50,9436897258,157935948,6019.1,UK pounds,Yen,UK,UK,Credit card,0,,0,LOW,,
183,2026-05-07 12:49:53,5869567125,8518184956,7005.56,UK pounds,UK pounds,UK,UK,ACH,0,,0,LOW,,
184,2026-05-07 12:49:57,354061740,219128841,9701.77,UK pounds,UK pounds,UK,UK,Cheque,0,Large-Cash-Transaction,25,LOW,LargeTransaction,"Transaction amount 9,701.77 UK pounds exceeds threshold of 8,000.00"
185,2026-05-07 12:49:58,826653192,1431561040,11337.76,UK pounds,UK pounds,UK,UK,ACH,0,Large-Cash-Transaction,25,LOW,LargeTransaction,"Transaction amount 11,337.76 UK pounds exceeds threshold of 8,000.00"
186,2026-05-07 12:50:00,6026526172,9232728841,1698.25,UK pounds,UK pounds,UK,UK,Debit card,0,,0,LOW,,
187,2026-05-07 12:50:01,9136318143,2138505015,7196.56,UK pounds,Dirham,UK,UAE,Cross-border,1,Structuring/Smurfing,40,MEDIUM,Smurfing,"Smurfing: account '9136318143' made 3 transactions totalling 21,630.00 within 24h (each below 9,999.00 threshold)"
188,2026-05-07 12:50:02,8456279067,3681770380,22181.23,UK pounds,UK pounds,UK,UK,Credit card,0,Large-Cash-Transaction,25,LOW,LargeTransaction,"Transaction amount 22,181.23 UK pounds exceeds threshold of 8,000.00"
189,2026-05-07 12:50:03,2369116599,4173195094,16341.35,UK pounds,UK pounds,UK,UK,Cheque,0,Large-Cash-Transaction,25,LOW,LargeTransaction,"Transaction amount 16,341.35 UK pounds exceeds threshold of 8,000.00"
190,2026-05-07 12:50:05,7548422007,4270865741,7678.96,UK pounds,UK pounds,UK,UK,Debit card,0,,0,LOW,,
191,2026-05-07 12:50:07,8237941067,9105769228,5873.92,UK pounds,UK pounds,UK,UK,ACH,0,,0,LOW,,
192,2026-05-07 12:50:13,2981525660,8895741494,2354.08,UK pounds,UK pounds,UK,UK,Cheque,0,,0,LOW,,
193,2026-05-07 12:50:16,3452368468,2111706195,14860.86,UK pounds,UK pounds,UK,UK,ACH,0,Large-Cash-Transaction,25,LOW,LargeTransaction,"Transaction amount 14,860.86 UK pounds exceeds threshold of 8,000.00"
194,2026-05-07 12:50:17,371458209,6070906973,430.62,UK pounds,UK pounds,UK,UK,Cheque,0,,0,LOW,,
195,2026-05-07 12:50:21,5460360634,5882500635,1838.14,UK pounds,UK pounds,UK,UK,ACH,0,,0,LOW,,
196,2026-05-07 12:50:23,4927310100,5384712251,1900.19,UK pounds,UK pounds,UK,UK,ACH,0,,0,LOW,,
197,2026-05-07 12:50:26,2136023308,2650600631,5952.12,UK pounds,UK pounds,UK,UK,ACH,0,,0,LOW,,
198,2026-05-07 12:50:26,4083626700,3531296156,22017.75,UK pounds,UK pounds,UK,UK,ACH,0,Large-Cash-Transaction,25,LOW,LargeTransaction,"Transaction amount 22,017.75 UK pounds exceeds threshold of 8,000.00"
199,2026-05-07 12:50:26,6514324496,3901789467,8966.39,UK pounds,UK pounds,UK,UK,Cheque,0,Large-Cash-Transaction,25,LOW,LargeTransaction,"Transaction amount 8,966.39 UK pounds exceeds threshold of 8,000.00"
200,2026-05-07 12:50:28,7423492101,8172080174,10947.67,UK pounds,UK pounds,UK,UK,Cheque,1,Large-Cash-Transaction; Layering,50,MEDIUM,LargeTransaction|Layering,"Transaction amount 10,947.67 UK pounds exceeds threshold of 8,000.00; Fan-in: receiver 8172080174 received from 4 distinct senders within 72h (chain amount: 49,572.83, threshold: 10,000.00)"
201,2026-05-07 12:50:29,6799939543,556871543,11378.9,UK pounds,UK pounds,UK,UK,ACH,0,Large-Cash-Transaction,25,LOW,LargeTransaction,"Transaction amount 11,378.90 UK pounds exceeds threshold of 8,000.00"
202,2026-05-07 12:50:31,5582784249,3240525083,56.8,UK pounds,UK pounds,UK,UK,Cash Withdrawal,0,,0,LOW,,
203,2026-05-07 12:50:32,5424728274,4336977506,5134.36,UK pounds,UK pounds,UK,UK,Debit card,1,Structuring/Smurfing,40,MEDIUM,Smurfing,"Smurfing: account '5424728274' made 3 transactions totalling 15,551.38 within 24h (each below 9,999.00 threshold)"
204,2026-05-07 12:50:35,8513630384,8401906350,492.34,UK pounds,UK pounds,UK,UK,Cheque,0,,0,LOW,,
205,2026-05-07 12:50:39,3310157274,2413756718,1222.64,UK pounds,UK pounds,UK,UK,ACH,0,,0,LOW,,
206,2026-05-07 12:50:41,4203072348,8715127537,1181.17,UK pounds,UK pounds,UK,UK,ACH,0,,0,LOW,,
207,2026-05-07 12:50:42,7122195351,147138958,11412.38,UK pounds,UK pounds,UK,UK,ACH,0,Large-Cash-Transaction,25,LOW,LargeTransaction,"Transaction amount 11,412.38 UK pounds exceeds threshold of 8,000.00"
208,2026-05-07 12:50:45,4899332114,6034997194,10122.56,UK pounds,UK pounds,UK,UK,ACH,0,Large-Cash-Transaction,25,LOW,LargeTransaction,"Transaction amount 10,122.56 UK pounds exceeds threshold of 8,000.00"
209,2026-05-07 12:50:45,5714926472,2534644942,5115.01,UK pounds,Euro,UK,France,Cross-border,1,Structuring/Smurfing,40,MEDIUM,Smurfing,"Smurfing: account '5714926472' made 3 transactions totalling 15,452.81 within 24h (each below 9,999.00 threshold)"
210,2026-05-07 12:50:48,4500376293,5816939465,15612.65,UK pounds,UK pounds,UK,UK,Credit card,0,Large-Cash-Transaction,25,LOW,LargeTransaction,"Transaction amount 15,612.65 UK pounds exceeds threshold of 8,000.00"
211,2026-05-07 12:50:52,5850804427,8126657622,6565.01,UK pounds,UK pounds,UK,UK,Debit card,0,,0,LOW,,
212,2026-05-07 12:50:53,6086421020,8785037379,8283.13,UK pounds,UK pounds,UK,UK,Credit card,1,Large-Cash-Transaction; Structuring/Smurfing,65,HIGH,LargeTransaction|Smurfing,"Transaction amount 8,283.13 UK pounds exceeds threshold of 8,000.00; Smurfing: account '6086421020' made 3 transactions totalling 20,814.16 within 24h (each below 9,999.00 threshold)"
213,2026-05-07 12:50:54,4121324384,114960068,8548.31,Euro,Dirham,Spain,UAE,Cross-border,1,Structuring/Smurfing,40,MEDIUM,Smurfing,"Smurfing: account '4121324384' made 3 transactions totalling 23,575.00 within 24h (each below 9,999.00 threshold)"
214,2026-05-07 12:50:54,9734083970,7428731807,5018.01,UK pounds,UK pounds,UK,UK,Credit card,1,Structuring/Smurfing,40,MEDIUM,Smurfing,"Smurfing: account '9734083970' made 3 transactions totalling 20,070.90 within 24h (each below 9,999.00 threshold)"
215,2026-05-07 12:50:54,9529928225,4173195094,6532.35,UK pounds,UK pounds,UK,UK,Cheque,0,,0,LOW,,
216,2026-05-07 12:50:55,1426850668,3350955567,3008.31,UK pounds,UK pounds,UK,UK,Cheque,0,,0,LOW,,
217,2026-05-07 12:50:55,4192345805,8122269390,207.27,UK pounds,UK pounds,UK,UK,Cash Withdrawal,0,,0,LOW,,
218,2026-05-07 12:51:00,4737118318,6281764313,1153.4,UK pounds,UK pounds,UK,UK,Credit card,0,,0,LOW,,
219,2026-05-07 12:51:01,5894944078,6809988965,5264.91,UK pounds,UK pounds,UK,UK,ACH,0,,0,LOW,,
220,2026-05-07 12:51:05,2505275986,1309177624,227.12,UK pounds,UK pounds,UK,UK,ACH,0,,0,LOW,,
221,2026-05-07 12:51:05,7707810729,8246020125,384.92,UK pounds,UK pounds,UK,UK,ACH,0,,0,LOW,,
222,2026-05-07 12:51:17,3614082527,1732858296,9330.35,UK pounds,UK pounds,UK,UK,Cheque,1,Large-Cash-Transaction; Structuring/Smurfing,65,HIGH,LargeTransaction|Smurfing,"Transaction amount 9,330.35 UK pounds exceeds threshold of 8,000.00; Smurfing: account '3614082527' made 3 transactions totalling 25,965.37 within 24h (each below 9,999.00 threshold)"
223,2026-05-07 12:51:19,9028283018,4929206320,4297.25,UK pounds,UK pounds,UK,UK,Credit card,0,,0,LOW,,
224,2026-05-07 12:51:20,6979197118,7218000124,24300.77,UK pounds,UK pounds,UK,UK,ACH,0,Large-Cash-Transaction,25,LOW,LargeTransaction,"Transaction amount 24,300.77 UK pounds exceeds threshold of 8,000.00"
225,2026-05-07 12:51:22,1163488941,6968888001,1542.25,UK pounds,UK pounds,UK,UK,Credit card,0,,0,LOW,,
226,2026-05-07 12:51:24,2567778405,2023751762,1055.52,UK pounds,UK pounds,UK,UK,Credit card,0,,0,LOW,,
227,2026-05-07 12:51:24,7561269221,1593542958,1472.15,UK pounds,UK pounds,UK,UK,Credit card,0,,0,LOW,,
228,2026-05-07 12:51:25,1653637336,646897776,343.71,UK pounds,UK pounds,UK,UK,ACH,0,,0,LOW,,
229,2026-05-07 12:51:25,6086421020,3819548816,4770.18,UK pounds,UK pounds,UK,UK,Cheque,1,Structuring/Smurfing,40,MEDIUM,Smurfing,"Smurfing: account '6086421020' made 3 transactions totalling 20,814.16 within 24h (each below 9,999.00 threshold)"
230,2026-05-07 12:51:27,9821473719,7911838705,3786.07,UK pounds,UK pounds,UK,UK,Cheque,0,,0,LOW,,
231,2026-05-07 12:51:33,1078784207,8673917867,8660.55,UK pounds,UK pounds,UK,UK,Credit card,1,Large-Cash-Transaction; Layering,50,MEDIUM,LargeTransaction|Layering,"Transaction amount 8,660.55 UK pounds exceeds threshold of 8,000.00; Fan-in: receiver 8673917867 received from 4 distinct senders within 72h (chain amount: 31,782.84, threshold: 10,000.00)"
232,2026-05-07 12:51:35,420570262,5103043844,6035.63,UK pounds,Naira,UK,Nigeria,Cross-border,0,,0,LOW,,
233,2026-05-07 12:51:38,8053683950,6522784509,6187.7,UK pounds,UK pounds,UK,UK,Credit card,1,Structuring/Smurfing,40,MEDIUM,Smurfing,"Smurfing: account '8053683950' made 3 transactions totalling 18,219.57 within 24h (each below 9,999.00 threshold)"
234,2026-05-07 12:51:39,5293966138,3079818547,14536.13,UK pounds,UK pounds,UK,UK,Debit card,0,Large-Cash-Transaction,25,LOW,LargeTransaction,"Transaction amount 14,536.13 UK pounds exceeds threshold of 8,000.00"
235,2026-05-07 12:51:44,6472339869,2317222461,391.91,UK pounds,UK pounds,UK,UK,Cheque,0,,0,LOW,,
236,2026-05-07 12:51:46,8137373839,4660574028,1774.85,UK pounds,UK pounds,UK,UK,Credit card,0,,0,LOW,,
237,2026-05-07 12:51:46,5937469545,1924386173,3732.84,UK pounds,UK pounds,UK,UK,Credit card,0,,0,LOW,,
238,2026-05-07 12:51:49,3546760302,4858692308,4977.61,UK pounds,UK pounds,UK,UK,Cheque,0,,0,LOW,,
239,2026-05-07 12:51:54,1378784400,8617902721,6244.78,UK pounds,UK pounds,UK,UK,Cheque,1,Structuring/Smurfing,40,MEDIUM,Smurfing,"Smurfing: account '1378784400' made 3 transactions totalling 21,400.63 within 24h (each below 9,999.00 threshold)"
240,2026-05-07 12:51:54,3871091716,7364302135,207.31,UK pounds,UK pounds,UK,UK,Cash Withdrawal,0,,0,LOW,,
241,2026-05-07 12:51:59,7983236375,9731460197,9946.02,UK pounds,UK pounds,UK,UK,Credit card,0,Large-Cash-Transaction,25,LOW,LargeTransaction,"Transaction amount 9,946.02 UK pounds exceeds threshold of 8,000.00"
242,2026-05-07 12:51:59,9366381483,8782574328,589.56,UK pounds,UK pounds,UK,UK,Debit card,0,,0,LOW,,
243,2026-05-07 12:52:04,5702595560,8094758519,1987.74,UK pounds,UK pounds,UK,UK,Debit card,0,,0,LOW,,
244,2026-05-07 12:52:11,3452368468,7131477851,5219.53,UK pounds,UK pounds,UK,UK,Debit card,1,Structuring/Smurfing,40,MEDIUM,Smurfing,"Smurfing: account '3452368468' made 3 transactions totalling 16,467.50 within 24h (each below 9,999.00 threshold)"
245,2026-05-07 12:52:14,9299398344,8895096015,213.08,UK pounds,UK pounds,UK,UK,Cash Withdrawal,0,,0,LOW,,
246,2026-05-07 12:52:21,759950748,7523088692,701.89,Euro,UK pounds,Austria,UK,Cross-border,0,Fan-Out/Money-Mule,20,LOW,RapidMovement,"RapidMovement: account '7523088692' received 701.89 then re-sent 1,049.83 (149.6%) within 24h"
247,2026-05-07 12:52:22,9870356578,2127593684,196.57,UK pounds,UK pounds,UK,UK,ACH,0,,0,LOW,,
248,2026-05-07 12:52:28,9734083970,2792106785,7820.55,UK pounds,UK pounds,UK,UK,Credit card,1,Structuring/Smurfing,40,MEDIUM,Smurfing,"Smurfing: account '9734083970' made 3 transactions totalling 20,070.90 within 24h (each below 9,999.00 threshold)"
249,2026-05-07 12:52:30,6405814883,1248761149,2892.13,UK pounds,UK pounds,UK,UK,Credit card,0,,0,LOW,,
250,2026-05-07 12:52:30,9266866834,9557126380,137.07,UK pounds,UK pounds,UK,UK,Cash Withdrawal,0,,0,LOW,,
251,2026-05-07 12:52:34,3510078932,8722924810,8049.53,UK pounds,Albanian lek,UK,Albania,Cross-border,1,Large-Cash-Transaction; Structuring/Smurfing,65,HIGH,LargeTransaction|Smurfing,"Transaction amount 8,049.53 UK pounds exceeds threshold of 8,000.00; Smurfing: account '3510078932' made 3 transactions totalling 19,364.08 within 24h (each below 9,999.00 threshold)"
252,2026-05-07 12:52:35,6404844146,5628674969,6578.11,UK pounds,UK pounds,UK,UK,ACH,1,Structuring/Smurfing,40,MEDIUM,Smurfing,"Smurfing: account '6404844146' made 3 transactions totalling 19,925.38 within 24h (each below 9,999.00 threshold)"
253,2026-05-07 12:52:37,6405814883,4250513480,1833.84,UK pounds,UK pounds,UK,UK,Cheque,0,,0,LOW,,
254,2026-05-07 12:52:41,3905907712,6432210990,1575.78,UK pounds,UK pounds,UK,UK,Cheque,0,,0,LOW,,
255,2026-05-07 12:52:42,6954695719,1044407325,10060.98,UK pounds,UK pounds,UK,UK,Cheque,0,Large-Cash-Transaction,25,LOW,LargeTransaction,"Transaction amount 10,060.98 UK pounds exceeds threshold of 8,000.00"
256,2026-05-07 12:52:44,3504832350,3695545812,4737.81,UK pounds,UK pounds,UK,UK,Credit card,0,,0,LOW,,
257,2026-05-07 12:52:47,6411476316,8352571580,9764.51,UK pounds,UK pounds,UK,UK,ACH,1,Large-Cash-Transaction; Structuring/Smurfing,65,HIGH,LargeTransaction|Smurfing,"Transaction amount 9,764.51 UK pounds exceeds threshold of 8,000.00; Smurfing: account '6411476316' made 3 transactions totalling 29,366.94 within 24h (each below 9,999.00 threshold)"
258,2026-05-07 12:52:50,4106833178,1695584314,1729.41,UK pounds,UK pounds,UK,UK,Cheque,0,,0,LOW,,
259,2026-05-07 12:52:52,7669236826,5112224952,9694.87,UK pounds,UK pounds,UK,UK,Cheque,1,Large-Cash-Transaction; Structuring/Smurfing,65,HIGH,LargeTransaction|Smurfing,"Transaction amount 9,694.87 UK pounds exceeds threshold of 8,000.00; Smurfing: account '7669236826' made 3 transactions totalling 21,833.01 within 24h (each below 9,999.00 threshold)"
260,2026-05-07 12:52:58,2348186221,2886346673,6046.88,UK pounds,UK pounds,UK,UK,ACH,0,,0,LOW,,
261,2026-05-07 12:52:59,9658628699,3695545812,12137.6,UK pounds,UK pounds,UK,UK,Cheque,0,Large-Cash-Transaction,25,LOW,LargeTransaction,"Transaction amount 12,137.60 UK pounds exceeds threshold of 8,000.00"
262,2026-05-07 12:53:04,7307153455,7757911427,869.54,UK pounds,UK pounds,UK,UK,Credit card,0,,0,LOW,,
263,2026-05-07 12:53:04,4390278719,8172080174,25508.09,UK pounds,UK pounds,UK,UK,ACH,1,Large-Cash-Transaction; Layering,50,MEDIUM,LargeTransaction|Layering,"Transaction amount 25,508.09 UK pounds exceeds threshold of 8,000.00; Fan-in: receiver 8172080174 received from 4 distinct senders within 72h (chain amount: 49,572.83, threshold: 10,000.00)"
264,2026-05-07 12:53:10,4890175716,5057380538,478.49,UK pounds,UK pounds,UK,UK,Credit card,0,,0,LOW,,
265,2026-05-07 12:53:11,3491306657,3661346932,310.04,UK pounds,UK pounds,UK,UK,Cash Withdrawal,0,,0,LOW,,
266,2026-05-07 12:53:13,5774648533,7892884492,10972.59,UK pounds,US dollar,UK,USA,Cross-border,0,Large-Cash-Transaction,25,LOW,LargeTransaction,"Transaction amount 10,972.59 UK pounds exceeds threshold of 8,000.00"
267,2026-05-07 12:53:17,465072092,3330832813,1083.58,UK pounds,UK pounds,UK,UK,Cash Deposit,0,,0,LOW,,
268,2026-05-07 12:53:18,4677082047,8706047954,1359.63,UK pounds,UK pounds,UK,UK,Cash Deposit,0,,0,LOW,,
269,2026-05-07 12:53:18,3465671884,6034997194,5837.65,UK pounds,UK pounds,UK,UK,Debit card,1,Structuring/Smurfing,40,MEDIUM,Smurfing,"Smurfing: account '3465671884' made 3 transactions totalling 17,550.74 within 24h (each below 9,999.00 threshold)"
270,2026-05-07 12:53:18,8686443013,3695545812,8212.4,UK pounds,Euro,UK,UK,Debit card,0,Large-Cash-Transaction,25,LOW,LargeTransaction,"Transaction amount 8,212.40 UK pounds exceeds threshold of 8,000.00"
271,2026-05-07 12:53:19,4636265179,7818457449,619.35,Albanian lek,UK pounds,UK,UK,Cheque,0,,0,LOW,,
272,2026-05-07 12:53:23,8952177221,4269977194,7451.12,UK pounds,UK pounds,UK,UK,Cheque,1,Structuring/Smurfing,40,MEDIUM,Smurfing,"Smurfing: account '8952177221' made 3 transactions totalling 22,623.06 within 24h (each below 9,999.00 threshold)"
273,2026-05-07 12:53:23,1706196950,3695545812,4876.73,UK pounds,UK pounds,UK,UK,Debit card,1,Structuring/Smurfing,40,MEDIUM,Smurfing,"Smurfing: account '1706196950' made 3 transactions totalling 14,665.04 within 24h (each below 9,999.00 threshold)"
274,2026-05-07 12:53:26,997621089,9722801226,8040.71,UK pounds,UK pounds,UK,UK,ACH,0,Large-Cash-Transaction,25,LOW,LargeTransaction,"Transaction amount 8,040.71 UK pounds exceeds threshold of 8,000.00"
275,2026-05-07 12:53:27,6162333930,2750271635,10351.83,UK pounds,UK pounds,UK,UK,Debit card,0,Large-Cash-Transaction,25,LOW,LargeTransaction,"Transaction amount 10,351.83 UK pounds exceeds threshold of 8,000.00"
276,2026-05-07 12:53:28,3944744151,4884600118,625.17,UK pounds,UK pounds,UK,UK,ACH,0,,0,LOW,,
277,2026-05-07 12:53:33,7618340734,7129601367,1483.17,UK pounds,UK pounds,UK,UK,Debit card,0,,0,LOW,,
278,2026-05-07 12:53:37,8730244405,7080357663,6687.57,UK pounds,UK pounds,UK,UK,Cheque,1,Structuring/Smurfing,40,MEDIUM,Smurfing,"Smurfing: account '8730244405' made 3 transactions totalling 20,133.83 within 24h (each below 9,999.00 threshold)"
279,2026-05-07 12:53:40,5931916555,1086488027,460.88,UK pounds,UK pounds,UK,UK,Cheque,0,,0,LOW,,
280,2026-05-07 12:53:47,3872480644,7194488615,238.44,UK pounds,UK pounds,UK,UK,Cash Withdrawal,0,,0,LOW,,
281,2026-05-07 12:53:50,3954481733,1310453715,7934.0,UK pounds,UK pounds,UK,UK,Cheque,0,,0,LOW,,
282,2026-05-07 12:53:52,6320582455,8673917867,8447.13,UK pounds,UK pounds,UK,UK,Debit card,1,Large-Cash-Transaction; Layering,50,MEDIUM,LargeTransaction|Layering,"Transaction amount 8,447.13 UK pounds exceeds threshold of 8,000.00; Fan-in: receiver 8673917867 received from 4 distinct senders within 72h (chain amount: 31,782.84, threshold: 10,000.00)"
283,2026-05-07 12:53:53,2812099632,3372935605,57.67,UK pounds,UK pounds,UK,UK,Cheque,0,,0,LOW,,
284,2026-05-07 12:53:55,5452687367,6444220418,8283.28,UK pounds,UK pounds,UK,UK,Debit card,1,Large-Cash-Transaction; Structuring/Smurfing,65,HIGH,LargeTransaction|Smurfing,"Transaction amount 8,283.28 UK pounds exceeds threshold of 8,000.00; Smurfing: account '5452687367' made 3 transactions totalling 24,817.75 within 24h (each below 9,999.00 threshold)"
285,2026-05-07 12:53:55,6681240712,18772233,3359.58,UK pounds,UK pounds,UK,UK,Credit card,0,,0,LOW,,
286,2026-05-07 12:54:00,8952177221,901136288,7167.36,UK pounds,UK pounds,UK,UK,Debit card,1,Structuring/Smurfing,40,MEDIUM,Smurfing,"Smurfing: account '8952177221' made 3 transactions totalling 22,623.06 within 24h (each below 9,999.00 threshold)"
287,2026-05-07 12:54:01,8730244405,7080357663,6721.08,UK pounds,UK pounds,UK,UK,ACH,1,Structuring/Smurfing,40,MEDIUM,Smurfing,"Smurfing: account '8730244405' made 3 transactions totalling 20,133.83 within 24h (each below 9,999.00 threshold)"
288,2026-05-07 12:54:08,2285885463,7097759463,8517.33,UK pounds,UK pounds,UK,UK,ACH,0,Large-Cash-Transaction,25,LOW,LargeTransaction,"Transaction amount 8,517.33 UK pounds exceeds threshold of 8,000.00"
289,2026-05-07 12:54:08,8952177221,6404529552,7759.91,UK pounds,UK pounds,UK,UK,Cheque,1,Structuring/Smurfing,40,MEDIUM,Smurfing,"Smurfing: account '8952177221' made 4 transactions totalling 30,382.97 within 24h (each below 9,999.00 threshold)"
290,2026-05-07 12:54:12,8221216438,5541000761,2390.11,UK pounds,UK pounds,UK,UK,ACH,0,,0,LOW,,
291,2026-05-07 12:54:14,9021870555,3695545812,6213.37,UK pounds,UK pounds,UK,UK,Cheque,1,Structuring/Smurfing,40,MEDIUM,Smurfing,"Smurfing: account '9021870555' made 3 transactions totalling 18,610.57 within 24h (each below 9,999.00 threshold)"
292,2026-05-07 12:54:17,6541552727,5393260130,8147.15,UK pounds,Swiss franc,UK,Switzerland,Cross-border,1,Large-Cash-Transaction; Structuring/Smurfing,65,HIGH,LargeTransaction|Smurfing,"Transaction amount 8,147.15 UK pounds exceeds threshold of 8,000.00; Smurfing: account '6541552727' made 3 transactions totalling 22,868.03 within 24h (each below 9,999.00 threshold)"
293,2026-05-07 12:54:20,1661670709,2397551309,3854.49,UK pounds,UK pounds,UK,UK,ACH,0,,0,LOW,,
294,2026-05-07 12:54:20,7570225629,1493436023,4334.85,UK pounds,UK pounds,UK,UK,Credit card,0,,0,LOW,,
295,2026-05-07 12:54:26,9625477861,1971013437,5068.68,UK pounds,UK pounds,UK,UK,Cheque,0,,0,LOW,,
296,2026-05-07 12:54:27,3329586066,3086341355,3253.56,UK pounds,Indian rupee,UK,India,Cross-border,0,,0,LOW,,
297,2026-05-07 12:54:28,9059255367,1348012821,2946.23,UK pounds,UK pounds,UK,UK,ACH,0,,0,LOW,,
298,2026-05-07 12:54:34,8535945311,4672005977,1470.81,UK pounds,UK pounds,UK,UK,Cash Deposit,0,,0,LOW,,
299,2026-05-07 12:54:38,7877700106,2534644942,25412.46,Albanian lek,Euro,UK,France,Cross-border,0,Large-Cash-Transaction,25,LOW,LargeTransaction,"Transaction amount 25,412.46 Albanian lek exceeds threshold of 10,000.00"
300,2026-05-07 12:54:39,3977956775,5363117119,9667.21,UK pounds,UK pounds,UK,UK,Credit card,0,Large-Cash-Transaction,25,LOW,LargeTransaction,"Transaction amount 9,667.21 UK pounds exceeds threshold of 8,000.00"
301,2026-05-07 12:54:40,675669049,4348868412,7285.78,UK pounds,UK pounds,UK,UK,Cheque,1,Structuring/Smurfing,40,MEDIUM,Smurfing,"Smurfing: account '675669049' made 3 transactions totalling 18,052.81 within 24h (each below 9,999.00 threshold)"
302,2026-05-07 12:54:40,2026460892,4582379021,101.8,UK pounds,UK pounds,UK,UK,Debit card,0,,0,LOW,,
303,2026-05-07 12:54:41,7474909535,4684121457,86.76,UK pounds,Dirham,UK,UK,Debit card,0,,0,LOW,,
304,2026-05-07 12:54:43,2227139280,1424693007,12857.64,UK pounds,UK pounds,UK,UK,ACH,1,Large-Cash-Transaction; Fan-Out/Money-Mule,45,MEDIUM,LargeTransaction|RapidMovement,"Transaction amount 12,857.64 UK pounds exceeds threshold of 8,000.00; RapidMovement: account '1424693007' received 12,857.64 then re-sent 14,077.66 (109.5%) within 24h"
305,2026-05-07 12:54:49,1381060944,1322542482,456.38,UK pounds,UK pounds,UK,UK,Cheque,0,,0,LOW,,
306,2026-05-07 12:54:50,6225074603,3220735304,14416.75,UK pounds,UK pounds,UK,UK,Cheque,0,Large-Cash-Transaction,25,LOW,LargeTransaction,"Transaction amount 14,416.75 UK pounds exceeds threshold of 8,000.00"
307,2026-05-07 12:54:50,3510078932,2683968729,23204.75,Yen,UK pounds,UK,UK,Credit card,0,Large-Cash-Transaction,25,LOW,LargeTransaction,"Transaction amount 23,204.75 Yen exceeds threshold of 10,000.00"
308,2026-05-07 12:54:51,5946484518,9600420260,17583.1,UK pounds,UK pounds,UK,UK,Cheque,0,Large-Cash-Transaction,25,LOW,LargeTransaction,"Transaction amount 17,583.10 UK pounds exceeds threshold of 8,000.00"
309,2026-05-07 12:54:52,2412955813,5103043844,42372.24,UK pounds,Naira,UK,Nigeria,Cross-border,0,Large-Cash-Transaction,25,LOW,LargeTransaction,"Transaction amount 42,372.24 UK pounds exceeds threshold of 8,000.00"
310,2026-05-07 12:54:52,4308900521,7787085852,2699.02,UK pounds,UK pounds,UK,UK,Credit card,0,,0,LOW,,
311,2026-05-07 12:54:54,8053683950,6522784509,6024.1,UK pounds,UK pounds,UK,UK,Cheque,1,Structuring/Smurfing,40,MEDIUM,Smurfing,"Smurfing: account '8053683950' made 3 transactions totalling 18,219.57 within 24h (each below 9,999.00 threshold)"
312,2026-05-07 12:54:54,8350272799,8298596636,1174.26,UK pounds,UK pounds,UK,UK,ACH,0,,0,LOW,,
313,2026-05-07 12:54:57,6017583380,540966878,4812.92,UK pounds,UK pounds,UK,UK,Credit card,0,,0,LOW,,
314,2026-05-07 12:54:57,7501327339,8617863283,5894.68,UK pounds,UK pounds,UK,UK,Debit card,1,Structuring/Smurfing,40,MEDIUM,Smurfing,"Smurfing: account '7501327339' made 3 transactions totalling 21,104.40 within 24h (each below 9,999.00 threshold)"
315,2026-05-07 12:55:00,3835880796,1808407957,7413.17,UK pounds,UK pounds,UK,UK,Credit card,0,,0,LOW,,
316,2026-05-07 12:55:02,5632388235,8290285433,1660.23,UK pounds,UK pounds,UK,UK,Cash Deposit,0,,0,LOW,,
317,2026-05-07 12:55:04,5396748228,9105769228,25055.84,UK pounds,UK pounds,UK,UK,ACH,0,Large-Cash-Transaction,25,LOW,LargeTransaction,"Transaction amount 25,055.84 UK pounds exceeds threshold of 8,000.00"
318,2026-05-07 12:55:05,5470113126,3661025271,8748.05,Euro,UK pounds,Italy,UK,Cross-border,0,,0,LOW,,
319,2026-05-07 12:55:05,7474613980,8352571580,11873.68,UK pounds,UK pounds,UK,UK,Cheque,0,Large-Cash-Transaction,25,LOW,LargeTransaction,"Transaction amount 11,873.68 UK pounds exceeds threshold of 8,000.00"
320,2026-05-07 12:55:07,1838750007,7143620325,1998.01,UK pounds,UK pounds,UK,UK,Debit card,0,,0,LOW,,
321,2026-05-07 12:55:09,8456279067,330109509,11352.18,UK pounds,UK pounds,UK,UK,ACH,0,Large-Cash-Transaction,25,LOW,LargeTransaction,"Transaction amount 11,352.18 UK pounds exceeds threshold of 8,000.00"
322,2026-05-07 12:55:11,1168600456,4822369018,3110.5,UK pounds,UK pounds,UK,UK,ACH,0,,0,LOW,,
323,2026-05-07 12:55:14,4423318738,5431755091,3076.1,UK pounds,UK pounds,UK,UK,Credit card,0,,0,LOW,,
324,2026-05-07 12:55:18,3510078932,360722730,10262.32,UK pounds,UK pounds,UK,UK,Credit card,0,Large-Cash-Transaction,25,LOW,LargeTransaction,"Transaction amount 10,262.32 UK pounds exceeds threshold of 8,000.00"
325,2026-05-07 12:55:19,5774648533,7892884492,11025.22,UK pounds,US dollar,UK,USA,Cross-border,0,Large-Cash-Transaction,25,LOW,LargeTransaction,"Transaction amount 11,025.22 UK pounds exceeds threshold of 8,000.00"
326,2026-05-07 12:55:25,3015237774,1791681033,434.3,UK pounds,UK pounds,UK,UK,Cheque,0,,0,LOW,,
327,2026-05-07 12:55:30,675669049,4898116032,12132.43,UK pounds,UK pounds,UK,UK,Credit card,0,Large-Cash-Transaction,25,LOW,LargeTransaction,"Transaction amount 12,132.43 UK pounds exceeds threshold of 8,000.00"
328,2026-05-07 12:55:34,4082552798,4173195094,11938.18,UK pounds,UK pounds,UK,UK,ACH,0,Large-Cash-Transaction,25,LOW,LargeTransaction,"Transaction amount 11,938.18 UK pounds exceeds threshold of 8,000.00"
329,2026-05-07 12:55:37,1307833471,3826795727,2591.95,UK pounds,UK pounds,UK,UK,Cash Deposit,0,,0,LOW,,
330,2026-05-07 12:55:39,7556874867,8092477684,15332.35,UK pounds,Euro,UK,France,Cross-border,0,Large-Cash-Transaction,25,LOW,LargeTransaction,"Transaction amount 15,332.35 UK pounds exceeds threshold of 8,000.00"
331,2026-05-07 12:55:40,6953025430,8540332707,4867.35,UK pounds,US dollar,UK,USA,Cross-border,0,,0,LOW,,
332,2026-05-07 12:55:46,1394177372,1465487567,11566.5,UK pounds,UK pounds,UK,UK,Cheque,1,Large-Cash-Transaction; Layering,50,MEDIUM,LargeTransaction|Layering,"Transaction amount 11,566.50 UK pounds exceeds threshold of 8,000.00; Fan-in: receiver 1465487567 received from 5 distinct senders within 72h (chain amount: 58,905.29, threshold: 10,000.00)"
333,2026-05-07 12:55:46,5511940809,1400243933,7365.27,UK pounds,UK pounds,UK,UK,Debit card,0,,0,LOW,,
334,2026-05-07 12:55:49,5495088244,6223365730,6180.6,UK pounds,UK pounds,UK,UK,Credit card,1,Structuring/Smurfing,40,MEDIUM,Smurfing,"Smurfing: account '5495088244' made 3 transactions totalling 18,613.26 within 24h (each below 9,999.00 threshold)"
335,2026-05-07 12:55:50,6116657264,144438037,5746.56,UK pounds,UK pounds,UK,UK,ACH,1,Structuring/Smurfing,40,MEDIUM,Smurfing,"Smurfing: account '6116657264' made 3 transactions totalling 17,658.56 within 24h (each below 9,999.00 threshold)"
336,2026-05-07 12:55:51,3806252141,4082343832,1000.26,UK pounds,UK pounds,UK,UK,Credit card,0,,0,LOW,,
337,2026-05-07 12:55:53,1915450576,4706175310,6505.37,UK pounds,UK pounds,UK,UK,ACH,1,Structuring/Smurfing,40,MEDIUM,Smurfing,"Smurfing: account '1915450576' made 3 transactions totalling 18,241.06 within 24h (each below 9,999.00 threshold)"
338,2026-05-07 12:55:53,3231840762,1343544646,2051.7,UK pounds,UK pounds,UK,UK,Debit card,0,,0,LOW,,
339,2026-05-07 12:55:54,9599009457,835931677,15565.86,UK pounds,UK pounds,UK,UK,ACH,0,Large-Cash-Transaction,25,LOW,LargeTransaction,"Transaction amount 15,565.86 UK pounds exceeds threshold of 8,000.00"
340,2026-05-07 12:55:58,6619905829,3381813969,4362.28,UK pounds,UK pounds,UK,UK,Credit card,0,,0,LOW,,
341,2026-05-07 12:55:59,390418862,5281798118,142.96,UK pounds,UK pounds,UK,UK,Debit card,0,,0,LOW,,
342,2026-05-07 12:56:01,8111221672,4369320829,1898.88,UK pounds,UK pounds,UK,UK,ACH,0,,0,LOW,,
343,2026-05-07 12:56:02,9165589838,435895382,2731.0,UK pounds,UK pounds,UK,UK,Debit card,0,,0,LOW,,
344,2026-05-07 12:56:03,8053683950,6522784509,6007.77,UK pounds,UK pounds,UK,UK,ACH,1,Structuring/Smurfing,40,MEDIUM,Smurfing,"Smurfing: account '8053683950' made 3 transactions totalling 18,219.57 within 24h (each below 9,999.00 threshold)"
345,2026-05-07 12:56:03,7354607928,3880087226,1612.78,UK pounds,UK pounds,UK,UK,Cash Deposit,0,,0,LOW,,
346,2026-05-07 12:56:04,3452368468,8619713223,14217.58,UK pounds,UK pounds,UK,UK,Debit card,0,Large-Cash-Transaction,25,LOW,LargeTransaction,"Transaction amount 14,217.58 UK pounds exceeds threshold of 8,000.00"
347,2026-05-07 12:56:08,9762796943,1493436023,7918.87,UK pounds,UK pounds,UK,UK,ACH,1,Structuring/Smurfing,40,MEDIUM,Smurfing,"Smurfing: account '9762796943' made 3 transactions totalling 23,718.64 within 24h (each below 9,999.00 threshold)"
348,2026-05-07 12:56:14,6352659975,8548102881,182658.83,UK pounds,UK pounds,UK,UK,Debit card,0,Large-Cash-Transaction,25,LOW,LargeTransaction,"Transaction amount 182,658.83 UK pounds exceeds threshold of 8,000.00"
349,2026-05-07 12:56:18,1613060776,7080357663,7553.22,UK pounds,UK pounds,UK,UK,Debit card,1,Structuring/Smurfing,40,MEDIUM,Smurfing,"Smurfing: account '1613060776' made 3 transactions totalling 22,716.61 within 24h (each below 9,999.00 threshold)"
350,2026-05-07 12:56:18,7390066805,920246585,366.88,UK pounds,UK pounds,UK,UK,Credit card,0,,0,LOW,,
351,2026-05-07 12:56:23,4242394387,2009776785,7426.88,UK pounds,UK pounds,UK,UK,ACH,0,,0,LOW,,
352,2026-05-07 12:56:24,7348593047,9513914132,2282.95,UK pounds,UK pounds,UK,UK,Credit card,0,,0,LOW,,
353,2026-05-07 12:56:24,7758268667,8992041252,7520.93,UK pounds,UK pounds,UK,UK,Debit card,1,Structuring/Smurfing,40,MEDIUM,Smurfing,"Smurfing: account '7758268667' made 3 transactions totalling 24,432.96 within 24h (each below 9,999.00 threshold)"
354,2026-05-07 12:56:25,9508047658,9628737349,625.52,UK pounds,UK pounds,UK,UK,Cheque,0,,0,LOW,,
355,2026-05-07 12:56:27,1071685840,4176313875,374.19,UK pounds,UK pounds,UK,UK,ACH,0,,0,LOW,,
356,2026-05-07 12:56:29,951146789,571729886,2098.3,UK pounds,UK pounds,UK,UK,Cash Deposit,0,,0,LOW,,
357,2026-05-07 12:56:29,5255009295,4293580479,18451.21,UK pounds,UK pounds,UK,UK,ACH,0,Large-Cash-Transaction,25,LOW,LargeTransaction,"Transaction amount 18,451.21 UK pounds exceeds threshold of 8,000.00"
358,2026-05-07 12:56:32,5394366345,6925779943,391.05,UK pounds,UK pounds,UK,UK,Credit card,0,,0,LOW,,
359,2026-05-07 12:56:35,3168051873,7221383296,10130.85,UK pounds,UK pounds,UK,UK,ACH,0,Large-Cash-Transaction,25,LOW,LargeTransaction,"Transaction amount 10,130.85 UK pounds exceeds threshold of 8,000.00"
360,2026-05-07 12:56:37,9553438593,7963654837,10083.24,UK pounds,UK pounds,UK,UK,Debit card,0,Large-Cash-Transaction,25,LOW,LargeTransaction,"Transaction amount 10,083.24 UK pounds exceeds threshold of 8,000.00"
361,2026-05-07 12:56:38,9834835348,1494141718,9370.52,UK pounds,UK pounds,UK,UK,ACH,0,Large-Cash-Transaction,25,LOW,LargeTransaction,"Transaction amount 9,370.52 UK pounds exceeds threshold of 8,000.00"
362,2026-05-07 12:56:38,6722287675,8322489427,4951.43,UK pounds,UK pounds,UK,UK,Credit card,0,,0,LOW,,
363,2026-05-07 12:56:42,7977273130,5108832090,16744.06,UK pounds,UK pounds,UK,UK,Credit card,0,Large-Cash-Transaction,25,LOW,LargeTransaction,"Transaction amount 16,744.06 UK pounds exceeds threshold of 8,000.00"
364,2026-05-07 12:56:44,8813806690,5708936901,10106.07,UK pounds,UK pounds,UK,UK,Credit card,0,Large-Cash-Transaction,25,LOW,LargeTransaction,"Transaction amount 10,106.07 UK pounds exceeds threshold of 8,000.00"
365,2026-05-07 12:56:45,257204020,562174035,2392.86,UK pounds,UK pounds,UK,UK,Cheque,0,,0,LOW,,
366,2026-05-07 12:56:45,9262436552,9353206255,267.38,Euro,UK pounds,UK,UK,ACH,0,,0,LOW,,
367,2026-05-07 12:56:48,3543840971,2560293621,2857.36,UK pounds,UK pounds,UK,UK,ACH,0,,0,LOW,,
368,2026-05-07 12:56:50,3221983588,1336239843,14252.36,UK pounds,UK pounds,UK,UK,ACH,0,Large-Cash-Transaction,25,LOW,LargeTransaction,"Transaction amount 14,252.36 UK pounds exceeds threshold of 8,000.00"
369,2026-05-07 12:56:51,942349529,8518184956,6911.18,UK pounds,UK pounds,UK,UK,Cheque,1,Structuring/Smurfing,40,MEDIUM,Smurfing,"Smurfing: account '942349529' made 3 transactions totalling 20,814.07 within 24h (each below 9,999.00 threshold)"
370,2026-05-07 12:56:51,324234020,1928640729,4436.49,UK pounds,UK pounds,UK,UK,ACH,0,,0,LOW,,
371,2026-05-07 12:56:53,841858056,83601101,250.21,UK pounds,UK pounds,UK,UK,Debit card,0,,0,LOW,,
372,2026-05-07 12:56:54,5982914936,1509557999,15890.51,UK pounds,UK pounds,UK,UK,Cheque,0,Large-Cash-Transaction,25,LOW,LargeTransaction,"Transaction amount 15,890.51 UK pounds exceeds threshold of 8,000.00"
373,2026-05-07 12:57:01,6145026715,4309668314,50.2,UK pounds,UK pounds,UK,UK,Credit card,0,,0,LOW,,
374,2026-05-07 12:57:03,6640127426,9803847813,4365.35,UK pounds,UK pounds,UK,UK,Cheque,0,,0,LOW,,
375,2026-05-07 12:57:05,8456279067,7743294128,22453.99,UK pounds,UK pounds,UK,UK,Cheque,0,Large-Cash-Transaction,25,LOW,LargeTransaction,"Transaction amount 22,453.99 UK pounds exceeds threshold of 8,000.00"
376,2026-05-07 12:57:06,8702001169,7109611445,10169.39,UK pounds,UK pounds,UK,UK,Debit card,0,Large-Cash-Transaction,25,LOW,LargeTransaction,"Transaction amount 10,169.39 UK pounds exceeds threshold of 8,000.00"
377,2026-05-07 12:57:06,8393076103,1316458123,8154.0,UK pounds,Mexican Peso,UK,Mexico,Cross-border,0,Large-Cash-Transaction,25,LOW,LargeTransaction,"Transaction amount 8,154.00 UK pounds exceeds threshold of 8,000.00"
378,2026-05-07 12:57:07,9746384104,3047959102,17513.22,UK pounds,UK pounds,UK,UK,Debit card,0,Large-Cash-Transaction,25,LOW,LargeTransaction,"Transaction amount 17,513.22 UK pounds exceeds threshold of 8,000.00"
379,2026-05-07 12:57:13,3168051873,6160971830,5818.21,UK pounds,UK pounds,UK,UK,Debit card,1,Structuring/Smurfing,40,MEDIUM,Smurfing,"Smurfing: account '3168051873' made 3 transactions totalling 16,880.95 within 24h (each below 9,999.00 threshold)"
380,2026-05-07 12:57:20,2790502538,7386959843,2732.39,UK pounds,UK pounds,UK,UK,Debit card,0,,0,LOW,,
381,2026-05-07 12:57:23,2411632294,6991398542,1360.88,UK pounds,UK pounds,UK,UK,Cash Deposit,0,,0,LOW,,
382,2026-05-07 12:57:24,2655552102,5628674969,14500.52,UK pounds,UK pounds,UK,UK,Cheque,0,Large-Cash-Transaction,25,LOW,LargeTransaction,"Transaction amount 14,500.52 UK pounds exceeds threshold of 8,000.00"
383,2026-05-07 12:57:24,6057444675,7945788794,5200.58,UK pounds,UK pounds,UK,UK,Debit card,1,Structuring/Smurfing,40,MEDIUM,Smurfing,"Smurfing: account '6057444675' made 3 transactions totalling 16,504.68 within 24h (each below 9,999.00 threshold)"
384,2026-05-07 12:57:29,3022138924,4727357532,20749.67,UK pounds,UK pounds,UK,UK,Debit card,0,Large-Cash-Transaction,25,LOW,LargeTransaction,"Transaction amount 20,749.67 UK pounds exceeds threshold of 8,000.00"
385,2026-05-07 12:57:35,5691675777,6615179883,16375.06,UK pounds,UK pounds,UK,UK,Cheque,0,Large-Cash-Transaction,25,LOW,LargeTransaction,"Transaction amount 16,375.06 UK pounds exceeds threshold of 8,000.00"
386,2026-05-07 12:57:36,2982551092,86198390,1800.44,UK pounds,UK pounds,UK,UK,ACH,0,,0,LOW,,
387,2026-05-07 12:57:37,7758268667,5402206630,6219.5,UK pounds,UK pounds,UK,UK,Credit card,1,Structuring/Smurfing,40,MEDIUM,Smurfing,"Smurfing: account '7758268667' made 4 transactions totalling 30,652.46 within 24h (each below 9,999.00 threshold)"
388,2026-05-07 12:57:39,5092597759,6112112769,1273.94,UK pounds,UK pounds,UK,UK,Cash Deposit,0,,0,LOW,,
389,2026-05-07 12:57:40,4723297015,4985199811,2100.44,UK pounds,UK pounds,UK,UK,Cheque,0,,0,LOW,,
390,2026-05-07 12:57:40,2365007895,2812285491,13118.46,UK pounds,UK pounds,UK,UK,Cheque,0,Large-Cash-Transaction,25,LOW,LargeTransaction,"Transaction amount 13,118.46 UK pounds exceeds threshold of 8,000.00"
391,2026-05-07 12:57:42,7325304291,8974559268,3864.03,UK pounds,UK pounds,UK,UK,ACH,0,,0,LOW,,
392,2026-05-07 12:57:45,5402696227,8153546944,6090.31,UK pounds,UK pounds,UK,UK,Credit card,0,,0,LOW,,
393,2026-05-07 12:57:45,5118630682,9998615864,186.28,UK pounds,UK pounds,UK,UK,Credit card,0,,0,LOW,,
394,2026-05-07 12:57:46,8818313824,8981466749,202.83,UK pounds,UK pounds,UK,UK,ACH,0,,0,LOW,,
395,2026-05-07 12:57:48,2832385272,2138505015,8964.13,UK pounds,Dirham,UK,UAE,Cross-border,0,Large-Cash-Transaction,25,LOW,LargeTransaction,"Transaction amount 8,964.13 UK pounds exceeds threshold of 8,000.00"
396,2026-05-07 12:57:52,347559621,6011295240,3298.0,UK pounds,UK pounds,UK,UK,Cash Deposit,0,,0,LOW,,
397,2026-05-07 12:57:54,4413376578,7943065505,15552.59,UK pounds,UK pounds,UK,UK,ACH,0,Large-Cash-Transaction,25,LOW,LargeTransaction,"Transaction amount 15,552.59 UK pounds exceeds threshold of 8,000.00"
398,2026-05-07 12:57:56,5106424412,3588381961,167.22,UK pounds,UK pounds,UK,UK,Credit card,0,,0,LOW,,
399,2026-05-07 12:57:57,3510078932,1379534157,5022.17,UK pounds,UK pounds,UK,UK,Credit card,1,Structuring/Smurfing,40,MEDIUM,Smurfing,"Smurfing: account '3510078932' made 3 transactions totalling 19,364.08 within 24h (each below 9,999.00 threshold)"
400,2026-05-07 12:57:58,7688200623,3520671145,3460.67,UK pounds,UK pounds,UK,UK,Cash Deposit,0,,0,LOW,,
401,2026-05-07 12:57:59,1139132462,7199625988,10570.07,Dirham,UK pounds,UAE,UK,Cross-border,0,Large-Cash-Transaction,25,LOW,LargeTransaction,"Transaction amount 10,570.07 Dirham exceeds threshold of 10,000.00"
402,2026-05-07 12:58:00,3246990702,3199579452,971.5,UK pounds,UK pounds,UK,UK,ACH,0,,0,LOW,,
403,2026-05-07 12:58:01,5467199644,4664589854,23310.07,UK pounds,UK pounds,UK,UK,Credit card,0,Large-Cash-Transaction,25,LOW,LargeTransaction,"Transaction amount 23,310.07 UK pounds exceeds threshold of 8,000.00"
404,2026-05-07 12:58:05,5676450637,4715509122,2020.51,UK pounds,UK pounds,UK,UK,Cheque,0,,0,LOW,,
405,2026-05-07 12:58:09,1378784400,8436759372,6197.42,UK pounds,UK pounds,UK,UK,Credit card,1,Structuring/Smurfing,40,MEDIUM,Smurfing,"Smurfing: account '1378784400' made 3 transactions totalling 21,400.63 within 24h (each below 9,999.00 threshold)"
406,2026-05-07 12:58:14,6496125384,2668607916,248.45,UK pounds,UK pounds,UK,UK,ACH,0,,0,LOW,,
407,2026-05-07 12:58:15,8857611669,3037691384,630.58,UK pounds,UK pounds,UK,UK,Debit card,0,,0,LOW,,
408,2026-05-07 12:58:15,7533532620,9844781055,2094.82,UK pounds,UK pounds,UK,UK,Debit card,0,,0,LOW,,
409,2026-05-07 12:58:16,6562248766,6444220418,19895.98,UK pounds,UK pounds,UK,UK,Debit card,0,Large-Cash-Transaction,25,LOW,LargeTransaction,"Transaction amount 19,895.98 UK pounds exceeds threshold of 8,000.00"
410,2026-05-07 12:58:17,884222528,7561576402,1348.15,UK pounds,UK pounds,UK,UK,ACH,0,,0,LOW,,
411,2026-05-07 12:58:17,6224077124,4983670465,5165.92,UK pounds,UK pounds,UK,UK,ACH,0,,0,LOW,,
412,2026-05-07 12:58:20,369175348,1431561040,12217.72,UK pounds,UK pounds,UK,UK,ACH,0,Large-Cash-Transaction,25,LOW,LargeTransaction,"Transaction amount 12,217.72 UK pounds exceeds threshold of 8,000.00"
413,2026-05-07 12:58:20,7707725699,7424439461,8588.43,UK pounds,UK pounds,UK,UK,Cheque,0,Large-Cash-Transaction,25,LOW,LargeTransaction,"Transaction amount 8,588.43 UK pounds exceeds threshold of 8,000.00"
414,2026-05-07 12:58:25,6456964355,6646502650,5662.65,UK pounds,Euro,UK,France,Cross-border,1,Structuring/Smurfing,40,MEDIUM,Smurfing,"Smurfing: account '6456964355' made 3 transactions totalling 16,982.27 within 24h (each below 9,999.00 threshold)"
415,2026-05-07 12:58:29,6500267083,5466123934,8120.82,UK pounds,UK pounds,UK,UK,ACH,1,Large-Cash-Transaction; Structuring/Smurfing,65,HIGH,LargeTransaction|Smurfing,"Transaction amount 8,120.82 UK pounds exceeds threshold of 8,000.00; Smurfing: account '6500267083' made 3 transactions totalling 24,250.33 within 24h (each below 9,999.00 threshold)"
416,2026-05-07 12:58:33,6116657264,7749320382,10820.86,UK pounds,UK pounds,UK,UK,ACH,0,Large-Cash-Transaction,25,LOW,LargeTransaction,"Transaction amount 10,820.86 UK pounds exceeds threshold of 8,000.00"
417,2026-05-07 12:58:36,2101877453,621060264,10437.69,UK pounds,UK pounds,UK,UK,ACH,0,Large-Cash-Transaction,25,LOW,LargeTransaction,"Transaction amount 10,437.69 UK pounds exceeds threshold of 8,000.00"
418,2026-05-07 12:58:39,5594881859,6188149181,1913.07,UK pounds,UK pounds,UK,UK,Credit card,0,,0,LOW,,
419,2026-05-07 12:58:41,832407541,9603268691,412.29,UK pounds,UK pounds,UK,UK,Cheque,0,,0,LOW,,
420,2026-05-07 12:58:42,7002889770,9763203015,1529.77,UK pounds,UK pounds,UK,UK,ACH,0,,0,LOW,,
421,2026-05-07 12:58:45,1378784400,8410469287,8958.43,UK pounds,UK pounds,UK,UK,ACH,1,Large-Cash-Transaction; Structuring/Smurfing,65,HIGH,LargeTransaction|Smurfing,"Transaction amount 8,958.43 UK pounds exceeds threshold of 8,000.00; Smurfing: account '1378784400' made 3 transactions totalling 21,400.63 within 24h (each below 9,999.00 threshold)"
422,2026-05-07 12:58:49,8463742774,1465487567,15026.44,UK pounds,UK pounds,UK,UK,Credit card,1,Large-Cash-Transaction; Layering,50,MEDIUM,LargeTransaction|Layering,"Transaction amount 15,026.44 UK pounds exceeds threshold of 8,000.00; Fan-in: receiver 1465487567 received from 6 distinct senders within 72h (chain amount: 73,931.73, threshold: 10,000.00)"
423,2026-05-07 12:58:51,1382513766,6444220418,8551.86,UK pounds,UK pounds,UK,UK,Credit card,0,Large-Cash-Transaction,25,LOW,LargeTransaction,"Transaction amount 8,551.86 UK pounds exceeds threshold of 8,000.00"
424,2026-05-07 12:58:52,5801455343,3449771733,720.61,UK pounds,UK pounds,UK,UK,ACH,0,,0,LOW,,
425,2026-05-07 12:58:53,3607428362,4480073652,258.2,UK pounds,UK pounds,UK,UK,Cash Deposit,0,,0,LOW,,
426,2026-05-07 12:58:55,4412198503,9671691553,161.09,UK pounds,UK pounds,UK,UK,Cheque,0,,0,LOW,,
427,2026-05-07 12:58:56,3614082527,833800673,19706.62,UK pounds,UK pounds,UK,UK,ACH,0,Large-Cash-Transaction,25,LOW,LargeTransaction,"Transaction amount 19,706.62 UK pounds exceeds threshold of 8,000.00"
428,2026-05-07 12:58:58,5021785800,1883329014,8007.49,UK pounds,UK pounds,UK,UK,ACH,1,Large-Cash-Transaction; Structuring/Smurfing,65,HIGH,LargeTransaction|Smurfing,"Transaction amount 8,007.49 UK pounds exceeds threshold of 8,000.00; Smurfing: account '5021785800' made 3 transactions totalling 19,015.57 within 24h (each below 9,999.00 threshold)"
429,2026-05-07 12:58:58,8544620861,3798163620,6401.14,UK pounds,UK pounds,UK,UK,Debit card,0,,0,LOW,,
430,2026-05-07 12:59:01,5021785800,5064372260,10088.4,UK pounds,UK pounds,UK,UK,ACH,0,Large-Cash-Transaction,25,LOW,LargeTransaction,"Transaction amount 10,088.40 UK pounds exceeds threshold of 8,000.00"
431,2026-05-07 12:59:02,5021785800,8611137585,6201.21,UK pounds,UK pounds,UK,UK,Credit card,1,Structuring/Smurfing,40,MEDIUM,Smurfing,"Smurfing: account '5021785800' made 4 transactions totalling 25,216.78 within 24h (each below 9,999.00 threshold)"
432,2026-05-07 12:59:06,6096368517,5676678400,2854.13,UK pounds,UK pounds,UK,UK,Debit card,0,,0,LOW,,
433,2026-05-07 12:59:11,7501327339,881702872,8789.38,UK pounds,UK pounds,UK,UK,Debit card,1,Large-Cash-Transaction; Structuring/Smurfing,65,HIGH,LargeTransaction|Smurfing,"Transaction amount 8,789.38 UK pounds exceeds threshold of 8,000.00; Smurfing: account '7501327339' made 3 transactions totalling 21,104.40 within 24h (each below 9,999.00 threshold)"
434,2026-05-07 12:59:14,8150407247,9271533389,4881.08,UK pounds,UK pounds,UK,UK,Cash Deposit,0,,0,LOW,,
435,2026-05-07 12:59:24,2365007895,9797294707,9072.67,UK pounds,UK pounds,UK,UK,ACH,1,Large-Cash-Transaction; Structuring/Smurfing,65,HIGH,LargeTransaction|Smurfing,"Transaction amount 9,072.67 UK pounds exceeds threshold of 8,000.00; Smurfing: account '2365007895' made 3 transactions totalling 28,228.65 within 24h (each below 9,999.00 threshold)"
436,2026-05-07 12:59:25,374414130,3220735304,10432.0,UK pounds,UK pounds,UK,UK,Credit card,0,Large-Cash-Transaction,25,LOW,LargeTransaction,"Transaction amount 10,432.00 UK pounds exceeds threshold of 8,000.00"
437,2026-05-07 12:59:29,1688983889,9707335883,384.12,UK pounds,UK pounds,UK,UK,Debit card,0,,0,LOW,,
438,2026-05-07 12:59:30,8389148416,66319223,8018.06,UK pounds,UK pounds,UK,UK,ACH,1,Large-Cash-Transaction; Structuring/Smurfing,65,HIGH,LargeTransaction|Smurfing,"Transaction amount 8,018.06 UK pounds exceeds threshold of 8,000.00; Smurfing: account '8389148416' made 3 transactions totalling 22,879.89 within 24h (each below 9,999.00 threshold)"
439,2026-05-07 12:59:30,1551228889,9105769228,5899.69,UK pounds,UK pounds,UK,UK,Cheque,1,Structuring/Smurfing,40,MEDIUM,Smurfing,"Smurfing: account '1551228889' made 3 transactions totalling 17,776.19 within 24h (each below 9,999.00 threshold)"
440,2026-05-07 12:59:30,805132319,1770180847,4175.79,UK pounds,UK pounds,UK,UK,Credit card,0,,0,LOW,,
441,2026-05-07 12:59:30,7304266241,3131416737,17585.07,UK pounds,UK pounds,UK,UK,Debit card,0,Large-Cash-Transaction,25,LOW,LargeTransaction,"Transaction amount 17,585.07 UK pounds exceeds threshold of 8,000.00"
442,2026-05-07 12:59:31,4737367377,9600420260,7908.16,UK pounds,UK pounds,UK,UK,Credit card,1,Structuring/Smurfing,40,MEDIUM,Smurfing,"Smurfing: account '4737367377' made 3 transactions totalling 23,620.74 within 24h (each below 9,999.00 threshold)"
443,2026-05-07 12:59:31,9469442466,3066321263,18715.24,UK pounds,UK pounds,UK,UK,Credit card,0,Large-Cash-Transaction,25,LOW,LargeTransaction,"Transaction amount 18,715.24 UK pounds exceeds threshold of 8,000.00"
444,2026-05-07 12:59:36,3913884391,5965713780,1328.91,UK pounds,UK pounds,UK,UK,Cash Deposit,0,,0,LOW,,
445,2026-05-07 12:59:39,6086421020,674564051,14141.81,UK pounds,UK pounds,UK,UK,Cheque,0,Large-Cash-Transaction,25,LOW,LargeTransaction,"Transaction amount 14,141.81 UK pounds exceeds threshold of 8,000.00"
446,2026-05-07 12:59:46,9242992240,4290876455,818.26,UK pounds,UK pounds,UK,UK,Cash Deposit,0,,0,LOW,,
447,2026-05-07 12:59:47,1378784400,8436759372,6175.76,UK pounds,UK pounds,UK,UK,Cheque,1,Structuring/Smurfing,40,MEDIUM,Smurfing,"Smurfing: account '1378784400' made 4 transactions totalling 27,576.39 within 24h (each below 9,999.00 threshold)"
448,2026-05-07 12:59:48,6541552727,3844741692,10965.78,UK pounds,UK pounds,UK,UK,ACH,0,Large-Cash-Transaction,25,LOW,LargeTransaction,"Transaction amount 10,965.78 UK pounds exceeds threshold of 8,000.00"
449,2026-05-07 12:59:50,2447373678,4625069658,527.9,UK pounds,UK pounds,UK,UK,Cheque,0,,0,LOW,,
450,2026-05-07 12:59:51,7674756610,4336977506,13237.19,UK pounds,UK pounds,UK,UK,Credit card,0,Large-Cash-Transaction,25,LOW,LargeTransaction,"Transaction amount 13,237.19 UK pounds exceeds threshold of 8,000.00"
451,2026-05-07 12:59:52,1996285523,8518184956,15740.03,UK pounds,UK pounds,UK,UK,ACH,0,Large-Cash-Transaction,25,LOW,LargeTransaction,"Transaction amount 15,740.03 UK pounds exceeds threshold of 8,000.00"
452,2026-05-07 12:59:53,5708403349,7189249650,973.53,UK pounds,UK pounds,UK,UK,ACH,0,,0,LOW,,
453,2026-05-07 12:59:54,2310443897,3844054762,478.64,UK pounds,UK pounds,UK,UK,Debit card,0,,0,LOW,,
454,2026-05-07 12:59:55,9100957331,8518184956,6371.52,UK pounds,UK pounds,UK,UK,ACH,0,,0,LOW,,
455,2026-05-07 12:59:58,6305611995,1289072017,3175.62,UK pounds,UK pounds,UK,UK,Cash Deposit,0,,0,LOW,,
456,2026-05-07 12:59:59,7252414916,621060264,36245.75,UK pounds,UK pounds,UK,UK,Debit card,0,Large-Cash-Transaction,25,LOW,LargeTransaction,"Transaction amount 36,245.75 UK pounds exceeds threshold of 8,000.00"
457,2026-05-07 13:00:02,3168051873,6160971830,5823.28,UK pounds,UK pounds,UK,UK,Credit card,1,Structuring/Smurfing,40,MEDIUM,Smurfing,"Smurfing: account '3168051873' made 3 transactions totalling 16,880.95 within 24h (each below 9,999.00 threshold)"
458,2026-05-07 13:00:05,7315251649,1712962258,1883.53,UK pounds,UK pounds,UK,UK,Cash Deposit,0,,0,LOW,,
459,2026-05-07 13:00:06,3213805967,9600420260,14298.42,UK pounds,UK pounds,UK,UK,Debit card,0,Large-Cash-Transaction,25,LOW,LargeTransaction,"Transaction amount 14,298.42 UK pounds exceeds threshold of 8,000.00"
460,2026-05-07 13:00:07,6094346971,2781245873,1972.51,UK pounds,UK pounds,UK,UK,ACH,0,,0,LOW,,
461,2026-05-07 13:00:16,3408749958,1367513792,2066.16,UK pounds,UK pounds,UK,UK,Cheque,0,,0,LOW,,
462,2026-05-07 13:00:22,1915450576,7315208637,6523.95,UK pounds,UK pounds,UK,UK,Credit card,1,Structuring/Smurfing,40,MEDIUM,Smurfing,"Smurfing: account '1915450576' made 3 transactions totalling 18,241.06 within 24h (each below 9,999.00 threshold)"
463,2026-05-07 13:00:23,3614082527,5318241045,8356.97,UK pounds,Naira,UK,Nigeria,Cross-border,1,Large-Cash-Transaction; Structuring/Smurfing,65,HIGH,LargeTransaction|Smurfing,"Transaction amount 8,356.97 UK pounds exceeds threshold of 8,000.00; Smurfing: account '3614082527' made 3 transactions totalling 25,965.37 within 24h (each below 9,999.00 threshold)"
464,2026-05-07 13:00:24,9103659322,5547718525,2060.21,UK pounds,UK pounds,UK,UK,Cheque,0,,0,LOW,,
465,2026-05-07 13:00:40,2699549684,7308503741,5081.36,UK pounds,UK pounds,UK,UK,Cash Deposit,0,,0,LOW,,
466,2026-05-07 13:00:40,6086421020,8785037379,8218.75,UK pounds,UK pounds,UK,UK,Cheque,1,Large-Cash-Transaction; Structuring/Smurfing,65,HIGH,LargeTransaction|Smurfing,"Transaction amount 8,218.75 UK pounds exceeds threshold of 8,000.00; Smurfing: account '6086421020' made 4 transactions totalling 29,032.91 within 24h (each below 9,999.00 threshold)"
467,2026-05-07 13:00:42,4746860563,6251667539,1604.87,UK pounds,UK pounds,UK,UK,Debit card,0,,0,LOW,,
468,2026-05-07 13:00:48,6086421020,2415686992,4560.52,UK pounds,UK pounds,UK,UK,ACH,1,Structuring/Smurfing,40,MEDIUM,Smurfing,"Smurfing: account '6086421020' made 5 transactions totalling 33,593.43 within 24h (each below 9,999.00 threshold)"
469,2026-05-07 13:00:49,7634512819,1431561040,16498.19,UK pounds,UK pounds,UK,UK,Debit card,0,Large-Cash-Transaction,25,LOW,LargeTransaction,"Transaction amount 16,498.19 UK pounds exceeds threshold of 8,000.00"
470,2026-05-07 13:00:49,4898931369,4776681852,3362.06,UK pounds,UK pounds,UK,UK,ACH,0,,0,LOW,,
471,2026-05-07 13:00:52,6844756212,5363117119,5509.45,UK pounds,UK pounds,UK,UK,ACH,0,,0,LOW,,
472,2026-05-07 13:00:57,8386202710,1554860508,5232.92,UK pounds,UK pounds,UK,UK,Debit card,0,,0,LOW,,
473,2026-05-07 13:01:00,4789303308,1161579894,2947.04,UK pounds,UK pounds,UK,UK,Credit card,0,,0,LOW,,
474,2026-05-07 13:01:02,9746384104,6333926499,13219.86,UK pounds,UK pounds,UK,UK,Cheque,0,Large-Cash-Transaction,25,LOW,LargeTransaction,"Transaction amount 13,219.86 UK pounds exceeds threshold of 8,000.00"
475,2026-05-07 13:01:03,4269265087,2014982075,554.35,UK pounds,UK pounds,UK,UK,Cash Deposit,0,,0,LOW,,
476,2026-05-07 13:01:06,2354794695,8124696406,28029.59,UK pounds,UK pounds,UK,UK,ACH,0,Large-Cash-Transaction,25,LOW,LargeTransaction,"Transaction amount 28,029.59 UK pounds exceeds threshold of 8,000.00"
477,2026-05-07 13:01:09,7746588679,774740194,925.34,UK pounds,UK pounds,UK,UK,ACH,0,,0,LOW,,
478,2026-05-07 13:01:12,6916264887,6953672776,6760.21,UK pounds,Mexican Peso,UK,Mexico,Cross-border,1,Structuring/Smurfing,40,MEDIUM,Smurfing,"Smurfing: account '6916264887' made 3 transactions totalling 20,078.89 within 24h (each below 9,999.00 threshold)"
479,2026-05-07 13:01:13,3709430533,3402269996,8042.58,UK pounds,UK pounds,UK,UK,Cheque,1,Large-Cash-Transaction; Structuring/Smurfing,65,HIGH,LargeTransaction|Smurfing,"Transaction amount 8,042.58 UK pounds exceeds threshold of 8,000.00; Smurfing: account '3709430533' made 3 transactions totalling 24,671.82 within 24h (each below 9,999.00 threshold)"
480,2026-05-07 13:01:16,7501327339,8562263055,6243.49,UK pounds,UK pounds,UK,UK,Debit card,1,Structuring/Smurfing,40,MEDIUM,Smurfing,"Smurfing: account '7501327339' made 4 transactions totalling 27,347.89 within 24h (each below 9,999.00 threshold)"
481,2026-05-07 13:01:16,5876006003,6183867950,2667.46,UK pounds,UK pounds,UK,UK,Cheque,0,Fan-Out/Money-Mule,20,LOW,RapidMovement,"RapidMovement: account '6183867950' received 2,667.46 then re-sent 3,320.04 (124.5%) within 24h"
482,2026-05-07 13:01:21,1043505774,6953672776,6115.7,UK pounds,Mexican Peso,UK,Mexico,Cross-border,1,Structuring/Smurfing,40,MEDIUM,Smurfing,"Smurfing: account '1043505774' made 3 transactions totalling 18,387.36 within 24h (each below 9,999.00 threshold)"
483,2026-05-07 13:01:23,2028959593,5466123934,4738.25,UK pounds,UK pounds,UK,UK,ACH,0,,0,LOW,,
484,2026-05-07 13:01:24,8463742774,1465487567,15015.83,UK pounds,UK pounds,UK,UK,Credit card,1,Large-Cash-Transaction; Layering,50,MEDIUM,LargeTransaction|Layering,"Transaction amount 15,015.83 UK pounds exceeds threshold of 8,000.00; Fan-in: receiver 1465487567 received from 6 distinct senders within 72h (chain amount: 88,947.56, threshold: 10,000.00)"
485,2026-05-07 13:01:25,274250227,5624113151,245.1,UK pounds,UK pounds,UK,UK,Cheque,0,,0,LOW,,
486,2026-05-07 13:01:39,9152139918,195951043,1560.99,UK pounds,UK pounds,UK,UK,ACH,0,,0,LOW,,
487,2026-05-07 13:01:44,8456279067,5344331047,4675.79,UK pounds,UK pounds,UK,UK,Cheque,1,Structuring/Smurfing,40,MEDIUM,Smurfing,"Smurfing: account '8456279067' made 3 transactions totalling 20,160.03 within 24h (each below 9,999.00 threshold)"
488,2026-05-07 13:01:49,5334788886,1751653259,2005.86,UK pounds,UK pounds,UK,UK,Cheque,0,,0,LOW,,
489,2026-05-07 13:01:50,6436958188,7362490129,1248.64,UK pounds,UK pounds,UK,UK,ACH,0,,0,LOW,,
490,2026-05-07 13:01:51,6404135406,2118817860,5313.8,UK pounds,UK pounds,UK,UK,Cash Deposit,0,,0,LOW,,
491,2026-05-07 13:01:54,5452687367,6444220418,8285.18,UK pounds,UK pounds,UK,UK,ACH,1,Large-Cash-Transaction; Structuring/Smurfing,65,HIGH,LargeTransaction|Smurfing,"Transaction amount 8,285.18 UK pounds exceeds threshold of 8,000.00; Smurfing: account '5452687367' made 3 transactions totalling 24,817.75 within 24h (each below 9,999.00 threshold)"
492,2026-05-07 13:01:55,3526097821,5393257563,337.03,UK pounds,UK pounds,UK,UK,Cheque,0,,0,LOW,,
493,2026-05-07 13:01:56,7501327339,5481350266,18476.22,UK pounds,UK pounds,UK,UK,Credit card,0,Large-Cash-Transaction,25,LOW,LargeTransaction,"Transaction amount 18,476.22 UK pounds exceeds threshold of 8,000.00"
494,2026-05-07 13:01:57,1378784400,5224271258,17088.26,UK pounds,UK pounds,UK,UK,Credit card,0,Large-Cash-Transaction,25,LOW,LargeTransaction,"Transaction amount 17,088.26 UK pounds exceeds threshold of 8,000.00"
495,2026-05-07 13:01:58,9337018014,3079818547,7744.57,UK pounds,UK pounds,UK,UK,Debit card,0,,0,LOW,,
496,2026-05-07 13:01:58,9017186262,9614603409,267.4,UK pounds,UK pounds,UK,UK,ACH,0,,0,LOW,,
497,2026-05-07 13:01:59,3346627595,1398057556,5252.25,UK pounds,UK pounds,UK,UK,Cash Deposit,0,,0,LOW,,
498,2026-05-07 13:02:02,9034591740,6989832152,1904.87,UK pounds,UK pounds,UK,UK,Cash Deposit,0,Fan-Out/Money-Mule,20,LOW,RapidMovement,"RapidMovement: account '6989832152' received 1,904.87 then re-sent 5,343.81 (280.5%) within 24h"
499,2026-05-07 13:02:09,5656797672,2908587855,11.78,UK pounds,UK pounds,UK,UK,Cash Withdrawal,0,,0,LOW,,
500,2026-05-07 13:02:10,7012967496,6855935396,5521.21,UK pounds,UK pounds,UK,UK,Debit card,0,,0,LOW,,
501,2026-05-07 13:02:11,5659307753,5133717985,328.46,UK pounds,UK pounds,UK,UK,Credit card,0,,0,LOW,,
502,2026-05-07 13:02:16,4532749549,9312099578,16470.76,UK pounds,UK pounds,UK,UK,Cheque,0,Large-Cash-Transaction,25,LOW,LargeTransaction,"Transaction amount 16,470.76 UK pounds exceeds threshold of 8,000.00"
503,2026-05-07 13:02:19,9002420822,5258139692,4259.61,UK pounds,UK pounds,UK,UK,Cash Deposit,0,,0,LOW,,
504,2026-05-07 13:02:19,9186430345,3132018804,801.74,UK pounds,UK pounds,UK,UK,Credit card,0,,0,LOW,,
505,2026-05-07 13:02:22,6541552727,7551466050,6422.04,UK pounds,UK pounds,UK,UK,Debit card,1,Structuring/Smurfing,40,MEDIUM,Smurfing,"Smurfing: account '6541552727' made 3 transactions totalling 22,868.03 within 24h (each below 9,999.00 threshold)"
506,2026-05-07 13:02:23,7501327339,8061984977,9490.63,UK pounds,UK pounds,UK,UK,Cheque,1,Large-Cash-Transaction; Structuring/Smurfing,65,HIGH,LargeTransaction|Smurfing,"Transaction amount 9,490.63 UK pounds exceeds threshold of 8,000.00; Smurfing: account '7501327339' made 5 transactions totalling 36,838.52 within 24h (each below 9,999.00 threshold)"
507,2026-05-07 13:02:30,5021785800,2626537854,6566.42,UK pounds,UK pounds,UK,UK,Credit card,1,Structuring/Smurfing,40,MEDIUM,Smurfing,"Smurfing: account '5021785800' made 5 transactions totalling 31,783.20 within 24h (each below 9,999.00 threshold)"
508,2026-05-07 13:02:31,2709154044,3361664357,75.4,UK pounds,UK pounds,UK,UK,Cheque,0,,0,LOW,,
509,2026-05-07 13:02:32,9534729015,1825986618,8324.04,UK pounds,UK pounds,UK,UK,ACH,1,Large-Cash-Transaction; Structuring/Smurfing,65,HIGH,LargeTransaction|Smurfing,"Transaction amount 8,324.04 UK pounds exceeds threshold of 8,000.00; Smurfing: account '9534729015' made 3 transactions totalling 22,093.45 within 24h (each below 9,999.00 threshold)"
510,2026-05-07 13:02:40,2369116599,4173195094,16520.68,UK pounds,UK pounds,UK,UK,Cheque,0,Large-Cash-Transaction,25,LOW,LargeTransaction,"Transaction amount 16,520.68 UK pounds exceeds threshold of 8,000.00"
511,2026-05-07 13:02:41,6086421020,5033682319,14770.06,UK pounds,UK pounds,UK,UK,Credit card,0,Large-Cash-Transaction,25,LOW,LargeTransaction,"Transaction amount 14,770.06 UK pounds exceeds threshold of 8,000.00"
512,2026-05-07 13:02:41,478932706,8818408613,326.24,UK pounds,UK pounds,UK,UK,Debit card,0,,0,LOW,,
513,2026-05-07 13:02:42,9701936157,7464562559,414.13,UK pounds,UK pounds,UK,UK,Debit card,0,,0,LOW,,
514,2026-05-07 13:02:44,8413340671,2138505015,6756.87,UK pounds,Dirham,UK,UAE,Cross-border,0,,0,LOW,,
515,2026-05-07 13:02:46,2797271466,7981094247,7655.89,UK pounds,UK pounds,UK,UK,Credit card,1,Structuring/Smurfing,40,MEDIUM,Smurfing,"Smurfing: account '2797271466' made 3 transactions totalling 26,252.30 within 24h (each below 9,999.00 threshold)"
516,2026-05-07 13:02:47,3618092542,4831316139,4609.87,UK pounds,UK pounds,UK,UK,Credit card,0,,0,LOW,,
517,2026-05-07 13:02:48,7695306517,1320927231,9450.67,UK pounds,UK pounds,UK,UK,Debit card,1,Large-Cash-Transaction; Structuring/Smurfing,65,HIGH,LargeTransaction|Smurfing,"Transaction amount 9,450.67 UK pounds exceeds threshold of 8,000.00; Smurfing: account '7695306517' made 3 transactions totalling 28,645.80 within 24h (each below 9,999.00 threshold)"
518,2026-05-07 13:02:48,6555497435,4988002972,102.09,UK pounds,UK pounds,UK,UK,Cash Withdrawal,0,,0,LOW,,
519,2026-05-07 13:02:49,369175348,1431561040,12242.89,UK pounds,UK pounds,UK,UK,Cheque,0,Large-Cash-Transaction,25,LOW,LargeTransaction,"Transaction amount 12,242.89 UK pounds exceeds threshold of 8,000.00"
520,2026-05-07 13:02:49,1805171806,1465487567,5877.13,UK pounds,UK pounds,UK,UK,ACH,1,Structuring/Smurfing; Layering; Fan-Out/Money-Mule,85,CRITICAL,Smurfing|Layering|RapidMovement,"Smurfing: account '1805171806' made 3 transactions totalling 17,769.77 within 24h (each below 9,999.00 threshold); Fan-in: receiver 1465487567 received from 7 distinct senders within 72h (chain amount: 94,824.69, threshold: 10,000.00); RapidMovement: account '1465487567' received 5,877.13 then re-sent 5,256.24 (89.4%) within 24h"
521,2026-05-07 13:02:51,8207246869,5628674969,6935.01,UK pounds,UK pounds,UK,UK,ACH,0,,0,LOW,,
522,2026-05-07 13:02:52,9375688722,2656259015,752.0,UK pounds,UK pounds,UK,UK,Debit card,0,,0,LOW,,
523,2026-05-07 13:02:52,7438507951,3220735304,18841.44,UK pounds,UK pounds,UK,UK,ACH,0,Large-Cash-Transaction,25,LOW,LargeTransaction,"Transaction amount 18,841.44 UK pounds exceeds threshold of 8,000.00"
524,2026-05-07 13:02:53,2508215300,5290496112,321.1,UK pounds,UK pounds,UK,UK,Credit card,0,,0,LOW,,
525,2026-05-07 13:02:53,7421451752,4009702480,12455.75,UK pounds,UK pounds,UK,UK,Debit card,0,Large-Cash-Transaction,25,LOW,LargeTransaction,"Transaction amount 12,455.75 UK pounds exceeds threshold of 8,000.00"
526,2026-05-07 13:02:54,4932722043,7199625988,20496.46,UK pounds,Euro,UK,UK,Credit card,0,Large-Cash-Transaction,25,LOW,LargeTransaction,"Transaction amount 20,496.46 UK pounds exceeds threshold of 8,000.00"
527,2026-05-07 13:02:55,5971751243,6406540474,120.0,UK pounds,UK pounds,UK,UK,Cash Withdrawal,0,,0,LOW,,
528,2026-05-07 13:02:56,4712930207,1493436023,13472.8,UK pounds,UK pounds,UK,UK,ACH,0,Large-Cash-Transaction,25,LOW,LargeTransaction,"Transaction amount 13,472.80 UK pounds exceeds threshold of 8,000.00"
529,2026-05-07 13:02:57,7758268667,3795566341,6263.85,UK pounds,UK pounds,UK,UK,ACH,1,Structuring/Smurfing,40,MEDIUM,Smurfing,"Smurfing: account '7758268667' made 5 transactions totalling 36,916.31 within 24h (each below 9,999.00 threshold)"
530,2026-05-07 13:02:59,6648904622,4529918474,638.92,UK pounds,UK pounds,UK,UK,ACH,0,,0,LOW,,
531,2026-05-07 13:03:02,7669236826,9544469020,7324.64,UK pounds,UK pounds,UK,UK,Debit card,1,Structuring/Smurfing,40,MEDIUM,Smurfing,"Smurfing: account '7669236826' made 3 transactions totalling 21,833.01 within 24h (each below 9,999.00 threshold)"
532,2026-05-07 13:03:04,2299676190,2534644942,5854.12,UK pounds,Euro,UK,France,Cross-border,1,Structuring/Smurfing,40,MEDIUM,Smurfing,"Smurfing: account '2299676190' made 3 transactions totalling 17,668.62 within 24h (each below 9,999.00 threshold)"
533,2026-05-07 13:03:05,8987848252,1896020736,5825.69,UK pounds,UK pounds,UK,UK,Credit card,1,Structuring/Smurfing,40,MEDIUM,Smurfing,"Smurfing: account '8987848252' made 3 transactions totalling 16,454.78 within 24h (each below 9,999.00 threshold)"
534,2026-05-07 13:03:06,8365969009,693522868,8919.94,UK pounds,UK pounds,UK,UK,ACH,0,Large-Cash-Transaction,25,LOW,LargeTransaction,"Transaction amount 8,919.94 UK pounds exceeds threshold of 8,000.00"
535,2026-05-07 13:03:07,1039261140,1465487567,16321.89,UK pounds,UK pounds,UK,UK,Credit card,1,Large-Cash-Transaction; Layering,50,MEDIUM,LargeTransaction|Layering,"Transaction amount 16,321.89 UK pounds exceeds threshold of 8,000.00; Fan-in: receiver 1465487567 received from 8 distinct senders within 72h (chain amount: 111,146.58, threshold: 10,000.00)"
536,2026-05-07 13:03:08,1491989064,478973149,6478.51,UK pounds,UK pounds,UK,UK,Debit card,1,Structuring/Smurfing,40,MEDIUM,Smurfing,"Smurfing: account '1491989064' made 3 transactions totalling 23,077.52 within 24h (each below 9,999.00 threshold)"
537,2026-05-07 13:03:09,2906190749,6034997194,18639.65,UK pounds,UK pounds,UK,UK,Debit card,0,Large-Cash-Transaction,25,LOW,LargeTransaction,"Transaction amount 18,639.65 UK pounds exceeds threshold of 8,000.00"
538,2026-05-07 13:03:09,4412594608,1802934841,2088.23,UK pounds,UK pounds,UK,UK,Cheque,0,,0,LOW,,
539,2026-05-07 13:03:15,5276618736,8172080174,6112.62,UK pounds,UK pounds,UK,UK,Credit card,0,Layering,25,LOW,Layering,"Fan-in: receiver 8172080174 received from 4 distinct senders within 72h (chain amount: 49,572.83, threshold: 10,000.00)"
540,2026-05-07 13:03:16,8082566832,1565658946,2041.25,UK pounds,UK pounds,UK,UK,Cheque,0,,0,LOW,,
541,2026-05-07 13:03:19,1484950116,2826369480,249.76,UK pounds,UK pounds,UK,UK,Cash Deposit,0,,0,LOW,,
542,2026-05-07 13:03:19,255845645,7080357663,10603.64,UK pounds,UK pounds,UK,UK,Debit card,0,Large-Cash-Transaction,25,LOW,LargeTransaction,"Transaction amount 10,603.64 UK pounds exceeds threshold of 8,000.00"
543,2026-05-07 13:03:20,5097207315,1557007697,3293.33,UK pounds,UK pounds,UK,UK,Cheque,0,,0,LOW,,
544,2026-05-07 13:03:20,1970777900,5147353792,2284.56,UK pounds,UK pounds,UK,UK,Cheque,0,,0,LOW,,
545,2026-05-07 13:03:21,703647888,1431561040,19928.21,UK pounds,UK pounds,UK,UK,ACH,0,Large-Cash-Transaction,25,LOW,LargeTransaction,"Transaction amount 19,928.21 UK pounds exceeds threshold of 8,000.00"
546,2026-05-07 13:03:24,4636265179,6402401441,269.99,UK pounds,UK pounds,UK,UK,ACH,0,,0,LOW,,
547,2026-05-07 13:03:25,9541087936,4432690383,7912.0,UK pounds,UK pounds,UK,UK,Debit card,1,Structuring/Smurfing,40,MEDIUM,Smurfing,"Smurfing: account '9541087936' made 3 transactions totalling 24,081.93 within 24h (each below 9,999.00 threshold)"
548,2026-05-07 13:03:25,5982914936,6615626527,22245.53,UK pounds,UK pounds,UK,UK,Debit card,0,Large-Cash-Transaction,25,LOW,LargeTransaction,"Transaction amount 22,245.53 UK pounds exceeds threshold of 8,000.00"
549,2026-05-07 13:03:32,6679205752,5109623450,12178.04,UK pounds,UK pounds,UK,UK,ACH,0,Large-Cash-Transaction,25,LOW,LargeTransaction,"Transaction amount 12,178.04 UK pounds exceeds threshold of 8,000.00"
550,2026-05-07 13:03:37,3614082527,9145896387,8278.05,UK pounds,UK pounds,UK,UK,Credit card,1,Large-Cash-Transaction; Structuring/Smurfing,65,HIGH,LargeTransaction|Smurfing,"Transaction amount 8,278.05 UK pounds exceeds threshold of 8,000.00; Smurfing: account '3614082527' made 3 transactions totalling 25,965.37 within 24h (each below 9,999.00 threshold)"
551,2026-05-07 13:03:37,5300701883,6254659797,522.95,UK pounds,UK pounds,UK,UK,Cash Deposit,0,Fan-Out/Money-Mule,20,LOW,RapidMovement,RapidMovement: account '6254659797' received 522.95 then re-sent 697.22 (133.3%) within 24h
552,2026-05-07 13:03:38,1171263460,351184098,7173.29,UK pounds,UK pounds,UK,UK,ACH,0,Fan-Out/Money-Mule,20,LOW,RapidMovement,"RapidMovement: account '351184098' received 7,173.29 then re-sent 11,904.71 (166.0%) within 24h"
553,2026-05-07 13:03:41,45683332,3881391727,15679.96,UK pounds,UK pounds,UK,UK,Debit card,0,Large-Cash-Transaction,25,LOW,LargeTransaction,"Transaction amount 15,679.96 UK pounds exceeds threshold of 8,000.00"
554,2026-05-07 13:03:44,9296142684,5708936901,7418.22,UK pounds,UK pounds,UK,UK,Cheque,0,,0,LOW,,
555,2026-05-07 13:03:47,3614082527,833800673,20264.42,UK pounds,UK pounds,UK,UK,Debit card,0,Large-Cash-Transaction,25,LOW,LargeTransaction,"Transaction amount 20,264.42 UK pounds exceeds threshold of 8,000.00"
556,2026-05-07 13:03:50,5452849099,4336977506,8616.78,UK pounds,UK pounds,UK,UK,Debit card,1,Large-Cash-Transaction; Structuring/Smurfing,65,HIGH,LargeTransaction|Smurfing,"Transaction amount 8,616.78 UK pounds exceeds threshold of 8,000.00; Smurfing: account '5452849099' made 3 transactions totalling 25,781.09 within 24h (each below 9,999.00 threshold)"
557,2026-05-07 13:03:53,3918102756,1940409825,3019.15,UK pounds,UK pounds,UK,UK,Debit card,0,,0,LOW,,
558,2026-05-07 13:03:53,398847987,6953672776,13308.63,UK pounds,Mexican Peso,UK,Mexico,Cross-border,0,Large-Cash-Transaction,25,LOW,LargeTransaction,"Transaction amount 13,308.63 UK pounds exceeds threshold of 8,000.00"
559,2026-05-07 13:03:53,7126621709,3020817875,5548.18,UK pounds,UK pounds,UK,UK,ACH,0,,0,LOW,,
560,2026-05-07 13:03:55,5359860218,6624071688,715.29,UK pounds,UK pounds,UK,UK,ACH,0,,0,LOW,,
561,2026-05-07 13:03:56,7391340607,843169680,649.46,UK pounds,UK pounds,UK,UK,Cheque,0,,0,LOW,,
562,2026-05-07 13:03:58,1597361156,5090625597,58.44,UK pounds,UK pounds,UK,UK,Cheque,0,,0,LOW,,
563,2026-05-07 13:04:03,8987848252,7140265767,5305.34,UK pounds,UK pounds,UK,UK,Cheque,1,Structuring/Smurfing,40,MEDIUM,Smurfing,"Smurfing: account '8987848252' made 3 transactions totalling 16,454.78 within 24h (each below 9,999.00 threshold)"
564,2026-05-07 13:04:03,5764479195,6855935396,5771.01,UK pounds,UK pounds,UK,UK,ACH,1,Structuring/Smurfing,40,MEDIUM,Smurfing,"Smurfing: account '5764479195' made 3 transactions totalling 17,410.22 within 24h (each below 9,999.00 threshold)"
565,2026-05-07 13:04:03,4333653993,5625518678,4449.61,UK pounds,UK pounds,UK,UK,Credit card,0,,0,LOW,,
566,2026-05-07 13:04:09,7512140206,6646502650,7977.04,UK pounds,Euro,UK,France,Cross-border,0,,0,LOW,,
567,2026-05-07 13:04:10,6949764034,1612314007,14515.56,UK pounds,UK pounds,UK,UK,Debit card,0,Large-Cash-Transaction,25,LOW,LargeTransaction,"Transaction amount 14,515.56 UK pounds exceeds threshold of 8,000.00"
568,2026-05-07 13:04:14,5774648533,7892884492,11014.02,UK pounds,US dollar,UK,USA,Cross-border,0,Large-Cash-Transaction,25,LOW,LargeTransaction,"Transaction amount 11,014.02 UK pounds exceeds threshold of 8,000.00"
569,2026-05-07 13:04:15,1915450576,5162401694,10491.33,UK pounds,UK pounds,UK,UK,Cheque,0,Large-Cash-Transaction,25,LOW,LargeTransaction,"Transaction amount 10,491.33 UK pounds exceeds threshold of 8,000.00"
570,2026-05-07 13:04:15,5242230374,7261835634,265152.74,UK pounds,UK pounds,UK,UK,Cheque,0,Large-Cash-Transaction,25,LOW,LargeTransaction,"Transaction amount 265,152.74 UK pounds exceeds threshold of 8,000.00"
571,2026-05-07 13:04:21,520713149,2570595920,3333.62,UK pounds,UK pounds,UK,UK,Credit card,0,,0,LOW,,
572,2026-05-07 13:04:21,3182765311,3200398368,4909.94,UK pounds,UK pounds,UK,UK,Cheque,0,,0,LOW,,
573,2026-05-07 13:04:23,4024921053,1431561040,7003.8,UK pounds,UK pounds,UK,UK,Debit card,1,Structuring/Smurfing,40,MEDIUM,Smurfing,"Smurfing: account '4024921053' made 3 transactions totalling 20,971.24 within 24h (each below 9,999.00 threshold)"
574,2026-05-07 13:04:23,4117755003,6646502650,8452.54,UK pounds,Euro,UK,France,Cross-border,1,Large-Cash-Transaction; Structuring/Smurfing,65,HIGH,LargeTransaction|Smurfing,"Transaction amount 8,452.54 UK pounds exceeds threshold of 8,000.00; Smurfing: account '4117755003' made 3 transactions totalling 25,468.32 within 24h (each below 9,999.00 threshold)"
575,2026-05-07 13:04:24,5341263239,1176518598,1077.44,UK pounds,UK pounds,UK,UK,Credit card,0,,0,LOW,,
576,2026-05-07 13:04:26,9162887426,7160736915,5235.54,UK pounds,UK pounds,UK,UK,ACH,1,Structuring/Smurfing,40,MEDIUM,Smurfing,"Smurfing: account '9162887426' made 3 transactions totalling 15,697.72 within 24h (each below 9,999.00 threshold)"
577,2026-05-07 13:04:27,7234361451,8300197589,3188.09,UK pounds,UK pounds,UK,UK,Credit card,0,,0,LOW,,
578,2026-05-07 13:04:29,2920086918,1317923989,13987.71,UK pounds,UK pounds,UK,UK,ACH,0,Large-Cash-Transaction,25,LOW,LargeTransaction,"Transaction amount 13,987.71 UK pounds exceeds threshold of 8,000.00"
579,2026-05-07 13:04:32,1915450576,6338941383,6247.75,UK pounds,UK pounds,UK,UK,Cheque,1,Structuring/Smurfing,40,MEDIUM,Smurfing,"Smurfing: account '1915450576' made 4 transactions totalling 24,488.81 within 24h (each below 9,999.00 threshold)"
580,2026-05-07 13:04:34,4157434602,4158555857,285.25,UK pounds,UK pounds,UK,UK,Debit card,0,,0,LOW,,
581,2026-05-07 13:04:36,9534729015,4787209426,12111.49,UK pounds,UK pounds,UK,UK,Credit card,0,Large-Cash-Transaction,25,LOW,LargeTransaction,"Transaction amount 12,111.49 UK pounds exceeds threshold of 8,000.00"
582,2026-05-07 13:04:38,9707989791,6513250919,10888.77,UK pounds,UK pounds,UK,UK,ACH,0,Large-Cash-Transaction,25,LOW,LargeTransaction,"Transaction amount 10,888.77 UK pounds exceeds threshold of 8,000.00"
583,2026-05-07 13:04:40,4401693545,3374945735,208.43,UK pounds,UK pounds,UK,UK,Cash Withdrawal,0,,0,LOW,,
584,2026-05-07 13:04:40,7648291450,2941130754,3534.2,UK pounds,UK pounds,UK,UK,Credit card,0,,0,LOW,,
585,2026-05-07 13:04:42,2557121940,9839566913,2816.96,UK pounds,UK pounds,UK,UK,ACH,0,,0,LOW,,
586,2026-05-07 13:04:44,6679205752,5109623450,12083.23,UK pounds,UK pounds,UK,UK,Cheque,0,Large-Cash-Transaction,25,LOW,LargeTransaction,"Transaction amount 12,083.23 UK pounds exceeds threshold of 8,000.00"
587,2026-05-07 13:04:47,5770573061,5293429200,2063.78,UK pounds,UK pounds,UK,UK,Cash Deposit,0,,0,LOW,,
588,2026-05-07 13:04:48,483243369,1563430485,11178.91,UK pounds,UK pounds,UK,UK,Debit card,0,Large-Cash-Transaction,25,LOW,LargeTransaction,"Transaction amount 11,178.91 UK pounds exceeds threshold of 8,000.00"
589,2026-05-07 13:04:51,9450567744,9858405154,3892.5,UK pounds,UK pounds,UK,UK,ACH,0,,0,LOW,,
590,2026-05-07 13:04:54,478656214,3958180238,60076.95,UK pounds,UK pounds,UK,UK,ACH,0,Large-Cash-Transaction,25,LOW,LargeTransaction,"Transaction amount 60,076.95 UK pounds exceeds threshold of 8,000.00"
591,2026-05-07 13:04:56,5056154035,7882534453,874.91,UK pounds,UK pounds,UK,UK,Credit card,0,,0,LOW,,
592,2026-05-07 13:04:58,4024921053,1431561040,6946.5,UK pounds,UK pounds,UK,UK,Cheque,1,Structuring/Smurfing,40,MEDIUM,Smurfing,"Smurfing: account '4024921053' made 3 transactions totalling 20,971.24 within 24h (each below 9,999.00 threshold)"
593,2026-05-07 13:04:59,5021785800,5064372260,10033.47,UK pounds,UK pounds,UK,UK,Debit card,0,Large-Cash-Transaction,25,LOW,LargeTransaction,"Transaction amount 10,033.47 UK pounds exceeds threshold of 8,000.00"
594,2026-05-07 13:05:00,4928880336,1082642344,10753.26727,Yen,UK pounds,Japan,UK,Cross-border,0,Large-Cash-Transaction,25,LOW,LargeTransaction,"Transaction amount 10,753.27 Yen exceeds threshold of 10,000.00"
595,2026-05-07 13:05:02,557472407,790889166,16282.58,UK pounds,UK pounds,UK,UK,Cheque,0,Large-Cash-Transaction,25,LOW,LargeTransaction,"Transaction amount 16,282.58 UK pounds exceeds threshold of 8,000.00"
596,2026-05-07 13:05:05,5171934087,4544577994,224.55,UK pounds,UK pounds,UK,UK,Cash Withdrawal,0,,0,LOW,,
597,2026-05-07 13:05:08,2299676190,2534644942,5904.93,UK pounds,Euro,UK,France,Cross-border,1,Structuring/Smurfing,40,MEDIUM,Smurfing,"Smurfing: account '2299676190' made 3 transactions totalling 17,668.62 within 24h (each below 9,999.00 threshold)"
598,2026-05-07 13:05:09,1915450576,4706175310,6532.4,UK pounds,UK pounds,UK,UK,Debit card,1,Structuring/Smurfing,40,MEDIUM,Smurfing,"Smurfing: account '1915450576' made 5 transactions totalling 31,021.21 within 24h (each below 9,999.00 threshold)"
599,2026-05-07 13:05:10,7788310039,5103043844,10720.19,UK pounds,Naira,UK,Nigeria,Cross-border,0,Large-Cash-Transaction,25,LOW,LargeTransaction,"Transaction amount 10,720.19 UK pounds exceeds threshold of 8,000.00"
600,2026-05-07 13:05:17,1300794618,2138505015,7844.3,Euro,Dirham,France,UAE,Cross-border,1,Structuring/Smurfing,40,MEDIUM,Smurfing,"Smurfing: account '1300794618' made 3 transactions totalling 23,539.52 within 24h (each below 9,999.00 threshold)"
601,2026-05-07 13:05:23,7421451752,1103906765,20657.92,UK pounds,UK pounds,UK,UK,Cheque,0,Large-Cash-Transaction,25,LOW,LargeTransaction,"Transaction amount 20,657.92 UK pounds exceeds threshold of 8,000.00"
602,2026-05-07 13:05:23,1503552540,9270301533,178.02,UK pounds,UK pounds,UK,UK,Cash Withdrawal,0,,0,LOW,,
603,2026-05-07 13:05:27,3452368468,5517479211,13491.18,UK pounds,UK pounds,UK,UK,Debit card,0,Large-Cash-Transaction,25,LOW,LargeTransaction,"Transaction amount 13,491.18 UK pounds exceeds threshold of 8,000.00"
604,2026-05-07 13:05:27,7501327339,8061984977,9487.9,UK pounds,UK pounds,UK,UK,ACH,1,Large-Cash-Transaction; Structuring/Smurfing,65,HIGH,LargeTransaction|Smurfing,"Transaction amount 9,487.90 UK pounds exceeds threshold of 8,000.00; Smurfing: account '7501327339' made 6 transactions totalling 46,326.42 within 24h (each below 9,999.00 threshold)"
605,2026-05-07 13:05:28,8820389620,4336977506,7384.96,UK pounds,UK pounds,UK,UK,Debit card,1,Structuring/Smurfing,40,MEDIUM,Smurfing,"Smurfing: account '8820389620' made 3 transactions totalling 22,165.55 within 24h (each below 9,999.00 threshold)"
606,2026-05-07 13:05:31,6377408382,1377603863,5532.0,UK pounds,UK pounds,UK,UK,Credit card,0,,0,LOW,,
607,2026-05-07 13:05:33,1573450167,6953672776,10623.89,UK pounds,Mexican Peso,UK,Mexico,Cross-border,0,Large-Cash-Transaction,25,LOW,LargeTransaction,"Transaction amount 10,623.89 UK pounds exceeds threshold of 8,000.00"
608,2026-05-07 13:05:37,3510078932,6544532856,15847.04,UK pounds,UK pounds,UK,UK,ACH,0,Large-Cash-Transaction,25,LOW,LargeTransaction,"Transaction amount 15,847.04 UK pounds exceeds threshold of 8,000.00"
609,2026-05-07 13:05:39,22513864,3773299204,6319.09,UK pounds,UK pounds,UK,UK,Cheque,0,,0,LOW,,
610,2026-05-07 13:05:39,2258004917,5221082217,1570.77,UK pounds,UK pounds,UK,UK,ACH,0,,0,LOW,,
611,2026-05-07 13:05:41,7815302114,1842633217,6077.12,UK pounds,UK pounds,UK,UK,Credit card,1,Structuring/Smurfing,40,MEDIUM,Smurfing,"Smurfing: account '7815302114' made 3 transactions totalling 12,595.45 within 24h (each below 9,999.00 threshold)"
612,2026-05-07 13:05:42,9261607183,9237183134,3225.76,UK pounds,UK pounds,UK,UK,ACH,0,,0,LOW,,
613,2026-05-07 13:05:44,809323614,6147074737,1621.22,Euro,UK pounds,Italy,UK,Cross-border,0,,0,LOW,,
614,2026-05-07 13:05:50,9534729015,3520600371,10439.49,UK pounds,UK pounds,UK,UK,Debit card,0,Large-Cash-Transaction,25,LOW,LargeTransaction,"Transaction amount 10,439.49 UK pounds exceeds threshold of 8,000.00"
615,2026-05-07 13:05:51,1497614989,9005492388,627.8,UK pounds,UK pounds,UK,UK,Debit card,0,,0,LOW,,
616,2026-05-07 13:05:51,114506331,802455875,1925.52,UK pounds,UK pounds,UK,UK,Debit card,0,,0,LOW,,
617,2026-05-07 13:05:52,1239577273,4336977506,8030.74,UK pounds,UK pounds,UK,UK,ACH,0,Large-Cash-Transaction,25,LOW,LargeTransaction,"Transaction amount 8,030.74 UK pounds exceeds threshold of 8,000.00"
618,2026-05-07 13:05:52,721341092,5030513067,1120.45,UK pounds,UK pounds,UK,UK,Credit card,0,,0,LOW,,
619,2026-05-07 13:05:56,6116657264,578267324,11147.74,UK pounds,UK pounds,UK,UK,ACH,0,Large-Cash-Transaction,25,LOW,LargeTransaction,"Transaction amount 11,147.74 UK pounds exceeds threshold of 8,000.00"
620,2026-05-07 13:05:58,8995970854,2042968439,9556.33,UK pounds,UK pounds,UK,UK,ACH,0,Large-Cash-Transaction,25,LOW,LargeTransaction,"Transaction amount 9,556.33 UK pounds exceeds threshold of 8,000.00"
621,2026-05-07 13:06:00,7758268667,4048410232,17748.29,UK pounds,UK pounds,UK,UK,Cheque,0,Large-Cash-Transaction,25,LOW,LargeTransaction,"Transaction amount 17,748.29 UK pounds exceeds threshold of 8,000.00"
622,2026-05-07 13:06:01,6091741961,5539384863,49124.53,UK pounds,Swiss franc,UK,Switzerland,Cross-border,0,Large-Cash-Transaction,25,LOW,LargeTransaction,"Transaction amount 49,124.53 UK pounds exceeds threshold of 8,000.00"
623,2026-05-07 13:06:01,5594636802,1380562223,1434.18,UK pounds,UK pounds,UK,UK,Debit card,0,,0,LOW,,
624,2026-05-07 13:06:05,809625447,4552293879,456.9,UK pounds,UK pounds,UK,UK,Cheque,0,,0,LOW,,
625,2026-05-07 13:06:08,5790471849,378335393,2198.61,UK pounds,UK pounds,UK,UK,Debit card,0,,0,LOW,,
626,2026-05-07 13:06:13,2972193348,5103043844,6389.69,UK pounds,Naira,UK,Nigeria,Cross-border,1,Structuring/Smurfing,40,MEDIUM,Smurfing,"Smurfing: account '2972193348' made 3 transactions totalling 19,354.72 within 24h (each below 9,999.00 threshold)"
627,2026-05-07 13:06:14,2745587504,7108024722,15705.57,UK pounds,UK pounds,UK,UK,Debit card,0,Large-Cash-Transaction,25,LOW,LargeTransaction,"Transaction amount 15,705.57 UK pounds exceeds threshold of 8,000.00"
628,2026-05-07 13:06:16,2488093397,6668834736,2780.79,UK pounds,Naira,UK,UK,Cheque,0,,0,LOW,,
629,2026-05-07 13:06:16,8203229522,2074126451,5371.05,UK pounds,UK pounds,UK,UK,Credit card,1,Structuring/Smurfing,40,MEDIUM,Smurfing,"Smurfing: account '8203229522' made 3 transactions totalling 19,307.09 within 24h (each below 9,999.00 threshold)"
630,2026-05-07 13:06:16,8203229522,7963107269,8625.91,UK pounds,UK pounds,UK,UK,Cheque,1,Large-Cash-Transaction; Structuring/Smurfing,65,HIGH,LargeTransaction|Smurfing,"Transaction amount 8,625.91 UK pounds exceeds threshold of 8,000.00; Smurfing: account '8203229522' made 3 transactions totalling 19,307.09 within 24h (each below 9,999.00 threshold)"
631,2026-05-07 13:06:17,3690613055,1592487506,1065.32,Euro,UK pounds,Spain,UK,Cross-border,0,,0,LOW,,
632,2026-05-07 13:06:17,6831837137,1359741978,4125.35,UK pounds,UK pounds,UK,UK,Cheque,0,,0,LOW,,
633,2026-05-07 13:06:21,7758268667,7889074144,26556.69,UK pounds,UK pounds,UK,UK,ACH,0,Large-Cash-Transaction,25,LOW,LargeTransaction,"Transaction amount 26,556.69 UK pounds exceeds threshold of 8,000.00"
634,2026-05-07 13:06:22,7421451752,1300373577,5820.76,UK pounds,UK pounds,UK,UK,ACH,1,Structuring/Smurfing,40,MEDIUM,Smurfing,"Smurfing: account '7421451752' made 3 transactions totalling 19,092.12 within 24h (each below 9,999.00 threshold)"
635,2026-05-07 13:06:24,3590434653,575628785,8251.41,UK pounds,UK pounds,UK,UK,Credit card,0,Large-Cash-Transaction,25,LOW,LargeTransaction,"Transaction amount 8,251.41 UK pounds exceeds threshold of 8,000.00"
636,2026-05-07 13:06:26,3062818088,8310107528,6663.96,UK pounds,UK pounds,UK,UK,Debit card,0,,0,LOW,,
637,2026-05-07 13:06:28,8957544287,5858369125,13185.0,UK pounds,UK pounds,UK,UK,ACH,0,Large-Cash-Transaction,25,LOW,LargeTransaction,"Transaction amount 13,185.00 UK pounds exceeds threshold of 8,000.00"
638,2026-05-07 13:06:28,6216316627,5466123934,7987.7,UK pounds,UK pounds,UK,UK,Cheque,1,Structuring/Smurfing,40,MEDIUM,Smurfing,"Smurfing: account '6216316627' made 3 transactions totalling 23,793.03 within 24h (each below 9,999.00 threshold)"
639,2026-05-07 13:06:30,8952177221,6404529552,7769.7,UK pounds,UK pounds,UK,UK,ACH,1,Structuring/Smurfing,40,MEDIUM,Smurfing,"Smurfing: account '8952177221' made 5 transactions totalling 38,152.67 within 24h (each below 9,999.00 threshold)"
640,2026-05-07 13:06:31,8115817731,4877050806,5157.85,UK pounds,UK pounds,UK,UK,ACH,0,,0,LOW,,
641,2026-05-07 13:06:34,3109776919,5858369125,4510.35,UK pounds,UK pounds,UK,UK,Cheque,0,,0,LOW,,
642,2026-05-07 13:06:38,8987848252,1198366019,24873.23,UK pounds,UK pounds,UK,UK,Credit card,0,Large-Cash-Transaction,25,LOW,LargeTransaction,"Transaction amount 24,873.23 UK pounds exceeds threshold of 8,000.00"
643,2026-05-07 13:06:38,3633597876,7665280978,7092.54,UK pounds,UK pounds,UK,UK,ACH,0,,0,LOW,,
644,2026-05-07 13:06:39,3510078932,1625701030,6252.15,UK pounds,UK pounds,UK,UK,Debit card,1,Structuring/Smurfing,40,MEDIUM,Smurfing,"Smurfing: account '3510078932' made 4 transactions totalling 25,616.23 within 24h (each below 9,999.00 threshold)"
645,2026-05-07 13:06:41,3057117609,4173195094,11826.44,UK pounds,UK pounds,UK,UK,Cheque,0,Large-Cash-Transaction,25,LOW,LargeTransaction,"Transaction amount 11,826.44 UK pounds exceeds threshold of 8,000.00"
646,2026-05-07 13:06:42,3704147823,3960870790,111.18,UK pounds,Pakistani rupee,UK,Pakistan,Cross-border,0,,0,LOW,,
647,2026-05-07 13:06:44,2595670415,6223365730,14878.8,UK pounds,UK pounds,UK,UK,ACH,0,Large-Cash-Transaction,25,LOW,LargeTransaction,"Transaction amount 14,878.80 UK pounds exceeds threshold of 8,000.00"
648,2026-05-07 13:06:45,6032005546,6444220418,20428.44,UK pounds,UK pounds,UK,UK,Debit card,0,Large-Cash-Transaction,25,LOW,LargeTransaction,"Transaction amount 20,428.44 UK pounds exceeds threshold of 8,000.00"
649,2026-05-07 13:06:47,3850631048,1811715094,516.94,UK pounds,UK pounds,UK,UK,Cheque,0,,0,LOW,,
650,2026-05-07 13:06:50,1318348720,9138327944,3548.85,UK pounds,UK pounds,UK,UK,Debit card,0,,0,LOW,,
651,2026-05-07 13:06:53,7669236826,7207182461,10540.28,UK pounds,UK pounds,UK,UK,Debit card,0,Large-Cash-Transaction,25,LOW,LargeTransaction,"Transaction amount 10,540.28 UK pounds exceeds threshold of 8,000.00"
652,2026-05-07 13:06:54,3472077705,6761658812,715.99,UK pounds,UK pounds,UK,UK,Debit card,0,,0,LOW,,
653,2026-05-07 13:06:57,8945040192,3186820676,1626.11,UK pounds,UK pounds,UK,UK,Cash Deposit,0,,0,LOW,,
654,2026-05-07 13:06:57,5027255141,4270865741,6267.26,UK pounds,UK pounds,UK,UK,Cheque,1,Structuring/Smurfing,40,MEDIUM,Smurfing,"Smurfing: account '5027255141' made 3 transactions totalling 18,779.26 within 24h (each below 9,999.00 threshold)"
655,2026-05-07 13:06:57,8067385284,2596686122,75.58,UK pounds,UK pounds,UK,UK,Cash Withdrawal,0,,0,LOW,,
656,2026-05-07 13:06:58,8768198399,9105769228,13155.2,UK pounds,UK pounds,UK,UK,Cheque,0,Large-Cash-Transaction,25,LOW,LargeTransaction,"Transaction amount 13,155.20 UK pounds exceeds threshold of 8,000.00"
657,2026-05-07 13:06:59,461573471,4452427312,123.5,UK pounds,UK pounds,UK,UK,ACH,0,,0,LOW,,
658,2026-05-07 13:07:02,7326442087,1493436023,7553.14,UK pounds,UK pounds,UK,UK,Debit card,0,,0,LOW,,
659,2026-05-07 13:07:03,1881336524,3350909595,5523.28,UK pounds,UK pounds,UK,UK,Credit card,0,,0,LOW,,
660,2026-05-07 13:07:04,9901680164,1465487567,9647.2,UK pounds,UK pounds,UK,UK,Debit card,1,Large-Cash-Transaction; Layering,50,MEDIUM,LargeTransaction|Layering,"Transaction amount 9,647.20 UK pounds exceeds threshold of 8,000.00; Fan-in: receiver 1465487567 received from 9 distinct senders within 72h (chain amount: 120,793.78, threshold: 10,000.00)"
661,2026-05-07 13:07:10,6131516802,2061962556,20914.41,UK pounds,UK pounds,UK,UK,Credit card,0,Large-Cash-Transaction,25,LOW,LargeTransaction,"Transaction amount 20,914.41 UK pounds exceeds threshold of 8,000.00"
662,2026-05-07 13:07:12,8765837034,5706648130,2213.36,UK pounds,Albanian lek,UK,Albania,Cross-border,0,,0,LOW,,
663,2026-05-07 13:07:13,5065960445,6002039178,10938.74,UK pounds,Turkish lira,UK,Turkey,Cross-border,0,Large-Cash-Transaction,25,LOW,LargeTransaction,"Transaction amount 10,938.74 UK pounds exceeds threshold of 8,000.00"
664,2026-05-07 13:07:15,7562195312,6141012579,435.56,UK pounds,UK pounds,UK,UK,Debit card,0,,0,LOW,,
665,2026-05-07 13:07:18,2796222236,1546785666,16813.99,UK pounds,UK pounds,UK,UK,Debit card,0,Large-Cash-Transaction,25,LOW,LargeTransaction,"Transaction amount 16,813.99 UK pounds exceeds threshold of 8,000.00"
666,2026-05-07 13:07:24,1235653887,7010094377,342.55,UK pounds,UK pounds,UK,UK,Debit card,0,,0,LOW,,
667,2026-05-07 13:07:30,5982914936,7927090992,9116.18,UK pounds,UK pounds,UK,UK,Debit card,1,Large-Cash-Transaction; Structuring/Smurfing,65,HIGH,LargeTransaction|Smurfing,"Transaction amount 9,116.18 UK pounds exceeds threshold of 8,000.00; Smurfing: account '5982914936' made 3 transactions totalling 28,512.17 within 24h (each below 9,999.00 threshold)"
668,2026-05-07 13:07:32,4379144095,1854828415,6242.29,UK pounds,UK pounds,UK,UK,Debit card,0,,0,LOW,,
669,2026-05-07 13:07:33,7323084173,7080357663,18400.93,UK pounds,UK pounds,UK,UK,ACH,0,Large-Cash-Transaction,25,LOW,LargeTransaction,"Transaction amount 18,400.93 UK pounds exceeds threshold of 8,000.00"
670,2026-05-07 13:07:33,5898742877,7954352634,11233.55,UK pounds,UK pounds,UK,UK,ACH,0,Large-Cash-Transaction,25,LOW,LargeTransaction,"Transaction amount 11,233.55 UK pounds exceeds threshold of 8,000.00"
671,2026-05-07 13:07:36,1043505774,6953672776,6155.03,UK pounds,Mexican Peso,UK,Mexico,Cross-border,1,Structuring/Smurfing,40,MEDIUM,Smurfing,"Smurfing: account '1043505774' made 3 transactions totalling 18,387.36 within 24h (each below 9,999.00 threshold)"
672,2026-05-07 13:07:37,2320387917,1465487567,17397.62,UK pounds,UK pounds,UK,UK,ACH,1,Large-Cash-Transaction; Layering,50,MEDIUM,LargeTransaction|Layering,"Transaction amount 17,397.62 UK pounds exceeds threshold of 8,000.00; Fan-in: receiver 1465487567 received from 10 distinct senders within 72h (chain amount: 138,191.40, threshold: 10,000.00)"
673,2026-05-07 13:07:37,2365007895,2812285491,13262.59,UK pounds,UK pounds,UK,UK,ACH,0,Large-Cash-Transaction,25,LOW,LargeTransaction,"Transaction amount 13,262.59 UK pounds exceeds threshold of 8,000.00"
674,2026-05-07 13:07:45,7998970499,1662589468,2046.55,UK pounds,UK pounds,UK,UK,ACH,0,,0,LOW,,
675,2026-05-07 13:07:47,1615142471,6034997194,5803.89,Albanian lek,UK pounds,Albania,UK,Cross-border,1,Structuring/Smurfing,40,MEDIUM,Smurfing,"Smurfing: account '1615142471' made 3 transactions totalling 17,296.52 within 24h (each below 9,999.00 threshold)"
676,2026-05-07 13:07:49,1491989064,2482957386,26487.35,UK pounds,UK pounds,UK,UK,Credit card,0,Large-Cash-Transaction,25,LOW,LargeTransaction,"Transaction amount 26,487.35 UK pounds exceeds threshold of 8,000.00"
677,2026-05-07 13:08:13,5291333275,6953672776,12724.41,UK pounds,Mexican Peso,UK,Mexico,Cross-border,0,Large-Cash-Transaction,25,LOW,LargeTransaction,"Transaction amount 12,724.41 UK pounds exceeds threshold of 8,000.00"
678,2026-05-07 13:08:13,5021785800,9085148554,10441.89,UK pounds,UK pounds,UK,UK,ACH,0,Large-Cash-Transaction,25,LOW,LargeTransaction,"Transaction amount 10,441.89 UK pounds exceeds threshold of 8,000.00"
679,2026-05-07 13:08:21,4082552798,4173195094,11896.92,UK pounds,UK pounds,UK,UK,Debit card,0,Large-Cash-Transaction,25,LOW,LargeTransaction,"Transaction amount 11,896.92 UK pounds exceeds threshold of 8,000.00"
680,2026-05-07 13:08:25,703647888,1431561040,19964.67,UK pounds,UK pounds,UK,UK,ACH,0,Large-Cash-Transaction,25,LOW,LargeTransaction,"Transaction amount 19,964.67 UK pounds exceeds threshold of 8,000.00"
681,2026-05-07 13:08:25,6336054393,5039565944,11685.87,UK pounds,UK pounds,UK,UK,Cheque,0,Large-Cash-Transaction,25,LOW,LargeTransaction,"Transaction amount 11,685.87 UK pounds exceeds threshold of 8,000.00"
682,2026-05-07 13:08:27,4126443116,3152316451,5885.14,Euro,UK pounds,Austria,UK,Cross-border,0,,0,LOW,,
683,2026-05-07 13:08:27,937896594,7228171825,5002.28,UK pounds,UK pounds,UK,UK,Debit card,0,Fan-Out/Money-Mule,20,LOW,RapidMovement,"RapidMovement: account '7228171825' received 5,002.28 then re-sent 5,086.10 (101.7%) within 24h"
684,2026-05-07 13:08:37,8465013530,2534644942,16634.31,UK pounds,Euro,UK,France,Cross-border,0,Large-Cash-Transaction,25,LOW,LargeTransaction,"Transaction amount 16,634.31 UK pounds exceeds threshold of 8,000.00"
685,2026-05-07 13:08:39,7084763408,2663470390,3470.8,UK pounds,UK pounds,UK,UK,Cash Deposit,0,,0,LOW,,
686,2026-05-07 13:08:41,5452849099,4336977506,8559.2,UK pounds,UK pounds,UK,UK,ACH,1,Large-Cash-Transaction; Structuring/Smurfing,65,HIGH,LargeTransaction|Smurfing,"Transaction amount 8,559.20 UK pounds exceeds threshold of 8,000.00; Smurfing: account '5452849099' made 3 transactions totalling 25,781.09 within 24h (each below 9,999.00 threshold)"
687,2026-05-07 13:08:42,8079625765,9609077090,6046.6,UK pounds,UK pounds,UK,UK,Debit card,0,,0,LOW,,
688,2026-05-07 13:08:42,9416949366,8264100893,4562.29,UK pounds,UK pounds,UK,UK,Credit card,0,,0,LOW,,
689,2026-05-07 13:08:45,4600989500,1880469213,1791.69,UK pounds,UK pounds,UK,UK,Cash Deposit,0,,0,LOW,,
690,2026-05-07 13:08:47,8572310683,5896180453,6105.63,UK pounds,UK pounds,UK,UK,Credit card,1,Structuring/Smurfing,40,MEDIUM,Smurfing,"Smurfing: account '8572310683' made 3 transactions totalling 18,347.69 within 24h (each below 9,999.00 threshold)"
691,2026-05-07 13:08:50,1445991735,5323459625,1458.91,UK pounds,Yen,UK,Japan,Cross-border,0,,0,LOW,,
692,2026-05-07 13:08:53,2183566472,8571491184,507.64,UK pounds,UK pounds,UK,UK,ACH,0,,0,LOW,,
693,2026-05-07 13:09:02,5536162631,3665392218,18039.31,UK pounds,UK pounds,UK,UK,Credit card,0,Large-Cash-Transaction,25,LOW,LargeTransaction,"Transaction amount 18,039.31 UK pounds exceeds threshold of 8,000.00"
694,2026-05-07 13:09:02,1057924522,8704654367,73.82,UK pounds,UK pounds,UK,UK,Credit card,0,,0,LOW,,
695,2026-05-07 13:09:03,6428588628,5785796431,3066.03,UK pounds,UK pounds,UK,UK,Cheque,0,,0,LOW,,
696,2026-05-07 13:09:03,6086421020,6624920676,6142.01,UK pounds,UK pounds,UK,UK,Debit card,1,Structuring/Smurfing,40,MEDIUM,Smurfing,"Smurfing: account '6086421020' made 6 transactions totalling 39,735.44 within 24h (each below 9,999.00 threshold)"
697,2026-05-07 13:09:04,1738940565,409707192,21073.34,UK pounds,UK pounds,UK,UK,ACH,0,Large-Cash-Transaction,25,LOW,LargeTransaction,"Transaction amount 21,073.34 UK pounds exceeds threshold of 8,000.00"
698,2026-05-07 13:09:05,3641503015,7080357663,4510.75,UK pounds,UK pounds,UK,UK,Credit card,0,,0,LOW,,
699,2026-05-07 13:09:06,835689379,3960177918,2036.28,UK pounds,UK pounds,UK,UK,Debit card,0,,0,LOW,,
700,2026-05-07 13:09:08,5535497188,6527756886,26579.91,UK pounds,UK pounds,UK,UK,Cheque,0,Large-Cash-Transaction,25,LOW,LargeTransaction,"Transaction amount 26,579.91 UK pounds exceeds threshold of 8,000.00"
701,2026-05-07 13:09:08,9302522864,5466123934,8549.95,UK pounds,UK pounds,UK,UK,Debit card,0,Large-Cash-Transaction,25,LOW,LargeTransaction,"Transaction amount 8,549.95 UK pounds exceeds threshold of 8,000.00"
702,2026-05-07 13:09:10,4472999799,6917552485,4156.54,UK pounds,Yen,UK,Japan,Cross-border,0,,0,LOW,,
703,2026-05-07 13:09:12,6063481781,7984016799,3849.64,UK pounds,UK pounds,UK,UK,Debit card,0,,0,LOW,,
704,2026-05-07 13:09:15,9456514108,5109623450,8380.93,UK pounds,UK pounds,UK,UK,Debit card,1,Large-Cash-Transaction; Structuring/Smurfing,65,HIGH,LargeTransaction|Smurfing,"Transaction amount 8,380.93 UK pounds exceeds threshold of 8,000.00; Smurfing: account '9456514108' made 3 transactions totalling 25,105.02 within 24h (each below 9,999.00 threshold)"
705,2026-05-07 13:09:18,5631378216,5628674969,9082.72,UK pounds,UK pounds,UK,UK,ACH,1,Large-Cash-Transaction; Structuring/Smurfing,65,HIGH,LargeTransaction|Smurfing,"Transaction amount 9,082.72 UK pounds exceeds threshold of 8,000.00; Smurfing: account '5631378216' made 3 transactions totalling 27,030.30 within 24h (each below 9,999.00 threshold)"
706,2026-05-07 13:09:21,2365007895,2954469099,13107.13,UK pounds,UK pounds,UK,UK,Debit card,0,Large-Cash-Transaction,25,LOW,LargeTransaction,"Transaction amount 13,107.13 UK pounds exceeds threshold of 8,000.00"
707,2026-05-07 13:09:24,8513755444,5109756158,2433.35,UK pounds,UK pounds,UK,UK,ACH,0,,0,LOW,,
708,2026-05-07 13:09:25,3881238232,6304644161,640.98,UK pounds,UK pounds,UK,UK,ACH,0,,0,LOW,,
709,2026-05-07 13:09:26,1915450576,7315208637,6570.51,UK pounds,UK pounds,UK,UK,Credit card,1,Structuring/Smurfing,40,MEDIUM,Smurfing,"Smurfing: account '1915450576' made 6 transactions totalling 37,591.72 within 24h (each below 9,999.00 threshold)"
710,2026-05-07 13:09:33,7758268667,301740914,8859.29,UK pounds,UK pounds,UK,UK,ACH,1,Large-Cash-Transaction; Structuring/Smurfing,65,HIGH,LargeTransaction|Smurfing,"Transaction amount 8,859.29 UK pounds exceeds threshold of 8,000.00; Smurfing: account '7758268667' made 6 transactions totalling 45,775.60 within 24h (each below 9,999.00 threshold)"
711,2026-05-07 13:09:39,1675266982,9960453112,17143.98,UK pounds,UK pounds,UK,UK,Credit card,0,Large-Cash-Transaction,25,LOW,LargeTransaction,"Transaction amount 17,143.98 UK pounds exceeds threshold of 8,000.00"
712,2026-05-07 13:09:41,1996752909,4258935429,22280.9,UK pounds,UK pounds,UK,UK,Credit card,0,Large-Cash-Transaction,25,LOW,LargeTransaction,"Transaction amount 22,280.90 UK pounds exceeds threshold of 8,000.00"
713,2026-05-07 13:09:42,3168051873,9757535272,11177.56,UK pounds,UK pounds,UK,UK,Credit card,0,Large-Cash-Transaction,25,LOW,LargeTransaction,"Transaction amount 11,177.56 UK pounds exceeds threshold of 8,000.00"
714,2026-05-07 13:09:44,8474309857,5659763215,2949.64,UK pounds,UK pounds,UK,UK,ACH,0,,0,LOW,,
715,2026-05-07 13:09:46,2797271466,9599693960,9874.47,UK pounds,UK pounds,UK,UK,Cheque,1,Large-Cash-Transaction; Structuring/Smurfing,65,HIGH,LargeTransaction|Smurfing,"Transaction amount 9,874.47 UK pounds exceeds threshold of 8,000.00; Smurfing: account '2797271466' made 3 transactions totalling 26,252.30 within 24h (each below 9,999.00 threshold)"
716,2026-05-07 13:09:47,405051788,6064488085,8512.62,UK pounds,UK pounds,UK,UK,Cheque,0,Large-Cash-Transaction,25,LOW,LargeTransaction,"Transaction amount 8,512.62 UK pounds exceeds threshold of 8,000.00"
717,2026-05-07 13:09:49,6500267083,5466123934,8069.26,UK pounds,UK pounds,UK,UK,Cheque,1,Large-Cash-Transaction; Structuring/Smurfing,65,HIGH,LargeTransaction|Smurfing,"Transaction amount 8,069.26 UK pounds exceeds threshold of 8,000.00; Smurfing: account '6500267083' made 3 transactions totalling 24,250.33 within 24h (each below 9,999.00 threshold)"
718,2026-05-07 13:09:52,6367548102,6675357458,179.07,Euro,UK pounds,Spain,UK,Cross-border,0,,0,LOW,,
719,2026-05-07 13:09:53,1062641900,1693454173,16275.87,UK pounds,UK pounds,UK,UK,Cheque,0,Large-Cash-Transaction,25,LOW,LargeTransaction,"Transaction amount 16,275.87 UK pounds exceeds threshold of 8,000.00"
720,2026-05-07 13:09:54,4924839218,9567308380,1545.45,UK pounds,UK pounds,UK,UK,Debit card,0,,0,LOW,,
721,2026-05-07 13:10:00,716154569,3372425008,3644.7,UK pounds,UK pounds,UK,UK,Credit card,0,,0,LOW,,
722,2026-05-07 13:10:06,8487080282,5708936901,5696.48,UK pounds,UK pounds,UK,UK,Credit card,1,Structuring/Smurfing,40,MEDIUM,Smurfing,"Smurfing: account '8487080282' made 3 transactions totalling 17,216.95 within 24h (each below 9,999.00 threshold)"
723,2026-05-07 13:10:12,2173103945,6953672776,5410.58,UK pounds,Mexican Peso,UK,Mexico,Cross-border,0,,0,LOW,,
724,2026-05-07 13:10:14,2982318576,2961128128,2593.4,UK pounds,UK pounds,UK,UK,Cash Deposit,0,Fan-Out/Money-Mule,20,LOW,RapidMovement,"RapidMovement: account '2961128128' received 2,593.40 then re-sent 5,826.22 (224.7%) within 24h"
725,2026-05-07 13:10:14,848681361,9397412993,60299.93,UK pounds,Turkish lira,UK,Turkey,Cross-border,0,Large-Cash-Transaction,25,LOW,LargeTransaction,"Transaction amount 60,299.93 UK pounds exceeds threshold of 8,000.00"
726,2026-05-07 13:10:14,7363445549,2563034968,3712.14,UK pounds,UK pounds,UK,UK,Cash Deposit,0,,0,LOW,,
727,2026-05-07 13:10:16,599836428,6270208308,87.75,UK pounds,UK pounds,UK,UK,Cash Withdrawal,0,,0,LOW,,
728,2026-05-07 13:10:17,3027507704,1406805014,417.14,UK pounds,UK pounds,UK,UK,Debit card,0,,0,LOW,,
729,2026-05-07 13:10:20,6116657264,144438037,5787.26,UK pounds,UK pounds,UK,UK,Cheque,1,Structuring/Smurfing,40,MEDIUM,Smurfing,"Smurfing: account '6116657264' made 4 transactions totalling 23,445.82 within 24h (each below 9,999.00 threshold)"
730,2026-05-07 13:10:21,2122759581,2509211966,84.52,UK pounds,UK pounds,UK,UK,Cash Withdrawal,0,,0,LOW,,
731,2026-05-07 13:10:23,5070033405,3608703185,7465.98,UK pounds,UK pounds,UK,UK,Debit card,1,Structuring/Smurfing,40,MEDIUM,Smurfing,"Smurfing: account '5070033405' made 3 transactions totalling 22,415.84 within 24h (each below 9,999.00 threshold)"
732,2026-05-07 13:10:28,8898696157,6646502650,10236.83,UK pounds,Euro,UK,France,Cross-border,0,Large-Cash-Transaction,25,LOW,LargeTransaction,"Transaction amount 10,236.83 UK pounds exceeds threshold of 8,000.00"
733,2026-05-07 13:10:31,546049908,823316187,141.79,UK pounds,UK pounds,UK,UK,Cheque,0,,0,LOW,,
734,2026-05-07 13:10:36,4500643137,6435469504,8879.47,UK pounds,UK pounds,UK,UK,Debit card,0,Large-Cash-Transaction,25,LOW,LargeTransaction,"Transaction amount 8,879.47 UK pounds exceeds threshold of 8,000.00"
735,2026-05-07 13:10:37,8854146908,9600420260,5128.95,UK pounds,UK pounds,UK,UK,Cheque,1,Structuring/Smurfing,40,MEDIUM,Smurfing,"Smurfing: account '8854146908' made 3 transactions totalling 15,327.13 within 24h (each below 9,999.00 threshold)"
736,2026-05-07 13:10:41,5907668433,8482785849,1260.11,UK pounds,UK pounds,UK,UK,Cheque,0,,0,LOW,,
737,2026-05-07 13:10:45,6116657264,2283849585,4367.06,UK pounds,UK pounds,UK,UK,ACH,1,Structuring/Smurfing,40,MEDIUM,Smurfing,"Smurfing: account '6116657264' made 5 transactions totalling 27,812.88 within 24h (each below 9,999.00 threshold)"
738,2026-05-07 13:10:45,1215740475,6328447605,1690.62,UK pounds,UK pounds,UK,UK,Debit card,0,,0,LOW,,
739,2026-05-07 13:10:48,1465780080,6358102783,1374.35,UK pounds,UK pounds,UK,UK,Cheque,0,,0,LOW,,
740,2026-05-07 13:10:50,1855785042,6910079988,966.08,UK pounds,UK pounds,UK,UK,Cheque,0,,0,LOW,,
741,2026-05-07 13:10:51,5579698692,819478298,1639.74,UK pounds,UK pounds,UK,UK,ACH,0,,0,LOW,,
742,2026-05-07 13:10:51,7421451752,1300373577,5793.22,UK pounds,UK pounds,UK,UK,Debit card,1,Structuring/Smurfing,40,MEDIUM,Smurfing,"Smurfing: account '7421451752' made 4 transactions totalling 24,885.34 within 24h (each below 9,999.00 threshold)"
743,2026-05-07 13:10:54,7121365992,835689379,3814.87,UK pounds,UK pounds,UK,UK,Cash Deposit,0,,0,LOW,,
744,2026-05-07 13:10:54,4158383100,754868782,2917.04,UK pounds,Turkish lira,UK,Turkey,Cross-border,0,,0,LOW,,
745,2026-05-07 13:10:58,9013887873,737392273,498.24,UK pounds,UK pounds,UK,UK,Debit card,0,,0,LOW,,
746,2026-05-07 13:11:06,9416949366,1164020053,12164.33,UK pounds,UK pounds,UK,UK,Credit card,0,Large-Cash-Transaction,25,LOW,LargeTransaction,"Transaction amount 12,164.33 UK pounds exceeds threshold of 8,000.00"
747,2026-05-07 13:11:08,750883711,5985734440,15694.78,UK pounds,UK pounds,UK,UK,ACH,0,Large-Cash-Transaction,25,LOW,LargeTransaction,"Transaction amount 15,694.78 UK pounds exceeds threshold of 8,000.00"
748,2026-05-07 13:11:09,8456279067,4358275767,13358.44,UK pounds,UK pounds,UK,UK,ACH,0,Large-Cash-Transaction,25,LOW,LargeTransaction,"Transaction amount 13,358.44 UK pounds exceeds threshold of 8,000.00"
749,2026-05-07 13:11:10,5309124465,2534644942,9683.45,UK pounds,Euro,UK,France,Cross-border,0,Large-Cash-Transaction,25,LOW,LargeTransaction,"Transaction amount 9,683.45 UK pounds exceeds threshold of 8,000.00"
750,2026-05-07 13:11:13,8203229522,1470548333,5310.13,UK pounds,UK pounds,UK,UK,Credit card,1,Structuring/Smurfing,40,MEDIUM,Smurfing,"Smurfing: account '8203229522' made 3 transactions totalling 19,307.09 within 24h (each below 9,999.00 threshold)"
751,2026-05-07 13:11:13,865679101,1750168908,1348.76,UK pounds,UK pounds,UK,UK,ACH,0,,0,LOW,,
752,2026-05-07 13:11:14,9352882360,1800807719,3769.93,UK pounds,UK pounds,UK,UK,ACH,0,,0,LOW,,
753,2026-05-07 13:11:16,4727686386,7500989871,1382.28,UK pounds,UK pounds,UK,UK,ACH,0,,0,LOW,,
754,2026-05-07 13:11:17,3709430533,8716511495,9584.07,UK pounds,UK pounds,UK,UK,ACH,1,Large-Cash-Transaction; Structuring/Smurfing,65,HIGH,LargeTransaction|Smurfing,"Transaction amount 9,584.07 UK pounds exceeds threshold of 8,000.00; Smurfing: account '3709430533' made 3 transactions totalling 24,671.82 within 24h (each below 9,999.00 threshold)"
755,2026-05-07 13:11:19,4007288126,6458903778,1913.43,UK pounds,UK pounds,UK,UK,Cheque,0,,0,LOW,,
756,2026-05-07 13:11:21,1738940565,409707192,21095.95,UK pounds,UK pounds,UK,UK,ACH,0,Large-Cash-Transaction,25,LOW,LargeTransaction,"Transaction amount 21,095.95 UK pounds exceeds threshold of 8,000.00"
757,2026-05-07 13:11:27,5982914936,9491670243,9715.7,UK pounds,UK pounds,UK,UK,ACH,1,Large-Cash-Transaction; Structuring/Smurfing,65,HIGH,LargeTransaction|Smurfing,"Transaction amount 9,715.70 UK pounds exceeds threshold of 8,000.00; Smurfing: account '5982914936' made 3 transactions totalling 28,512.17 within 24h (each below 9,999.00 threshold)"
758,2026-05-07 13:11:28,8895949237,6421031924,1946.77,UK pounds,UK pounds,UK,UK,Credit card,0,,0,LOW,,
759,2026-05-07 13:11:28,8600542721,8493083192,3169.73,UK pounds,UK pounds,UK,UK,Debit card,0,,0,LOW,,
760,2026-05-07 13:11:32,5411794037,8352571580,7305.24,UK pounds,UK pounds,UK,UK,ACH,0,,0,LOW,,
761,2026-05-07 13:11:32,8643836860,5606274799,3374.11,UK pounds,UK pounds,UK,UK,Cheque,0,,0,LOW,,
762,2026-05-07 13:11:34,7877307782,1420822472,4611.94,UK pounds,UK pounds,UK,UK,ACH,0,,0,LOW,,
763,2026-05-07 13:11:39,7228171825,937896594,3662.84,UK pounds,UK pounds,UK,UK,Cheque,0,Fan-Out/Money-Mule,20,LOW,RapidMovement,RapidMovement: part of rapid fund re-dispatch from account '7228171825'
764,2026-05-07 13:11:41,7501327339,3546968911,5059.12,UK pounds,Euro,UK,Germany,Cross-border,1,Structuring/Smurfing,40,MEDIUM,Smurfing,"Smurfing: account '7501327339' made 7 transactions totalling 51,385.54 within 24h (each below 9,999.00 threshold)"
765,2026-05-07 13:11:44,936440682,4336977506,7453.82,UK pounds,UK pounds,UK,UK,Credit card,0,,0,LOW,,
766,2026-05-07 13:11:51,8389148416,8705942251,7397.84,UK pounds,UK pounds,UK,UK,Credit card,1,Structuring/Smurfing,40,MEDIUM,Smurfing,"Smurfing: account '8389148416' made 3 transactions totalling 22,879.89 within 24h (each below 9,999.00 threshold)"
767,2026-05-07 13:11:54,2882785178,3329252232,11798.74,UK pounds,UK pounds,UK,UK,Debit card,0,Large-Cash-Transaction,25,LOW,LargeTransaction,"Transaction amount 11,798.74 UK pounds exceeds threshold of 8,000.00"
768,2026-05-07 13:11:54,6835365369,1696366856,2876.34,UK pounds,UK pounds,UK,UK,ACH,0,,0,LOW,,
769,2026-05-07 13:11:55,8987848252,7140265767,5323.75,UK pounds,UK pounds,UK,UK,ACH,1,Structuring/Smurfing,40,MEDIUM,Smurfing,"Smurfing: account '8987848252' made 3 transactions totalling 16,454.78 within 24h (each below 9,999.00 threshold)"
770,2026-05-07 13:11:57,5764479195,6855935396,5812.65,UK pounds,UK pounds,UK,UK,Cheque,1,Structuring/Smurfing,40,MEDIUM,Smurfing,"Smurfing: account '5764479195' made 3 transactions totalling 17,410.22 within 24h (each below 9,999.00 threshold)"
771,2026-05-07 13:12:02,6086421020,7011505686,11389.03,UK pounds,Euro,UK,Italy,Cross-border,0,Large-Cash-Transaction,25,LOW,LargeTransaction,"Transaction amount 11,389.03 UK pounds exceeds threshold of 8,000.00"
772,2026-05-07 13:12:03,630043131,9351862145,2820.46,UK pounds,UK pounds,UK,UK,Credit card,0,,0,LOW,,
773,2026-05-07 13:12:04,1139916404,6855935396,4583.38,UK pounds,UK pounds,UK,UK,ACH,0,,0,LOW,,
774,2026-05-07 13:12:06,287226045,4622043725,22965.62,UK pounds,UK pounds,UK,UK,ACH,0,Large-Cash-Transaction,25,LOW,LargeTransaction,"Transaction amount 22,965.62 UK pounds exceeds threshold of 8,000.00"
775,2026-05-07 13:12:06,9584010516,5466123934,6475.43,UK pounds,UK pounds,UK,UK,Debit card,0,,0,LOW,,
776,2026-05-07 13:12:07,6421791596,5177860885,1384.79,UK pounds,UK pounds,UK,UK,Cheque,0,,0,LOW,,
777,2026-05-07 13:12:11,4046226659,2335777366,455.37,UK pounds,UK pounds,UK,UK,Cash Deposit,0,,0,LOW,,
778,2026-05-07 13:12:11,7799825595,2496345098,6876.02,UK pounds,UK pounds,UK,UK,Cheque,0,,0,LOW,,
779,2026-05-07 13:12:13,1483277195,4726958637,3981.33,UK pounds,Euro,UK,France,Cross-border,0,,0,LOW,,
780,2026-05-07 13:12:13,2396691631,293375797,5256.05,UK pounds,UK pounds,UK,UK,Credit card,0,,0,LOW,,
781,2026-05-07 13:12:14,6566598426,6035911595,1960.13,UK pounds,UK pounds,UK,UK,Cheque,0,,0,LOW,,
782,2026-05-07 13:12:20,8220999537,6306150528,598.05,UK pounds,UK pounds,UK,UK,Cash Deposit,0,,0,LOW,,
783,2026-05-07 13:12:21,4018878972,7230082377,3389.83,UK pounds,UK pounds,UK,UK,Credit card,0,,0,LOW,,
784,2026-05-07 13:12:28,8456279067,8572828015,5639.15,UK pounds,Euro,UK,UK,Credit card,1,Structuring/Smurfing,40,MEDIUM,Smurfing,"Smurfing: account '8456279067' made 3 transactions totalling 20,160.03 within 24h (each below 9,999.00 threshold)"
785,2026-05-07 13:12:29,7501327339,3230579354,10964.63,UK pounds,UK pounds,UK,UK,Debit card,0,Large-Cash-Transaction,25,LOW,LargeTransaction,"Transaction amount 10,964.63 UK pounds exceeds threshold of 8,000.00"
786,2026-05-07 13:12:32,7634512819,1431561040,16386.05,UK pounds,UK pounds,UK,UK,Cheque,0,Large-Cash-Transaction,25,LOW,LargeTransaction,"Transaction amount 16,386.05 UK pounds exceeds threshold of 8,000.00"
787,2026-05-07 13:12:32,116289163,4289603223,1584.4,UK pounds,UK pounds,UK,UK,Credit card,0,,0,LOW,,
788,2026-05-07 13:12:35,6176940453,7938837088,6321.43,UK pounds,UK pounds,UK,UK,Cheque,0,,0,LOW,,
789,2026-05-07 13:12:37,8940781509,6651765338,59.21,UK pounds,UK pounds,UK,UK,Cash Withdrawal,0,,0,LOW,,
790,2026-05-07 13:12:38,5021785800,9745680135,12773.85,UK pounds,Yen,UK,Japan,Cross-border,0,Large-Cash-Transaction,25,LOW,LargeTransaction,"Transaction amount 12,773.85 UK pounds exceeds threshold of 8,000.00"
791,2026-05-07 13:12:38,3697918511,7160736915,6617.22,UK pounds,UK pounds,UK,UK,Cheque,0,,0,LOW,,
792,2026-05-07 13:12:42,1378784400,954066234,5946.0,UK pounds,UK pounds,UK,UK,Debit card,1,Structuring/Smurfing,40,MEDIUM,Smurfing,"Smurfing: account '1378784400' made 5 transactions totalling 33,522.39 within 24h (each below 9,999.00 threshold)"
793,2026-05-07 13:12:43,9425018817,7228879969,4720.89,UK pounds,UK pounds,UK,UK,Debit card,0,,0,LOW,,
794,2026-05-07 13:12:43,2902781989,3781223505,157.08,UK pounds,UK pounds,UK,UK,Cash Withdrawal,0,,0,LOW,,
795,2026-05-07 13:12:43,5021785800,7659797939,5792.02,UK pounds,UK pounds,UK,UK,Credit card,1,Structuring/Smurfing,40,MEDIUM,Smurfing,"Smurfing: account '5021785800' made 6 transactions totalling 37,575.22 within 24h (each below 9,999.00 threshold)"
796,2026-05-07 13:12:45,1010053518,3098762122,23929.73,UK pounds,UK pounds,UK,UK,Credit card,0,Large-Cash-Transaction,25,LOW,LargeTransaction,"Transaction amount 23,929.73 UK pounds exceeds threshold of 8,000.00"
797,2026-05-07 13:12:51,4488993732,9606537579,589.78,UK pounds,UK pounds,UK,UK,Debit card,0,,0,LOW,,
798,2026-05-07 13:12:52,7785245954,4106959965,2125.33,UK pounds,Moroccan dirham,UK,Morocco,Cross-border,0,,0,LOW,,
799,2026-05-07 13:12:52,7125011674,6034997194,5203.31,UK pounds,UK pounds,UK,UK,Cheque,0,,0,LOW,,
800,2026-05-07 13:12:54,7731044104,6538540101,5414.27,UK pounds,UK pounds,UK,UK,Cash Deposit,0,,0,LOW,,
801,2026-05-07 13:12:58,3983362006,8289935297,2193.81,US dollar,UK pounds,UK,UK,Credit card,0,,0,LOW,,
802,2026-05-07 13:13:09,2980873343,4952034138,13612.93,UK pounds,UK pounds,UK,UK,Cheque,0,Large-Cash-Transaction,25,LOW,LargeTransaction,"Transaction amount 13,612.93 UK pounds exceeds threshold of 8,000.00"
803,2026-05-07 13:13:09,7669236826,8384550734,4813.5,UK pounds,UK pounds,UK,UK,Cheque,1,Structuring/Smurfing,40,MEDIUM,Smurfing,"Smurfing: account '7669236826' made 3 transactions totalling 21,833.01 within 24h (each below 9,999.00 threshold)"
804,2026-05-07 13:13:09,7155736136,1316458123,5749.23,UK pounds,Mexican Peso,UK,Mexico,Cross-border,0,,0,LOW,,
805,2026-05-07 13:13:11,1394177372,1465487567,11639.33,UK pounds,UK pounds,UK,UK,Debit card,1,Large-Cash-Transaction; Layering,50,MEDIUM,LargeTransaction|Layering,"Transaction amount 11,639.33 UK pounds exceeds threshold of 8,000.00; Fan-in: receiver 1465487567 received from 10 distinct senders within 72h (chain amount: 149,830.73, threshold: 10,000.00)"
806,2026-05-07 13:13:13,4121324384,8135174919,10776.71,Euro,UK pounds,Spain,UK,Cross-border,0,Large-Cash-Transaction,25,LOW,LargeTransaction,"Transaction amount 10,776.71 Euro exceeds threshold of 9,000.00"
807,2026-05-07 13:13:16,9367831660,4726015430,3744.56,UK pounds,UK pounds,UK,UK,Cash Deposit,0,,0,LOW,,
808,2026-05-07 13:13:17,7456606373,7733465560,3401.78,UK pounds,UK pounds,UK,UK,Cheque,0,,0,LOW,,
809,2026-05-07 13:13:19,6408343900,247238854,1657.11,UK pounds,UK pounds,UK,UK,Credit card,0,,0,LOW,,
810,2026-05-07 13:13:30,6331386777,7294407426,2317.84,UK pounds,UK pounds,UK,UK,Credit card,0,,0,LOW,,
811,2026-05-07 13:13:31,9222757302,5109623450,9208.7,UK pounds,UK pounds,UK,UK,Cheque,1,Large-Cash-Transaction; Structuring/Smurfing,65,HIGH,LargeTransaction|Smurfing,"Transaction amount 9,208.70 UK pounds exceeds threshold of 8,000.00; Smurfing: account '9222757302' made 3 transactions totalling 27,451.01 within 24h (each below 9,999.00 threshold)"
812,2026-05-07 13:13:33,1805171806,1465487567,5848.61,UK pounds,UK pounds,UK,UK,Debit card,1,Structuring/Smurfing; Layering; Fan-Out/Money-Mule,85,CRITICAL,Smurfing|Layering|RapidMovement,"Smurfing: account '1805171806' made 3 transactions totalling 17,769.77 within 24h (each below 9,999.00 threshold); Fan-in: receiver 1465487567 received from 10 distinct senders within 72h (chain amount: 155,679.34, threshold: 10,000.00); RapidMovement: account '1465487567' received 5,848.61 then re-sent 5,256.24 (89.9%) within 24h"
813,2026-05-07 13:13:33,8370477244,7444709161,16629.59,UK pounds,Euro,UK,Italy,Cross-border,0,Large-Cash-Transaction,25,LOW,LargeTransaction,"Transaction amount 16,629.59 UK pounds exceeds threshold of 8,000.00"
814,2026-05-07 13:13:34,2661600778,385669822,6413.33,UK pounds,UK pounds,UK,UK,ACH,0,,0,LOW,,
815,2026-05-07 13:13:36,5311089132,3116345888,4675.0,UK pounds,UK pounds,UK,UK,Cheque,0,,0,LOW,,
816,2026-05-07 13:13:40,6904668523,1140410616,4981.32,UK pounds,UK pounds,UK,UK,ACH,1,Structuring/Smurfing,40,MEDIUM,Smurfing,"Smurfing: account '6904668523' made 3 transactions totalling 22,341.01 within 24h (each below 9,999.00 threshold)"
817,2026-05-07 13:13:42,1977915508,1493436023,16361.21,UK pounds,UK pounds,UK,UK,Credit card,0,Large-Cash-Transaction,25,LOW,LargeTransaction,"Transaction amount 16,361.21 UK pounds exceeds threshold of 8,000.00"
818,2026-05-07 13:13:43,5878478934,9736890208,1254.9,UK pounds,UK pounds,UK,UK,ACH,0,,0,LOW,,
819,2026-05-07 13:13:44,6541552727,5240847125,6181.7,UK pounds,UK pounds,UK,UK,ACH,1,Structuring/Smurfing,40,MEDIUM,Smurfing,"Smurfing: account '6541552727' made 4 transactions totalling 29,049.73 within 24h (each below 9,999.00 threshold)"
820,2026-05-07 13:13:46,5191792876,9234906087,1371.72,UK pounds,UK pounds,UK,UK,Cheque,0,,0,LOW,,
821,2026-05-07 13:13:48,2337289637,9543116061,7660.74,UK pounds,UK pounds,UK,UK,Credit card,0,,0,LOW,,
822,2026-05-07 13:13:48,7815302114,1271393848,2398.91,UK pounds,UK pounds,UK,UK,Credit card,1,Structuring/Smurfing,40,MEDIUM,Smurfing,"Smurfing: account '7815302114' made 3 transactions totalling 12,595.45 within 24h (each below 9,999.00 threshold)"
823,2026-05-07 13:13:50,1320529492,2696738269,1536.53,UK pounds,UK pounds,UK,UK,ACH,0,,0,LOW,,
824,2026-05-07 13:13:52,7669236826,3794172311,6886.56,UK pounds,UK pounds,UK,UK,Credit card,1,Structuring/Smurfing,40,MEDIUM,Smurfing,"Smurfing: account '7669236826' made 4 transactions totalling 28,719.57 within 24h (each below 9,999.00 threshold)"
825,2026-05-07 13:13:53,8744916972,8352571580,4488.74,UK pounds,UK pounds,UK,UK,Cheque,0,,0,LOW,,
826,2026-05-07 13:13:55,3894781714,8172080174,5469.53,UK pounds,UK pounds,UK,UK,Debit card,1,Structuring/Smurfing; Layering,65,HIGH,Smurfing|Layering,"Smurfing: account '3894781714' made 3 transactions totalling 16,413.17 within 24h (each below 9,999.00 threshold); Fan-in: receiver 8172080174 received from 5 distinct senders within 72h (chain amount: 55,042.36, threshold: 10,000.00)"
827,2026-05-07 13:13:57,2793462977,191102945,2698.29,UK pounds,UK pounds,UK,UK,ACH,0,,0,LOW,,
828,2026-05-07 13:13:58,7434320725,2647394696,3459.51,UK pounds,UK pounds,UK,UK,Debit card,0,,0,LOW,,
829,2026-05-07 13:13:59,3987427708,7133861198,6424.88,UK pounds,UK pounds,UK,UK,Debit card,0,,0,LOW,,
830,2026-05-07 13:13:59,3868587578,7080357663,12694.46,UK pounds,UK pounds,UK,UK,Debit card,0,Large-Cash-Transaction,25,LOW,LargeTransaction,"Transaction amount 12,694.46 UK pounds exceeds threshold of 8,000.00"
831,2026-05-07 13:14:00,5452849099,4336977506,8605.11,UK pounds,UK pounds,UK,UK,Cheque,1,Large-Cash-Transaction; Structuring/Smurfing,65,HIGH,LargeTransaction|Smurfing,"Transaction amount 8,605.11 UK pounds exceeds threshold of 8,000.00; Smurfing: account '5452849099' made 3 transactions totalling 25,781.09 within 24h (each below 9,999.00 threshold)"
832,2026-05-07 13:14:01,9653270312,8784613261,2442.14,UK pounds,UK pounds,UK,UK,Cheque,0,,0,LOW,,
833,2026-05-07 13:14:09,7140707125,5628674969,6327.17,UK pounds,UK pounds,UK,UK,Debit card,0,,0,LOW,,
834,2026-05-07 13:14:19,6460610033,5858369125,12584.21,UK pounds,UK pounds,UK,UK,Debit card,0,Large-Cash-Transaction,25,LOW,LargeTransaction,"Transaction amount 12,584.21 UK pounds exceeds threshold of 8,000.00"
835,2026-05-07 13:14:23,4121324384,9281561360,22024.28,Euro,UK pounds,Spain,UK,Cross-border,0,Large-Cash-Transaction,25,LOW,LargeTransaction,"Transaction amount 22,024.28 Euro exceeds threshold of 9,000.00"
836,2026-05-07 13:14:23,5101923207,8756736399,82.65,UK pounds,UK pounds,UK,UK,Credit card,0,,0,LOW,,
837,2026-05-07 13:14:24,5714926472,2534644942,5162.45,UK pounds,Euro,UK,France,Cross-border,1,Structuring/Smurfing,40,MEDIUM,Smurfing,"Smurfing: account '5714926472' made 3 transactions totalling 15,452.81 within 24h (each below 9,999.00 threshold)"
838,2026-05-07 13:14:24,1887550203,8162326457,3665.03,UK pounds,UK pounds,UK,UK,Cheque,0,,0,LOW,,
839,2026-05-07 13:14:28,3410058398,8228282373,3593.08,UK pounds,UK pounds,UK,UK,Cheque,0,,0,LOW,,
840,2026-05-07 13:14:28,6032005546,6444220418,20350.94,UK pounds,UK pounds,UK,UK,Debit card,0,Large-Cash-Transaction,25,LOW,LargeTransaction,"Transaction amount 20,350.94 UK pounds exceeds threshold of 8,000.00"
841,2026-05-07 13:14:29,4058692509,6064532869,1828.56,UK pounds,UK pounds,UK,UK,Cheque,0,,0,LOW,,
842,2026-05-07 13:14:33,9591187244,4173195094,6649.85,UK pounds,UK pounds,UK,UK,Credit card,1,Structuring/Smurfing,40,MEDIUM,Smurfing,"Smurfing: account '9591187244' made 3 transactions totalling 19,984.43 within 24h (each below 9,999.00 threshold)"
843,2026-05-07 13:14:35,7018140784,5885798493,9545.05,UK pounds,UK pounds,UK,UK,Cheque,0,Large-Cash-Transaction,25,LOW,LargeTransaction,"Transaction amount 9,545.05 UK pounds exceeds threshold of 8,000.00"
844,2026-05-07 13:14:37,9541087936,4432690383,8300.65,UK pounds,UK pounds,UK,UK,ACH,1,Large-Cash-Transaction; Structuring/Smurfing,65,HIGH,LargeTransaction|Smurfing,"Transaction amount 8,300.65 UK pounds exceeds threshold of 8,000.00; Smurfing: account '9541087936' made 3 transactions totalling 24,081.93 within 24h (each below 9,999.00 threshold)"
845,2026-05-07 13:14:39,6133650301,4385630974,2252.35,UK pounds,UK pounds,UK,UK,Credit card,0,,0,LOW,,
846,2026-05-07 13:14:39,1583185005,8899448463,1687.29,UK pounds,UK pounds,UK,UK,Cash Deposit,0,,0,LOW,,
847,2026-05-07 13:14:41,1378784400,8410469287,8923.45,Yen,UK pounds,UK,UK,ACH,1,Structuring/Smurfing,40,MEDIUM,Smurfing,"Smurfing: account '1378784400' made 6 transactions totalling 42,445.84 within 24h (each below 9,999.00 threshold)"
848,2026-05-07 13:14:48,8430816457,1057388918,3507.77,UK pounds,UK pounds,UK,UK,ACH,0,,0,LOW,,
849,2026-05-07 13:14:56,7862735091,8273831180,530.25,UK pounds,UK pounds,UK,UK,ACH,0,,0,LOW,,
850,2026-05-07 13:14:56,7617315686,9142843211,2578.25,UK pounds,UK pounds,UK,UK,ACH,0,,0,LOW,,
851,2026-05-07 13:14:59,4708818879,5031896657,3428.17,UK pounds,UK pounds,UK,UK,Credit card,0,,0,LOW,,
852,2026-05-07 13:15:03,7758268667,3325153054,9996.46,Euro,UK pounds,UK,UK,Cheque,1,Large-Cash-Transaction; Structuring/Smurfing,65,HIGH,LargeTransaction|Smurfing,"Transaction amount 9,996.46 Euro exceeds threshold of 9,000.00; Smurfing: account '7758268667' made 7 transactions totalling 55,772.06 within 24h (each below 9,999.00 threshold)"
853,2026-05-07 13:15:04,6116657264,7249249682,5730.95,UK pounds,UK pounds,UK,UK,Credit card,1,Structuring/Smurfing,40,MEDIUM,Smurfing,"Smurfing: account '6116657264' made 6 transactions totalling 33,543.83 within 24h (each below 9,999.00 threshold)"
854,2026-05-07 13:15:10,3614082527,6066458462,5837.09,UK pounds,UK pounds,UK,UK,Debit card,1,Structuring/Smurfing,40,MEDIUM,Smurfing,"Smurfing: account '3614082527' made 4 transactions totalling 31,802.46 within 24h (each below 9,999.00 threshold)"
855,2026-05-07 13:15:12,7669236826,375015805,4413.88,UK pounds,UK pounds,UK,UK,Credit card,1,Structuring/Smurfing,40,MEDIUM,Smurfing,"Smurfing: account '7669236826' made 5 transactions totalling 33,133.45 within 24h (each below 9,999.00 threshold)"
856,2026-05-07 13:15:12,7166052239,8172080174,6972.44,UK pounds,UK pounds,UK,UK,Debit card,1,Structuring/Smurfing; Layering,65,HIGH,Smurfing|Layering,"Smurfing: account '7166052239' made 3 transactions totalling 20,936.24 within 24h (each below 9,999.00 threshold); Fan-in: receiver 8172080174 received from 5 distinct senders within 72h (chain amount: 62,014.80, threshold: 10,000.00)"
857,2026-05-07 13:15:14,6030009859,2404595376,8337.77,UK pounds,UK pounds,UK,UK,Credit card,0,Large-Cash-Transaction,25,LOW,LargeTransaction,"Transaction amount 8,337.77 UK pounds exceeds threshold of 8,000.00"
858,2026-05-07 13:15:18,7669056133,7136708043,3503.1,UK pounds,UK pounds,UK,UK,Credit card,0,,0,LOW,,
859,2026-05-07 13:15:18,6116657264,224176497,4610.66,UK pounds,UK pounds,UK,UK,Debit card,1,Structuring/Smurfing,40,MEDIUM,Smurfing,"Smurfing: account '6116657264' made 7 transactions totalling 38,154.49 within 24h (each below 9,999.00 threshold)"
860,2026-05-07 13:15:18,8952177221,5367802555,8054.29,UK pounds,UK pounds,UK,UK,Debit card,1,Large-Cash-Transaction; Structuring/Smurfing,65,HIGH,LargeTransaction|Smurfing,"Transaction amount 8,054.29 UK pounds exceeds threshold of 8,000.00; Smurfing: account '8952177221' made 6 transactions totalling 46,206.96 within 24h (each below 9,999.00 threshold)"
861,2026-05-07 13:15:21,941337145,965178304,6866.78,UK pounds,UK pounds,UK,UK,ACH,0,,0,LOW,,
862,2026-05-07 13:15:23,4668700535,8882946998,2313.9,UK pounds,UK pounds,UK,UK,Credit card,0,,0,LOW,,
863,2026-05-07 13:15:23,136050916,2534644942,5866.16,UK pounds,Euro,UK,France,Cross-border,0,,0,LOW,,
864,2026-05-07 13:15:23,9047347797,1316458123,8899.28,UK pounds,Mexican Peso,UK,Mexico,Cross-border,0,Large-Cash-Transaction,25,LOW,LargeTransaction,"Transaction amount 8,899.28 UK pounds exceeds threshold of 8,000.00"
865,2026-05-07 13:15:27,3117792558,5024280433,19807.44,UK pounds,UK pounds,UK,UK,Cheque,0,Large-Cash-Transaction,25,LOW,LargeTransaction,"Transaction amount 19,807.44 UK pounds exceeds threshold of 8,000.00"
866,2026-05-07 13:15:30,9745312273,3251101930,16795.33,UK pounds,UK pounds,UK,UK,Debit card,0,Large-Cash-Transaction,25,LOW,LargeTransaction,"Transaction amount 16,795.33 UK pounds exceeds threshold of 8,000.00"
867,2026-05-07 13:15:31,9751935206,1980146147,23033.03,UK pounds,UK pounds,UK,UK,Credit card,0,Large-Cash-Transaction,25,LOW,LargeTransaction,"Transaction amount 23,033.03 UK pounds exceeds threshold of 8,000.00"
868,2026-05-07 13:15:35,2631158121,4007288126,2651.78,UK pounds,UK pounds,UK,UK,Cash Deposit,0,,0,LOW,,
869,2026-05-07 13:15:36,2612483529,4336977506,21599.77,UK pounds,UK pounds,UK,UK,Debit card,0,Large-Cash-Transaction,25,LOW,LargeTransaction,"Transaction amount 21,599.77 UK pounds exceeds threshold of 8,000.00"
870,2026-05-07 13:15:37,3614082527,2547799506,12313.71,UK pounds,UK pounds,UK,UK,Cheque,0,Large-Cash-Transaction,25,LOW,LargeTransaction,"Transaction amount 12,313.71 UK pounds exceeds threshold of 8,000.00"
871,2026-05-07 13:15:37,8558751790,7051816912,4865.57,UK pounds,UK pounds,UK,UK,Credit card,0,,0,LOW,,
872,2026-05-07 13:15:39,372595155,6163750657,585.5,UK pounds,UK pounds,UK,UK,Credit card,0,,0,LOW,,
873,2026-05-07 13:15:40,6630041445,1316458123,12861.02,UK pounds,Mexican Peso,UK,Mexico,Cross-border,0,Large-Cash-Transaction,25,LOW,LargeTransaction,"Transaction amount 12,861.02 UK pounds exceeds threshold of 8,000.00"
874,2026-05-07 13:15:40,4724445469,9259863330,13634.37,UK pounds,UK pounds,UK,UK,Credit card,0,Large-Cash-Transaction,25,LOW,LargeTransaction,"Transaction amount 13,634.37 UK pounds exceeds threshold of 8,000.00"
875,2026-05-07 13:15:42,4345338937,1148608769,97.39,UK pounds,UK pounds,UK,UK,Cash Withdrawal,0,,0,LOW,,
876,2026-05-07 13:15:42,1812028272,5950480485,850.76,UK pounds,UK pounds,UK,UK,Credit card,0,,0,LOW,,
877,2026-05-07 13:15:44,1393804541,6855935396,5837.02,UK pounds,UK pounds,UK,UK,ACH,0,,0,LOW,,
878,2026-05-07 13:15:44,6116657264,2883324502,9645.82,UK pounds,UK pounds,UK,UK,Credit card,1,Large-Cash-Transaction; Structuring/Smurfing,65,HIGH,LargeTransaction|Smurfing,"Transaction amount 9,645.82 UK pounds exceeds threshold of 8,000.00; Smurfing: account '6116657264' made 8 transactions totalling 47,800.31 within 24h (each below 9,999.00 threshold)"
879,2026-05-07 13:15:46,5133265154,3539466560,153.82,UK pounds,UK pounds,UK,UK,Cash Deposit,0,,0,LOW,,
880,2026-05-07 13:15:49,7609919550,7160736915,12312.83,UK pounds,UK pounds,UK,UK,Cheque,0,Large-Cash-Transaction,25,LOW,LargeTransaction,"Transaction amount 12,312.83 UK pounds exceeds threshold of 8,000.00"
881,2026-05-07 13:15:55,4781923448,4140815011,2907.87,UK pounds,UK pounds,UK,UK,Credit card,0,,0,LOW,,
882,2026-05-07 13:15:55,7501327339,6357364082,5649.73,UK pounds,UK pounds,UK,UK,Cheque,1,Structuring/Smurfing,40,MEDIUM,Smurfing,"Smurfing: account '7501327339' made 8 transactions totalling 57,035.27 within 24h (each below 9,999.00 threshold)"
883,2026-05-07 13:15:56,327609046,6223365730,24652.84,UK pounds,UK pounds,UK,UK,Cheque,0,Large-Cash-Transaction,25,LOW,LargeTransaction,"Transaction amount 24,652.84 UK pounds exceeds threshold of 8,000.00"
884,2026-05-07 13:15:59,4092294308,6557705967,374.32,UK pounds,UK pounds,UK,UK,ACH,0,,0,LOW,,
885,2026-05-07 13:16:00,7402765008,6772269955,3118.84,Albanian lek,UK pounds,UK,UK,ACH,0,,0,LOW,,
886,2026-05-07 13:16:04,5579698692,3882248783,22242.24,UK pounds,UK pounds,UK,UK,Credit card,0,Large-Cash-Transaction,25,LOW,LargeTransaction,"Transaction amount 22,242.24 UK pounds exceeds threshold of 8,000.00"
887,2026-05-07 13:16:04,709738534,4181336294,29088.9,UK pounds,UK pounds,UK,UK,Debit card,0,Large-Cash-Transaction,25,LOW,LargeTransaction,"Transaction amount 29,088.90 UK pounds exceeds threshold of 8,000.00"
888,2026-05-07 13:16:09,2669265740,6223365730,10535.04,UK pounds,UK pounds,UK,UK,ACH,0,Large-Cash-Transaction,25,LOW,LargeTransaction,"Transaction amount 10,535.04 UK pounds exceeds threshold of 8,000.00"
889,2026-05-07 13:16:11,9559039761,477487590,220.91,UK pounds,UK pounds,UK,UK,Credit card,0,,0,LOW,,
890,2026-05-07 13:16:13,3560036522,3695545812,14004.46,UK pounds,UK pounds,UK,UK,Credit card,0,Large-Cash-Transaction,25,LOW,LargeTransaction,"Transaction amount 14,004.46 UK pounds exceeds threshold of 8,000.00"
891,2026-05-07 13:16:17,7475713706,5363117119,8080.87,UK pounds,UK pounds,UK,UK,Debit card,0,Large-Cash-Transaction,25,LOW,LargeTransaction,"Transaction amount 8,080.87 UK pounds exceeds threshold of 8,000.00"
892,2026-05-07 13:16:17,7570416265,8387245800,3361.16,UK pounds,UK pounds,UK,UK,ACH,0,,0,LOW,,
893,2026-05-07 13:16:25,5242632452,8457761196,13968.76,UK pounds,UK pounds,UK,UK,ACH,0,Large-Cash-Transaction,25,LOW,LargeTransaction,"Transaction amount 13,968.76 UK pounds exceeds threshold of 8,000.00"
894,2026-05-07 13:16:29,4247574210,7773597041,295.74,UK pounds,UK pounds,UK,UK,Cash Withdrawal,0,,0,LOW,,
895,2026-05-07 13:16:30,9746384104,389486199,7044.5,UK pounds,UK pounds,UK,UK,ACH,1,Structuring/Smurfing,40,MEDIUM,Smurfing,"Smurfing: account '9746384104' made 3 transactions totalling 16,456.94 within 24h (each below 9,999.00 threshold)"
896,2026-05-07 13:16:31,6346206851,6298298842,4807.62,UK pounds,UK pounds,UK,UK,ACH,0,,0,LOW,,
897,2026-05-07 13:16:33,4275035754,965672903,11964.14,UK pounds,UK pounds,UK,UK,ACH,0,Large-Cash-Transaction,25,LOW,LargeTransaction,"Transaction amount 11,964.14 UK pounds exceeds threshold of 8,000.00"
898,2026-05-07 13:16:33,941100617,7923045036,414.02,UK pounds,UK pounds,UK,UK,ACH,0,,0,LOW,,
899,2026-05-07 13:16:34,1606273725,9582071208,1241.2,UK pounds,UK pounds,UK,UK,Debit card,0,,0,LOW,,
900,2026-05-07 13:16:35,4045547321,5393633480,4090.32,UK pounds,UK pounds,UK,UK,Debit card,0,,0,LOW,,
901,2026-05-07 13:16:39,2595670415,6223365730,15210.46,UK pounds,UK pounds,UK,UK,Cheque,0,Large-Cash-Transaction,25,LOW,LargeTransaction,"Transaction amount 15,210.46 UK pounds exceeds threshold of 8,000.00"
902,2026-05-07 13:16:41,4639821031,381689903,38673.9,UK pounds,UK pounds,UK,UK,Cheque,0,Large-Cash-Transaction,25,LOW,LargeTransaction,"Transaction amount 38,673.90 UK pounds exceeds threshold of 8,000.00"
903,2026-05-07 13:16:44,5681948699,1711169014,4123.85,UK pounds,UK pounds,UK,UK,Cheque,0,,0,LOW,,
904,2026-05-07 13:16:44,5630146789,6006732709,2182.93,UK pounds,UK pounds,UK,UK,Credit card,0,,0,LOW,,
905,2026-05-07 13:16:47,9746384104,6973117783,4718.2,UK pounds,Mexican Peso,UK,Mexico,Cross-border,1,Structuring/Smurfing,40,MEDIUM,Smurfing,"Smurfing: account '9746384104' made 3 transactions totalling 16,456.94 within 24h (each below 9,999.00 threshold)"
906,2026-05-07 13:16:51,4724128387,7080357663,13814.83,UK pounds,UK pounds,UK,UK,Credit card,0,Large-Cash-Transaction,25,LOW,LargeTransaction,"Transaction amount 13,814.83 UK pounds exceeds threshold of 8,000.00"
907,2026-05-07 13:16:56,6541552727,2284368563,8978.12,UK pounds,UK pounds,UK,UK,ACH,1,Large-Cash-Transaction; Structuring/Smurfing,65,HIGH,LargeTransaction|Smurfing,"Transaction amount 8,978.12 UK pounds exceeds threshold of 8,000.00; Smurfing: account '6541552727' made 5 transactions totalling 38,027.85 within 24h (each below 9,999.00 threshold)"
908,2026-05-07 13:16:59,3157673569,925531405,3413.51,UK pounds,UK pounds,UK,UK,Cheque,0,,0,LOW,,
909,2026-05-07 13:16:59,4730708725,6544491518,1082.29,UK pounds,UK pounds,UK,UK,Credit card,0,,0,LOW,,
910,2026-05-07 13:17:00,3646682811,4784078006,281.63,UK pounds,UK pounds,UK,UK,Cash Withdrawal,0,,0,LOW,,
911,2026-05-07 13:17:02,6904169843,4270865741,6093.19,UK pounds,UK pounds,UK,UK,Credit card,0,,0,LOW,,
912,2026-05-07 13:17:08,1052526649,848527234,1247.87,UK pounds,UK pounds,UK,UK,Cheque,0,,0,LOW,,
913,2026-05-07 13:17:11,264095857,1316458123,13492.52,UK pounds,Mexican Peso,UK,Mexico,Cross-border,0,Large-Cash-Transaction,25,LOW,LargeTransaction,"Transaction amount 13,492.52 UK pounds exceeds threshold of 8,000.00"
914,2026-05-07 13:17:16,4271300093,5272928301,31.67,UK pounds,UK pounds,UK,UK,Cash Withdrawal,0,,0,LOW,,
915,2026-05-07 13:17:27,2706001337,5858369125,12122.96,Dirham,UK pounds,UAE,UK,Cross-border,0,Large-Cash-Transaction,25,LOW,LargeTransaction,"Transaction amount 12,122.96 Dirham exceeds threshold of 10,000.00"
916,2026-05-07 13:17:28,6086421020,1253036863,23925.99,UK pounds,Mexican Peso,UK,Mexico,Cross-border,0,Large-Cash-Transaction,25,LOW,LargeTransaction,"Transaction amount 23,925.99 UK pounds exceeds threshold of 8,000.00"
917,2026-05-07 13:17:37,4369853239,2981237628,2523.54,UK pounds,UK pounds,UK,UK,Credit card,0,,0,LOW,,
918,2026-05-07 13:17:37,8456279067,5344331047,4660.74,UK pounds,UK pounds,UK,UK,Credit card,1,Structuring/Smurfing,40,MEDIUM,Smurfing,"Smurfing: account '8456279067' made 4 transactions totalling 24,820.77 within 24h (each below 9,999.00 threshold)"
919,2026-05-07 13:17:39,772845860,58951323,246.22,UK pounds,Pakistani rupee,UK,Pakistan,Cross-border,0,,0,LOW,,
920,2026-05-07 13:17:39,9312861244,409707192,24172.68,UK pounds,UK pounds,UK,UK,Credit card,0,Large-Cash-Transaction,25,LOW,LargeTransaction,"Transaction amount 24,172.68 UK pounds exceeds threshold of 8,000.00"
921,2026-05-07 13:17:40,5890322047,3343239465,659.98,UK pounds,UK pounds,UK,UK,Cash Deposit,0,,0,LOW,,
922,2026-05-07 13:17:42,2147527699,409707192,10464.01,UK pounds,UK pounds,UK,UK,Cheque,0,Large-Cash-Transaction,25,LOW,LargeTransaction,"Transaction amount 10,464.01 UK pounds exceeds threshold of 8,000.00"
923,2026-05-07 13:17:43,7421451752,887047763,11421.91,UK pounds,UK pounds,UK,UK,Debit card,0,Large-Cash-Transaction,25,LOW,LargeTransaction,"Transaction amount 11,421.91 UK pounds exceeds threshold of 8,000.00"
924,2026-05-07 13:17:43,5452687367,6444220418,8249.29,UK pounds,UK pounds,UK,UK,Cheque,1,Large-Cash-Transaction; Structuring/Smurfing,65,HIGH,LargeTransaction|Smurfing,"Transaction amount 8,249.29 UK pounds exceeds threshold of 8,000.00; Smurfing: account '5452687367' made 3 transactions totalling 24,817.75 within 24h (each below 9,999.00 threshold)"
925,2026-05-07 13:17:44,1929116626,7892884492,24462.41,UK pounds,US dollar,UK,USA,Cross-border,0,Large-Cash-Transaction,25,LOW,LargeTransaction,"Transaction amount 24,462.41 UK pounds exceeds threshold of 8,000.00"
926,2026-05-07 13:17:45,9186430345,3132018804,886.39,UK pounds,UK pounds,UK,UK,ACH,0,,0,LOW,,
927,2026-05-07 13:17:46,4332882742,5858369125,13508.16,UK pounds,UK pounds,UK,UK,ACH,0,Large-Cash-Transaction,25,LOW,LargeTransaction,"Transaction amount 13,508.16 UK pounds exceeds threshold of 8,000.00"
928,2026-05-07 13:17:47,7723697432,5582784249,3306.49,UK pounds,UK pounds,UK,UK,Cash Deposit,0,,0,LOW,,
929,2026-05-07 13:17:49,8925130468,3079818547,12632.45,UK pounds,UK pounds,UK,UK,Debit card,0,Large-Cash-Transaction,25,LOW,LargeTransaction,"Transaction amount 12,632.45 UK pounds exceeds threshold of 8,000.00"
930,2026-05-07 13:17:51,8692659939,2588667070,907.55,UK pounds,UK pounds,UK,UK,Cash Deposit,0,,0,LOW,,
931,2026-05-07 13:17:59,3709430533,192121676,5635.3,UK pounds,UK pounds,UK,UK,Credit card,1,Structuring/Smurfing,40,MEDIUM,Smurfing,"Smurfing: account '3709430533' made 4 transactions totalling 30,307.12 within 24h (each below 9,999.00 threshold)"
932,2026-05-07 13:17:59,2365007895,7142479189,24494.82,UK pounds,UK pounds,UK,UK,ACH,0,Large-Cash-Transaction,25,LOW,LargeTransaction,"Transaction amount 24,494.82 UK pounds exceeds threshold of 8,000.00"
933,2026-05-07 13:18:00,2698592594,3695545812,4540.95,UK pounds,UK pounds,UK,UK,Cheque,0,,0,LOW,,
934,2026-05-07 13:18:08,1362235048,5430814136,4516.98,UK pounds,UK pounds,UK,UK,Cheque,0,,0,LOW,,
935,2026-05-07 13:18:12,7098516318,3099657142,758.31,UK pounds,UK pounds,UK,UK,Credit card,0,,0,LOW,,
936,2026-05-07 13:18:14,7669236826,3794172311,6931.91,UK pounds,UK pounds,UK,UK,Debit card,1,Structuring/Smurfing,40,MEDIUM,Smurfing,"Smurfing: account '7669236826' made 6 transactions totalling 40,065.36 within 24h (each below 9,999.00 threshold)"
937,2026-05-07 13:18:15,6086421020,8785037379,8172.92,UK pounds,Swiss franc,UK,UK,Cheque,1,Large-Cash-Transaction; Structuring/Smurfing,65,HIGH,LargeTransaction|Smurfing,"Transaction amount 8,172.92 UK pounds exceeds threshold of 8,000.00; Smurfing: account '6086421020' made 7 transactions totalling 47,908.36 within 24h (each below 9,999.00 threshold)"
938,2026-05-07 13:18:19,1946099401,4476128758,6942.55,UK pounds,UK pounds,UK,UK,ACH,0,,0,LOW,,
939,2026-05-07 13:18:20,1144646660,1493436023,5119.37,UK pounds,UK pounds,UK,UK,Debit card,1,Structuring/Smurfing,40,MEDIUM,Smurfing,"Smurfing: account '1144646660' made 3 transactions totalling 15,393.68 within 24h (each below 9,999.00 threshold)"
940,2026-05-07 13:18:23,9490679180,5103043844,6677.55,UK pounds,Naira,UK,Nigeria,Cross-border,0,,0,LOW,,
941,2026-05-07 13:18:26,6931240373,9956011877,6446.32,UK pounds,UK pounds,UK,UK,Credit card,0,,0,LOW,,
942,2026-05-07 13:18:29,7514826833,6765057154,3201.14,UK pounds,UK pounds,UK,UK,Debit card,0,,0,LOW,,
943,2026-05-07 13:18:30,4066286754,5458350835,16484.41,UK pounds,UK pounds,UK,UK,Credit card,0,Large-Cash-Transaction,25,LOW,LargeTransaction,"Transaction amount 16,484.41 UK pounds exceeds threshold of 8,000.00"
944,2026-05-07 13:18:38,2457069376,8673917867,7726.0,UK pounds,UK pounds,UK,UK,Credit card,1,Structuring/Smurfing; Layering,65,HIGH,Smurfing|Layering,"Smurfing: account '2457069376' made 3 transactions totalling 23,020.52 within 24h (each below 9,999.00 threshold); Fan-in: receiver 8673917867 received from 4 distinct senders within 72h (chain amount: 31,782.84, threshold: 10,000.00)"
945,2026-05-07 13:18:48,1915450576,5510366236,6163.01,UK pounds,UK pounds,UK,UK,Cheque,1,Structuring/Smurfing,40,MEDIUM,Smurfing,"Smurfing: account '1915450576' made 7 transactions totalling 43,754.73 within 24h (each below 9,999.00 threshold)"
946,2026-05-07 13:18:52,8227645417,4619386412,955.29,UK pounds,UK pounds,UK,UK,Cash Deposit,0,,0,LOW,,
947,2026-05-07 13:18:53,8456279067,330109509,11336.2,UK pounds,UK pounds,UK,UK,ACH,0,Large-Cash-Transaction,25,LOW,LargeTransaction,"Transaction amount 11,336.20 UK pounds exceeds threshold of 8,000.00"
948,2026-05-07 13:18:56,6086421020,3504466346,18974.99,UK pounds,UK pounds,UK,UK,Cheque,0,Large-Cash-Transaction,25,LOW,LargeTransaction,"Transaction amount 18,974.99 UK pounds exceeds threshold of 8,000.00"
949,2026-05-07 13:19:03,9369454215,5363422485,5396.38,UK pounds,UK pounds,UK,UK,Credit card,1,Structuring/Smurfing,40,MEDIUM,Smurfing,"Smurfing: account '9369454215' made 3 transactions totalling 16,362.25 within 24h (each below 9,999.00 threshold)"
950,2026-05-07 13:19:04,2429113631,1999439811,3532.71,UK pounds,UK pounds,UK,UK,Debit card,0,,0,LOW,,
951,2026-05-07 13:19:04,6079362225,4387080639,301.24,UK pounds,Swiss franc,UK,Switzerland,Cross-border,0,,0,LOW,,
952,2026-05-07 13:19:06,5626821295,7448956318,2608.51,UK pounds,UK pounds,UK,UK,Cheque,0,,0,LOW,,
953,2026-05-07 13:19:07,2921862078,5708936901,9554.92,UK pounds,UK pounds,UK,UK,ACH,1,Large-Cash-Transaction; Structuring/Smurfing,65,HIGH,LargeTransaction|Smurfing,"Transaction amount 9,554.92 UK pounds exceeds threshold of 8,000.00; Smurfing: account '2921862078' made 3 transactions totalling 28,842.96 within 24h (each below 9,999.00 threshold)"
954,2026-05-07 13:19:11,1165784720,3856054042,2609.76,UK pounds,UK pounds,UK,UK,Cheque,0,,0,LOW,,
955,2026-05-07 13:19:12,8991293649,2471329283,2001.74,UK pounds,UK pounds,UK,UK,Credit card,0,,0,LOW,,
956,2026-05-07 13:19:15,7009395557,6640484435,19887.99,UK pounds,UK pounds,UK,UK,Credit card,0,Large-Cash-Transaction,25,LOW,LargeTransaction,"Transaction amount 19,887.99 UK pounds exceeds threshold of 8,000.00"
957,2026-05-07 13:19:20,8147726877,6646502650,11913.22,UK pounds,Euro,UK,France,Cross-border,0,Large-Cash-Transaction,25,LOW,LargeTransaction,"Transaction amount 11,913.22 UK pounds exceeds threshold of 8,000.00"
958,2026-05-07 13:19:20,8480050564,936919634,4816.33,UK pounds,UK pounds,UK,UK,ACH,0,,0,LOW,,
959,2026-05-07 13:19:22,809625447,8359209144,3433.41,UK pounds,UK pounds,UK,UK,Cheque,0,,0,LOW,,
960,2026-05-07 13:19:25,2304397444,1439240302,4184.79,UK pounds,UK pounds,UK,UK,Debit card,0,Fan-Out/Money-Mule,20,LOW,RapidMovement,"RapidMovement: account '1439240302' received 4,184.79 then re-sent 3,476.49 (83.1%) within 24h"
961,2026-05-07 13:19:26,1915450576,7468510228,5283.97,UK pounds,UK pounds,UK,UK,ACH,1,Structuring/Smurfing,40,MEDIUM,Smurfing,"Smurfing: account '1915450576' made 8 transactions totalling 49,038.70 within 24h (each below 9,999.00 threshold)"
962,2026-05-07 13:19:27,5567131898,7840186482,7966.64,UK pounds,UK pounds,UK,UK,Debit card,0,,0,LOW,,
963,2026-05-07 13:19:29,6354136969,7080357663,20010.76,UK pounds,UK pounds,UK,UK,Debit card,0,Large-Cash-Transaction,25,LOW,LargeTransaction,"Transaction amount 20,010.76 UK pounds exceeds threshold of 8,000.00"
964,2026-05-07 13:19:32,3938922629,395839630,3934.28,UK pounds,Euro,UK,Austria,Cross-border,0,,0,LOW,,
965,2026-05-07 13:19:33,4957552805,1377603863,5229.61,UK pounds,UK pounds,UK,UK,Cheque,1,Structuring/Smurfing,40,MEDIUM,Smurfing,"Smurfing: account '4957552805' made 3 transactions totalling 15,722.90 within 24h (each below 9,999.00 threshold)"
966,2026-05-07 13:19:34,8203229522,5254058209,4400.5,UK pounds,Dirham,UK,UAE,Cross-border,1,Structuring/Smurfing,40,MEDIUM,Smurfing,"Smurfing: account '8203229522' made 4 transactions totalling 23,707.59 within 24h (each below 9,999.00 threshold)"
967,2026-05-07 13:19:36,6904668523,6960206116,22676.98,UK pounds,UK pounds,UK,UK,ACH,0,Large-Cash-Transaction,25,LOW,LargeTransaction,"Transaction amount 22,676.98 UK pounds exceeds threshold of 8,000.00"
968,2026-05-07 13:19:37,511037666,8678802420,8556.68,UK pounds,UK pounds,UK,UK,Cheque,1,Large-Cash-Transaction; Structuring/Smurfing,65,HIGH,LargeTransaction|Smurfing,"Transaction amount 8,556.68 UK pounds exceeds threshold of 8,000.00; Smurfing: account '511037666' made 3 transactions totalling 25,765.76 within 24h (each below 9,999.00 threshold)"
969,2026-05-07 13:19:41,6916264887,6953672776,6717.73,UK pounds,Mexican Peso,UK,Mexico,Cross-border,1,Structuring/Smurfing,40,MEDIUM,Smurfing,"Smurfing: account '6916264887' made 3 transactions totalling 20,078.89 within 24h (each below 9,999.00 threshold)"
970,2026-05-07 13:19:41,7548422007,4270865741,7592.07,UK pounds,UK pounds,UK,UK,Credit card,0,,0,LOW,,
971,2026-05-07 13:19:42,9975059059,7160736915,6653.34,UK pounds,UK pounds,UK,UK,Debit card,1,Structuring/Smurfing,40,MEDIUM,Smurfing,"Smurfing: account '9975059059' made 3 transactions totalling 19,929.48 within 24h (each below 9,999.00 threshold)"
972,2026-05-07 13:19:42,1424693007,6735598947,11556.03,UK pounds,UK pounds,UK,UK,Debit card,1,Large-Cash-Transaction; Fan-Out/Money-Mule,45,MEDIUM,LargeTransaction|RapidMovement,"Transaction amount 11,556.03 UK pounds exceeds threshold of 8,000.00; RapidMovement: part of rapid fund re-dispatch from account '1424693007'"
973,2026-05-07 13:19:43,2365007895,4301159904,5605.61,UK pounds,UK pounds,UK,UK,ACH,1,Structuring/Smurfing,40,MEDIUM,Smurfing,"Smurfing: account '2365007895' made 4 transactions totalling 33,834.26 within 24h (each below 9,999.00 threshold)"
974,2026-05-07 13:19:44,8164143401,3605744818,4353.7,UK pounds,UK pounds,UK,UK,ACH,0,,0,LOW,,
975,2026-05-07 13:19:47,2749172169,241741047,1199.9,UK pounds,UK pounds,UK,UK,Credit card,0,,0,LOW,,
976,2026-05-07 13:19:47,6906471181,6693082933,845.47,UK pounds,UK pounds,UK,UK,ACH,0,,0,LOW,,
977,2026-05-07 13:19:47,1074859180,5363117119,17445.84,UK pounds,UK pounds,UK,UK,Cheque,0,Large-Cash-Transaction,25,LOW,LargeTransaction,"Transaction amount 17,445.84 UK pounds exceeds threshold of 8,000.00"
978,2026-05-07 13:19:47,3709430533,7543250720,6905.02,UK pounds,UK pounds,UK,UK,ACH,1,Structuring/Smurfing,40,MEDIUM,Smurfing,"Smurfing: account '3709430533' made 5 transactions totalling 37,212.14 within 24h (each below 9,999.00 threshold)"
979,2026-05-07 13:19:49,3807409081,7602737497,2177.39,UK pounds,UK pounds,UK,UK,Debit card,0,,0,LOW,,
980,2026-05-07 13:19:49,9522916824,4370991235,709.91,UK pounds,UK pounds,UK,UK,Credit card,0,,0,LOW,,
981,2026-05-07 13:19:49,5836104021,1316458123,29732.59,Yen,Mexican Peso,UK,Mexico,Cross-border,0,Large-Cash-Transaction,25,LOW,LargeTransaction,"Transaction amount 29,732.59 Yen exceeds threshold of 10,000.00"
982,2026-05-07 13:19:55,3452368468,4536194683,11318.01,UK pounds,UK pounds,UK,UK,ACH,0,Large-Cash-Transaction,25,LOW,LargeTransaction,"Transaction amount 11,318.01 UK pounds exceeds threshold of 8,000.00"
983,2026-05-07 13:19:56,1915450576,9391166135,17762.37,UK pounds,UK pounds,UK,UK,Cheque,0,Large-Cash-Transaction,25,LOW,LargeTransaction,"Transaction amount 17,762.37 UK pounds exceeds threshold of 8,000.00"
984,2026-05-07 13:19:56,5601568252,6444220418,9161.65,UK pounds,UK pounds,UK,UK,Cheque,0,Large-Cash-Transaction,25,LOW,LargeTransaction,"Transaction amount 9,161.65 UK pounds exceeds threshold of 8,000.00"
985,2026-05-07 13:19:59,6153457836,4270902712,6033.98,UK pounds,UK pounds,UK,UK,Debit card,0,,0,LOW,,
986,2026-05-07 13:19:59,6541552727,475649742,6515.57,UK pounds,UK pounds,UK,UK,Debit card,1,Structuring/Smurfing,40,MEDIUM,Smurfing,"Smurfing: account '6541552727' made 6 transactions totalling 44,543.42 within 24h (each below 9,999.00 threshold)"
987,2026-05-07 13:20:00,1378784400,3466246214,7338.89,UK pounds,Pakistani rupee,UK,Pakistan,Cross-border,1,Structuring/Smurfing,40,MEDIUM,Smurfing,"Smurfing: account '1378784400' made 7 transactions totalling 49,784.73 within 24h (each below 9,999.00 threshold)"
988,2026-05-07 13:20:00,2561938455,6855935396,15074.46,UK pounds,UK pounds,UK,UK,ACH,0,Large-Cash-Transaction,25,LOW,LargeTransaction,"Transaction amount 15,074.46 UK pounds exceeds threshold of 8,000.00"
989,2026-05-07 13:20:01,971196785,1431561040,22677.33,UK pounds,UK pounds,UK,UK,ACH,0,Large-Cash-Transaction,25,LOW,LargeTransaction,"Transaction amount 22,677.33 UK pounds exceeds threshold of 8,000.00"
990,2026-05-07 13:20:03,8456279067,5441570240,7633.06,UK pounds,UK pounds,UK,UK,ACH,1,Structuring/Smurfing,40,MEDIUM,Smurfing,"Smurfing: account '8456279067' made 5 transactions totalling 32,453.83 within 24h (each below 9,999.00 threshold)"
991,2026-05-07 13:20:03,6115478776,8518184956,22619.76,UK pounds,UK pounds,UK,UK,Credit card,0,Large-Cash-Transaction,25,LOW,LargeTransaction,"Transaction amount 22,619.76 UK pounds exceeds threshold of 8,000.00"
992,2026-05-07 13:20:06,9876938535,6706856471,1407.47,UK pounds,UK pounds,UK,UK,Cheque,0,,0,LOW,,
993,2026-05-07 13:20:08,5348495305,6767915368,1759.28,UK pounds,UK pounds,UK,UK,Debit card,0,,0,LOW,,
994,2026-05-07 13:20:12,2527694082,273465992,689.39,UK pounds,UK pounds,UK,UK,Cheque,0,,0,LOW,,
995,2026-05-07 13:20:12,8868768215,7532110654,2246.98,UK pounds,UK pounds,UK,UK,Credit card,0,,0,LOW,,
996,2026-05-07 13:20:13,3443340463,553781253,1715.52,UK pounds,UK pounds,UK,UK,Cheque,0,,0,LOW,,
997,2026-05-07 13:20:13,1179981989,3699045829,2367.29,UK pounds,UK pounds,UK,UK,Credit card,0,,0,LOW,,
998,2026-05-07 13:20:14,3510078932,1861324833,4451.33,UK pounds,UK pounds,UK,UK,Credit card,1,Structuring/Smurfing,40,MEDIUM,Smurfing,"Smurfing: account '3510078932' made 5 transactions totalling 30,067.56 within 24h (each below 9,999.00 threshold)"
999,2026-05-07 13:20:16,6032005546,6444220418,20451.21,UK pounds,UK pounds,UK,UK,Debit card,0,Large-Cash-Transaction,25,LOW,LargeTransaction,"Transaction amount 20,451.21 UK pounds exceeds threshold of 8,000.00"
1000,2026-05-07 13:20:22,9055543964,7435623435,4849.38,UK pounds,UK pounds,UK,UK,ACH,0,,0,LOW,,
1001,2026-05-07 13:20:28,8768198399,9105769228,13158.79,UK pounds,UK pounds,UK,UK,Cheque,0,Large-Cash-Transaction,25,LOW,LargeTransaction,"Transaction amount 13,158.79 UK pounds exceeds threshold of 8,000.00"
1002,2026-05-07 13:20:30,5021785800,9085148554,10467.66,UK pounds,UK pounds,UK,UK,Credit card,0,Large-Cash-Transaction,25,LOW,LargeTransaction,"Transaction amount 10,467.66 UK pounds exceeds threshold of 8,000.00"
1003,2026-05-07 13:20:34,4994594454,1494725668,832.31,UK pounds,UK pounds,UK,UK,Debit card,0,,0,LOW,,
1004,2026-05-07 13:20:34,3278826777,8146049834,2965.69,UK pounds,UK pounds,UK,UK,Credit card,0,,0,LOW,,
1005,2026-05-07 13:20:34,9891848998,3536751515,482.55,UK pounds,UK pounds,UK,UK,Cash Deposit,0,,0,LOW,,
1006,2026-05-07 13:20:38,9869486438,4478486594,767.13,Euro,UK pounds,UK,UK,Cheque,0,,0,LOW,,
1007,2026-05-07 13:20:39,6447841775,7080357663,11855.75,UK pounds,UK pounds,UK,UK,ACH,0,Large-Cash-Transaction,25,LOW,LargeTransaction,"Transaction amount 11,855.75 UK pounds exceeds threshold of 8,000.00"
1008,2026-05-07 13:20:41,8039988521,5247041092,458.82,UK pounds,UK pounds,UK,UK,Debit card,0,,0,LOW,,
1009,2026-05-07 13:20:42,6303992479,5628674969,13134.51,UK pounds,UK pounds,UK,UK,ACH,0,Large-Cash-Transaction,25,LOW,LargeTransaction,"Transaction amount 13,134.51 UK pounds exceeds threshold of 8,000.00"
1010,2026-05-07 13:20:44,1786945327,1998343458,1306.37,UK pounds,UK pounds,UK,UK,Cheque,0,,0,LOW,,
1011,2026-05-07 13:20:46,1776918759,5069800366,2481.95,UK pounds,UK pounds,UK,UK,ACH,0,,0,LOW,,
1012,2026-05-07 13:20:46,2119800842,439043689,1091.98,UK pounds,UK pounds,UK,UK,Debit card,0,,0,LOW,,
1013,2026-05-07 13:20:48,7208334533,2867312322,14197.76,UK pounds,UK pounds,UK,UK,ACH,0,Large-Cash-Transaction,25,LOW,LargeTransaction,"Transaction amount 14,197.76 UK pounds exceeds threshold of 8,000.00"
1014,2026-05-07 13:20:50,3894217933,1185251380,3320.82,UK pounds,UK pounds,UK,UK,Cheque,0,,0,LOW,,
1015,2026-05-07 13:20:50,5704638962,2806779674,5693.37,UK pounds,UK pounds,UK,UK,Debit card,0,,0,LOW,,
1016,2026-05-07 13:20:52,1958294737,1493436023,7593.78,UK pounds,UK pounds,UK,UK,Credit card,1,Structuring/Smurfing,40,MEDIUM,Smurfing,"Smurfing: account '1958294737' made 3 transactions totalling 22,845.60 within 24h (each below 9,999.00 threshold)"
1017,2026-05-07 13:20:54,8784689595,8548435265,5645.49,UK pounds,UK pounds,UK,UK,Cheque,0,,0,LOW,,
1018,2026-05-07 13:20:59,1475265356,8824829352,1179.02,UK pounds,UK pounds,UK,UK,Cheque,0,,0,LOW,,
1019,2026-05-07 13:21:01,8501920513,813395681,7500.77,UK pounds,UK pounds,UK,UK,Debit card,0,,0,LOW,,
1020,2026-05-07 13:21:02,9007044451,3155814024,264.32,UK pounds,Indian rupee,UK,India,Cross-border,0,,0,LOW,,
1021,2026-05-07 13:21:02,4045011140,5628674969,6995.93,UK pounds,UK pounds,UK,UK,Cheque,1,Structuring/Smurfing,40,MEDIUM,Smurfing,"Smurfing: account '4045011140' made 3 transactions totalling 20,832.06 within 24h (each below 9,999.00 threshold)"
1022,2026-05-07 13:21:03,7902528419,62755646,156.84,UK pounds,UK pounds,UK,UK,Debit card,0,,0,LOW,,
1023,2026-05-07 13:21:03,8371074038,2237493386,13067.22,UK pounds,UK pounds,UK,UK,ACH,0,Large-Cash-Transaction,25,LOW,LargeTransaction,"Transaction amount 13,067.22 UK pounds exceeds threshold of 8,000.00"
1024,2026-05-07 13:21:06,8363694247,2972765449,13699.82,UK pounds,UK pounds,UK,UK,Debit card,0,Large-Cash-Transaction,25,LOW,LargeTransaction,"Transaction amount 13,699.82 UK pounds exceeds threshold of 8,000.00"
1025,2026-05-07 13:21:09,2661600778,1307660141,662.59,UK pounds,UK pounds,UK,UK,ACH,0,,0,LOW,,
1026,2026-05-07 13:21:11,2365007895,5021091640,14719.49,UK pounds,UK pounds,UK,UK,Credit card,0,Large-Cash-Transaction,25,LOW,LargeTransaction,"Transaction amount 14,719.49 UK pounds exceeds threshold of 8,000.00"
1027,2026-05-07 13:21:14,3565108277,6646502650,32359.6,UK pounds,Euro,UK,France,Cross-border,0,Large-Cash-Transaction,25,LOW,LargeTransaction,"Transaction amount 32,359.60 UK pounds exceeds threshold of 8,000.00"
1028,2026-05-07 13:21:16,9599009457,2048840179,5202.4,UK pounds,UK pounds,UK,UK,Cheque,1,Structuring/Smurfing,40,MEDIUM,Smurfing,"Smurfing: account '9599009457' made 3 transactions totalling 16,606.51 within 24h (each below 9,999.00 threshold)"
1029,2026-05-07 13:21:17,2229743449,2937802843,830.33,UK pounds,UK pounds,UK,UK,ACH,0,,0,LOW,,
1030,2026-05-07 13:21:22,7965472676,6646502650,5415.47,UK pounds,Euro,UK,France,Cross-border,0,,0,LOW,,
1031,2026-05-07 13:21:26,2365007895,5021091640,14765.91,UK pounds,UK pounds,UK,UK,Debit card,0,Large-Cash-Transaction,25,LOW,LargeTransaction,"Transaction amount 14,765.91 UK pounds exceeds threshold of 8,000.00"
1032,2026-05-07 13:21:28,3682462176,5607759223,1058.45,UK pounds,UK pounds,UK,UK,Cheque,0,,0,LOW,,
1033,2026-05-07 13:21:31,2588097391,6385499580,6964.28,UK pounds,UK pounds,UK,UK,ACH,0,,0,LOW,,
1034,2026-05-07 13:21:33,6032005546,6444220418,20329.22,UK pounds,UK pounds,UK,UK,ACH,0,Large-Cash-Transaction,25,LOW,LargeTransaction,"Transaction amount 20,329.22 UK pounds exceeds threshold of 8,000.00"
1035,2026-05-07 13:21:33,9168588789,4889197724,8340.56,UK pounds,UK pounds,UK,UK,Debit card,0,Large-Cash-Transaction,25,LOW,LargeTransaction,"Transaction amount 8,340.56 UK pounds exceeds threshold of 8,000.00"
1036,2026-05-07 13:21:34,8952177221,4269977194,7392.75,UK pounds,UK pounds,UK,UK,ACH,1,Structuring/Smurfing,40,MEDIUM,Smurfing,"Smurfing: account '8952177221' made 7 transactions totalling 53,599.71 within 24h (each below 9,999.00 threshold)"
1037,2026-05-07 13:21:38,459774876,403526894,8694.38,UK pounds,UK pounds,UK,UK,Debit card,0,Large-Cash-Transaction,25,LOW,LargeTransaction,"Transaction amount 8,694.38 UK pounds exceeds threshold of 8,000.00"
1038,2026-05-07 13:21:40,4335622850,5877285590,304.63,UK pounds,UK pounds,UK,UK,Debit card,0,,0,LOW,,
1039,2026-05-07 13:21:40,6684218753,3682105766,2883.19,UK pounds,UK pounds,UK,UK,Credit card,0,,0,LOW,,
1040,2026-05-07 13:21:41,3891176935,7514194006,42.39,UK pounds,UK pounds,UK,UK,Cash Withdrawal,0,,0,LOW,,
1041,2026-05-07 13:21:42,6086421020,4967072739,4787.38,UK pounds,UK pounds,UK,UK,Cheque,1,Structuring/Smurfing,40,MEDIUM,Smurfing,"Smurfing: account '6086421020' made 8 transactions totalling 52,695.74 within 24h (each below 9,999.00 threshold)"
1042,2026-05-07 13:21:42,9848316613,7080357663,7491.37,UK pounds,UK pounds,UK,UK,Cheque,0,,0,LOW,,
1043,2026-05-07 13:21:43,7337750922,1674677625,20285.8,Albanian lek,UK pounds,Albania,UK,Cross-border,0,Large-Cash-Transaction,25,LOW,LargeTransaction,"Transaction amount 20,285.80 Albanian lek exceeds threshold of 10,000.00"
1044,2026-05-07 13:21:45,9083573641,8154718696,1840.58,UK pounds,UK pounds,UK,UK,Debit card,0,,0,LOW,,
1045,2026-05-07 13:21:47,8357330139,3244505853,12825.15,UK pounds,UK pounds,UK,UK,ACH,0,Large-Cash-Transaction,25,LOW,LargeTransaction,"Transaction amount 12,825.15 UK pounds exceeds threshold of 8,000.00"
1046,2026-05-07 13:21:48,7758268667,8969112643,13668.15,UK pounds,UK pounds,UK,UK,Cheque,0,Large-Cash-Transaction,25,LOW,LargeTransaction,"Transaction amount 13,668.15 UK pounds exceeds threshold of 8,000.00"
1047,2026-05-07 13:21:49,6644494660,3655768972,3240.5,Turkish lira,Moroccan dirham,Turkey,Morocco,Cross-border,0,,0,LOW,,
1048,2026-05-07 13:21:49,841171611,8172080174,9327.08,UK pounds,UK pounds,UK,UK,Cheque,1,Large-Cash-Transaction; Layering,50,MEDIUM,LargeTransaction|Layering,"Transaction amount 9,327.08 UK pounds exceeds threshold of 8,000.00; Fan-in: receiver 8172080174 received from 6 distinct senders within 72h (chain amount: 71,341.88, threshold: 10,000.00)"
1049,2026-05-07 13:21:50,2670254274,7854984166,9730.51,UK pounds,UK pounds,UK,UK,Debit card,0,Large-Cash-Transaction,25,LOW,LargeTransaction,"Transaction amount 9,730.51 UK pounds exceeds threshold of 8,000.00"
1050,2026-05-07 13:21:51,1501847079,8394168777,580.32,UK pounds,UK pounds,UK,UK,ACH,0,,0,LOW,,
1051,2026-05-07 13:21:53,6904668523,3540529623,9250.12,UK pounds,UK pounds,UK,UK,Credit card,1,Large-Cash-Transaction; Structuring/Smurfing,65,HIGH,LargeTransaction|Smurfing,"Transaction amount 9,250.12 UK pounds exceeds threshold of 8,000.00; Smurfing: account '6904668523' made 3 transactions totalling 22,341.01 within 24h (each below 9,999.00 threshold)"
1052,2026-05-07 13:21:55,8076812096,4527731236,779.79,UK pounds,UK pounds,UK,UK,Credit card,0,,0,LOW,,
1053,2026-05-07 13:21:57,8255987550,6746036361,826.9,UK pounds,UK pounds,UK,UK,Credit card,0,,0,LOW,,
1054,2026-05-07 13:21:58,612186078,9107206798,1581.47,UK pounds,UK pounds,UK,UK,Cash Deposit,0,,0,LOW,,
1055,2026-05-07 13:22:11,4038914321,8515479473,5438.95,UK pounds,UK pounds,UK,UK,Debit card,0,,0,LOW,,
1056,2026-05-07 13:22:12,2483726392,9258743082,5940.16,UK pounds,UK pounds,UK,UK,Cash Deposit,0,,0,LOW,,
1057,2026-05-07 13:22:15,7864299048,3092775499,36395.89,UK pounds,UK pounds,UK,UK,Debit card,0,Large-Cash-Transaction,25,LOW,LargeTransaction,"Transaction amount 36,395.89 UK pounds exceeds threshold of 8,000.00"
1058,2026-05-07 13:22:17,7236343054,7697622754,4037.57,UK pounds,UK pounds,UK,UK,Cash Deposit,0,,0,LOW,,
1059,2026-05-07 13:22:18,8355706144,5270653383,3365.82,UK pounds,UK pounds,UK,UK,Cash Deposit,0,Fan-Out/Money-Mule,20,LOW,RapidMovement,"RapidMovement: account '5270653383' received 3,365.82 then re-sent 3,434.80 (102.0%) within 24h"
1060,2026-05-07 13:22:19,1817897839,247475957,633.32,Moroccan dirham,UK pounds,UK,UK,Cheque,0,,0,LOW,,
1061,2026-05-07 13:22:25,7421451752,1160338470,4509.11,UK pounds,UK pounds,UK,UK,Credit card,1,Structuring/Smurfing,40,MEDIUM,Smurfing,"Smurfing: account '7421451752' made 5 transactions totalling 29,394.45 within 24h (each below 9,999.00 threshold)"
1062,2026-05-07 13:22:28,5325117002,4173195094,16959.8,UK pounds,UK pounds,UK,UK,Credit card,0,Large-Cash-Transaction,25,LOW,LargeTransaction,"Transaction amount 16,959.80 UK pounds exceeds threshold of 8,000.00"
1063,2026-05-07 13:22:28,9043538926,8053995400,314.22,UK pounds,UK pounds,UK,UK,Cash Withdrawal,0,,0,LOW,,
1064,2026-05-07 13:22:30,2484231014,1465487567,7211.98,UK pounds,UK pounds,UK,UK,ACH,1,Structuring/Smurfing; Layering,65,HIGH,Smurfing|Layering,"Smurfing: account '2484231014' made 3 transactions totalling 21,742.03 within 24h (each below 9,999.00 threshold); Fan-in: receiver 1465487567 received from 10 distinct senders within 72h (chain amount: 162,891.32, threshold: 10,000.00)"
1065,2026-05-07 13:22:33,8203229522,8818164834,4673.35,UK pounds,UK pounds,UK,UK,Cheque,1,Structuring/Smurfing,40,MEDIUM,Smurfing,"Smurfing: account '8203229522' made 5 transactions totalling 28,380.94 within 24h (each below 9,999.00 threshold)"
1066,2026-05-07 13:22:41,675669049,3559090340,10979.73,UK pounds,UK pounds,UK,UK,Cheque,0,Large-Cash-Transaction,25,LOW,LargeTransaction,"Transaction amount 10,979.73 UK pounds exceeds threshold of 8,000.00"
1067,2026-05-07 13:22:43,9588577727,3220735304,8027.54,UK pounds,UK pounds,UK,UK,Credit card,0,Large-Cash-Transaction,25,LOW,LargeTransaction,"Transaction amount 8,027.54 UK pounds exceeds threshold of 8,000.00"
1068,2026-05-07 13:22:47,2101877453,621060264,10716.04,UK pounds,UK pounds,UK,UK,Credit card,0,Large-Cash-Transaction,25,LOW,LargeTransaction,"Transaction amount 10,716.04 UK pounds exceeds threshold of 8,000.00"
1069,2026-05-07 13:22:49,8379629650,1064863534,92464.3,UK pounds,UK pounds,UK,UK,Cheque,0,Large-Cash-Transaction,25,LOW,LargeTransaction,"Transaction amount 92,464.30 UK pounds exceeds threshold of 8,000.00"
1070,2026-05-07 13:22:51,194928445,4263827576,1562.56,UK pounds,UK pounds,UK,UK,Credit card,0,,0,LOW,,
1071,2026-05-07 13:22:53,3957772280,7834799023,6739.01,UK pounds,UK pounds,UK,UK,Cheque,0,,0,LOW,,
1072,2026-05-07 13:22:54,6904668523,4959470648,8109.57,UK pounds,UK pounds,UK,UK,Credit card,1,Large-Cash-Transaction; Structuring/Smurfing,65,HIGH,LargeTransaction|Smurfing,"Transaction amount 8,109.57 UK pounds exceeds threshold of 8,000.00; Smurfing: account '6904668523' made 3 transactions totalling 22,341.01 within 24h (each below 9,999.00 threshold)"
1073,2026-05-07 13:22:56,2905812646,8200104457,217.11,UK pounds,UK pounds,UK,UK,Cash Deposit,0,,0,LOW,,
1074,2026-05-07 13:22:57,1830300701,1740103909,11451.51,UK pounds,UK pounds,UK,UK,ACH,0,Large-Cash-Transaction,25,LOW,LargeTransaction,"Transaction amount 11,451.51 UK pounds exceeds threshold of 8,000.00"
1075,2026-05-07 13:23:00,8456279067,8572828015,5623.12,UK pounds,UK pounds,UK,UK,Credit card,1,Structuring/Smurfing,40,MEDIUM,Smurfing,"Smurfing: account '8456279067' made 6 transactions totalling 38,076.95 within 24h (each below 9,999.00 threshold)"
1076,2026-05-07 13:23:00,6712711200,8518184956,14915.17,UK pounds,UK pounds,UK,UK,Cheque,0,Large-Cash-Transaction,25,LOW,LargeTransaction,"Transaction amount 14,915.17 UK pounds exceeds threshold of 8,000.00"
1077,2026-05-07 13:23:01,2484231014,1465487567,7229.12,UK pounds,UK pounds,UK,UK,ACH,1,Structuring/Smurfing; Layering,65,HIGH,Smurfing|Layering,"Smurfing: account '2484231014' made 3 transactions totalling 21,742.03 within 24h (each below 9,999.00 threshold); Fan-in: receiver 1465487567 received from 10 distinct senders within 72h (chain amount: 170,120.44, threshold: 10,000.00)"
1078,2026-05-07 13:23:01,121415105,6871541615,485.55,UK pounds,UK pounds,UK,UK,Credit card,0,,0,LOW,,
1079,2026-05-07 13:23:01,3012603098,1694189962,463.7,UK pounds,UK pounds,UK,UK,Debit card,0,,0,LOW,,
1080,2026-05-07 13:23:03,9975059059,7160736915,6651.01,UK pounds,UK pounds,UK,UK,Debit card,1,Structuring/Smurfing,40,MEDIUM,Smurfing,"Smurfing: account '9975059059' made 3 transactions totalling 19,929.48 within 24h (each below 9,999.00 threshold)"
1081,2026-05-07 13:23:03,5982914936,9491670243,9680.29,UK pounds,UK pounds,UK,UK,Credit card,1,Large-Cash-Transaction; Structuring/Smurfing,65,HIGH,LargeTransaction|Smurfing,"Transaction amount 9,680.29 UK pounds exceeds threshold of 8,000.00; Smurfing: account '5982914936' made 3 transactions totalling 28,512.17 within 24h (each below 9,999.00 threshold)"
1082,2026-05-07 13:23:12,581151126,6855935396,5031.65,UK pounds,UK pounds,UK,UK,ACH,1,Structuring/Smurfing,40,MEDIUM,Smurfing,"Smurfing: account '581151126' made 3 transactions totalling 15,141.85 within 24h (each below 9,999.00 threshold)"
1083,2026-05-07 13:23:13,1730350525,4336977506,7176.77,UK pounds,UK pounds,UK,UK,Debit card,0,,0,LOW,,
1084,2026-05-07 13:23:17,5002785238,1983187467,1809.12,UK pounds,UK pounds,UK,UK,ACH,0,,0,LOW,,
1085,2026-05-07 13:23:19,5172850121,3695545812,24189.29,UK pounds,UK pounds,UK,UK,Credit card,0,Large-Cash-Transaction,25,LOW,LargeTransaction,"Transaction amount 24,189.29 UK pounds exceeds threshold of 8,000.00"
1086,2026-05-07 13:23:20,8952177221,3031188286,11938.47,UK pounds,UK pounds,UK,UK,Debit card,0,Large-Cash-Transaction,25,LOW,LargeTransaction,"Transaction amount 11,938.47 UK pounds exceeds threshold of 8,000.00"
1087,2026-05-07 13:23:22,2822263820,8964346334,411.99,UK pounds,UK pounds,UK,UK,Credit card,0,,0,LOW,,
1088,2026-05-07 13:23:24,654541182,9503561690,199.41,UK pounds,UK pounds,UK,UK,ACH,0,,0,LOW,,
1089,2026-05-07 13:23:25,9825715647,7512529248,2036.41,UK pounds,UK pounds,UK,UK,Credit card,0,,0,LOW,,
1090,2026-05-07 13:23:28,942349529,8518184956,6958.44,UK pounds,UK pounds,UK,UK,ACH,1,Structuring/Smurfing,40,MEDIUM,Smurfing,"Smurfing: account '942349529' made 3 transactions totalling 20,814.07 within 24h (each below 9,999.00 threshold)"
1091,2026-05-07 13:23:31,2814891352,3117154751,6550.83,Yen,Pakistani rupee,Japan,UK,Cross-border,0,,0,LOW,,
1092,2026-05-07 13:23:32,5982914936,7629589738,5653.63,UK pounds,UK pounds,UK,UK,Cheque,1,Structuring/Smurfing,40,MEDIUM,Smurfing,"Smurfing: account '5982914936' made 4 transactions totalling 34,165.80 within 24h (each below 9,999.00 threshold)"
1093,2026-05-07 13:23:33,7829253679,3299494566,1463.86,UK pounds,UK pounds,UK,UK,Debit card,0,,0,LOW,,
1094,2026-05-07 13:23:34,1635754417,7449883589,2753.99,UK pounds,UK pounds,UK,UK,Credit card,0,,0,LOW,,
1095,2026-05-07 13:23:34,7877700106,2534644942,25243.48,UK pounds,Euro,UK,France,Cross-border,0,Large-Cash-Transaction,25,LOW,LargeTransaction,"Transaction amount 25,243.48 UK pounds exceeds threshold of 8,000.00"
1096,2026-05-07 13:23:36,5184249833,3063639034,3372.23,UK pounds,UK pounds,UK,UK,Cheque,0,,0,LOW,,
1097,2026-05-07 13:23:39,7723120112,1431561040,8467.65,UK pounds,UK pounds,UK,UK,Cheque,1,Large-Cash-Transaction; Structuring/Smurfing,65,HIGH,LargeTransaction|Smurfing,"Transaction amount 8,467.65 UK pounds exceeds threshold of 8,000.00; Smurfing: account '7723120112' made 3 transactions totalling 25,458.44 within 24h (each below 9,999.00 threshold)"
1098,2026-05-07 13:23:39,7410595143,6415119939,604.03,UK pounds,UK pounds,UK,UK,Debit card,0,,0,LOW,,
1099,2026-05-07 13:23:40,410721659,9584519127,52.1,UK pounds,UK pounds,UK,UK,Cash Withdrawal,0,,0,LOW,,
1100,2026-05-07 13:23:44,5544372349,621060264,12241.56,UK pounds,UK pounds,UK,UK,Debit card,0,Large-Cash-Transaction,25,LOW,LargeTransaction,"Transaction amount 12,241.56 UK pounds exceeds threshold of 8,000.00"
1101,2026-05-07 13:23:44,9506591992,791276398,19116.49,UK pounds,UK pounds,UK,UK,Credit card,0,Large-Cash-Transaction,25,LOW,LargeTransaction,"Transaction amount 19,116.49 UK pounds exceeds threshold of 8,000.00"
1102,2026-05-07 13:23:47,5452849099,4336977506,8617.59,UK pounds,UK pounds,UK,UK,Debit card,1,Large-Cash-Transaction; Structuring/Smurfing,65,HIGH,LargeTransaction|Smurfing,"Transaction amount 8,617.59 UK pounds exceeds threshold of 8,000.00; Smurfing: account '5452849099' made 4 transactions totalling 34,398.68 within 24h (each below 9,999.00 threshold)"
1103,2026-05-07 13:23:49,4516148683,1332670678,11365.54,UK pounds,UK pounds,UK,UK,Cheque,0,Large-Cash-Transaction,25,LOW,LargeTransaction,"Transaction amount 11,365.54 UK pounds exceeds threshold of 8,000.00"
1104,2026-05-07 13:23:51,1530108108,5885236282,3111.8,UK pounds,UK pounds,UK,UK,Credit card,0,,0,LOW,,
1105,2026-05-07 13:23:53,3452368468,3828135271,5634.93,UK pounds,UK pounds,UK,UK,Credit card,1,Structuring/Smurfing,40,MEDIUM,Smurfing,"Smurfing: account '3452368468' made 3 transactions totalling 16,467.50 within 24h (each below 9,999.00 threshold)"
1106,2026-05-07 13:23:53,1529009481,191564974,2223.42,UK pounds,UK pounds,UK,UK,Cash Deposit,0,,0,LOW,,
1107,2026-05-07 13:24:00,2207671475,9481666533,3691.58,UK pounds,UK pounds,UK,UK,Cash Deposit,0,,0,LOW,,
1108,2026-05-07 13:24:02,7917085696,832123785,252.98,UK pounds,UK pounds,UK,UK,Debit card,0,,0,LOW,,
1109,2026-05-07 13:24:03,2527100295,3171122245,4228.62,UK pounds,UK pounds,UK,UK,Debit card,0,,0,LOW,,
1110,2026-05-07 13:24:05,7648952589,4586589659,1552.75,UK pounds,UK pounds,UK,UK,Cheque,0,,0,LOW,,
1111,2026-05-07 13:24:06,7758268667,8969112643,13693.15,UK pounds,UK pounds,UK,UK,Cheque,0,Large-Cash-Transaction,25,LOW,LargeTransaction,"Transaction amount 13,693.15 UK pounds exceeds threshold of 8,000.00"
1112,2026-05-07 13:24:10,1958294737,1493436023,7642.06,UK pounds,UK pounds,UK,UK,Cheque,1,Structuring/Smurfing,40,MEDIUM,Smurfing,"Smurfing: account '1958294737' made 3 transactions totalling 22,845.60 within 24h (each below 9,999.00 threshold)"
1113,2026-05-07 13:24:11,6086421020,5888689265,9048.32,UK pounds,UK pounds,UK,UK,ACH,1,Large-Cash-Transaction; Structuring/Smurfing,65,HIGH,LargeTransaction|Smurfing,"Transaction amount 9,048.32 UK pounds exceeds threshold of 8,000.00; Smurfing: account '6086421020' made 9 transactions totalling 61,744.06 within 24h (each below 9,999.00 threshold)"
1114,2026-05-07 13:24:13,4018854670,2314280513,1349.01,UK pounds,UK pounds,UK,UK,Debit card,0,,0,LOW,,
1115,2026-05-07 13:24:17,5496610940,7237596021,3636.65,UK pounds,UK pounds,UK,UK,Cash Deposit,0,,0,LOW,,
1116,2026-05-07 13:24:17,3452368468,4536194683,11237.7,UK pounds,UK pounds,UK,UK,Credit card,0,Large-Cash-Transaction,25,LOW,LargeTransaction,"Transaction amount 11,237.70 UK pounds exceeds threshold of 8,000.00"
1117,2026-05-07 13:24:19,9455886739,98860072,7370.57,UK pounds,UK pounds,UK,UK,Debit card,0,,0,LOW,,
1118,2026-05-07 13:24:20,2514117425,409707192,19610.74,UK pounds,UK pounds,UK,UK,Debit card,0,Large-Cash-Transaction,25,LOW,LargeTransaction,"Transaction amount 19,610.74 UK pounds exceeds threshold of 8,000.00"
1119,2026-05-07 13:24:24,3580636597,5103043844,7609.69,UK pounds,Naira,UK,Nigeria,Cross-border,0,,0,LOW,,
1120,2026-05-07 13:24:24,6017583380,6181249562,2980.29,UK pounds,UK pounds,UK,UK,Cheque,0,,0,LOW,,
1121,2026-05-07 13:24:31,3626395055,1813519723,165.37,UK pounds,UK pounds,UK,UK,Debit card,0,,0,LOW,,
1122,2026-05-07 13:24:32,8164894544,5896180453,7326.84,UK pounds,UK pounds,UK,UK,ACH,1,Structuring/Smurfing,40,MEDIUM,Smurfing,"Smurfing: account '8164894544' made 3 transactions totalling 21,933.41 within 24h (each below 9,999.00 threshold)"
1123,2026-05-07 13:24:34,7060011330,9257854941,664.78,UK pounds,UK pounds,UK,UK,Cash Deposit,0,,0,LOW,,
1124,2026-05-07 13:24:34,5993566238,9334092695,2644.14,UK pounds,UK pounds,UK,UK,Cash Deposit,0,,0,LOW,,
1125,2026-05-07 13:24:35,8394294350,8678802420,7871.02,UK pounds,UK pounds,UK,UK,Debit card,0,,0,LOW,,
1126,2026-05-07 13:24:39,7511413041,4612854029,21288.33,UK pounds,Mexican Peso,UK,Mexico,Cross-border,0,Large-Cash-Transaction,25,LOW,LargeTransaction,"Transaction amount 21,288.33 UK pounds exceeds threshold of 8,000.00"
1127,2026-05-07 13:24:41,517435154,7411118474,1365.5,UK pounds,UK pounds,UK,UK,Cash Deposit,0,,0,LOW,,
1128,2026-05-07 13:24:41,5906035370,5363117119,12878.58,UK pounds,UK pounds,UK,UK,Credit card,0,Large-Cash-Transaction,25,LOW,LargeTransaction,"Transaction amount 12,878.58 UK pounds exceeds threshold of 8,000.00"
1129,2026-05-07 13:24:43,6916264887,6953672776,6600.95,UK pounds,Mexican Peso,UK,Mexico,Cross-border,1,Structuring/Smurfing,40,MEDIUM,Smurfing,"Smurfing: account '6916264887' made 3 transactions totalling 20,078.89 within 24h (each below 9,999.00 threshold)"
1130,2026-05-07 13:24:44,8952177221,4269977194,7468.83,UK pounds,UK pounds,UK,UK,Credit card,1,Structuring/Smurfing,40,MEDIUM,Smurfing,"Smurfing: account '8952177221' made 8 transactions totalling 61,068.54 within 24h (each below 9,999.00 threshold)"
1131,2026-05-07 13:24:49,7660286186,419860950,86.48,UK pounds,UK pounds,UK,UK,Cash Withdrawal,0,,0,LOW,,
1132,2026-05-07 13:24:53,8203229522,9897263201,12606.42,UK pounds,UK pounds,UK,UK,Debit card,0,Large-Cash-Transaction,25,LOW,LargeTransaction,"Transaction amount 12,606.42 UK pounds exceeds threshold of 8,000.00"
1133,2026-05-07 13:24:54,8465013530,2534644942,16704.42,UK pounds,Euro,UK,France,Cross-border,0,Large-Cash-Transaction,25,LOW,LargeTransaction,"Transaction amount 16,704.42 UK pounds exceeds threshold of 8,000.00"
1134,2026-05-07 13:24:54,3331021797,828974974,339.07,UK pounds,UK pounds,UK,UK,Debit card,0,,0,LOW,,
1135,2026-05-07 13:24:54,7258656047,1377603863,10219.84,UK pounds,UK pounds,UK,UK,Debit card,0,Large-Cash-Transaction,25,LOW,LargeTransaction,"Transaction amount 10,219.84 UK pounds exceeds threshold of 8,000.00"
1136,2026-05-07 13:24:56,7877700106,2534644942,25361.66,UK pounds,Euro,UK,France,Cross-border,0,Large-Cash-Transaction,25,LOW,LargeTransaction,"Transaction amount 25,361.66 UK pounds exceeds threshold of 8,000.00"
1137,2026-05-07 13:24:59,3452368468,4889103394,14825.62,UK pounds,UK pounds,UK,UK,Cheque,0,Large-Cash-Transaction,25,LOW,LargeTransaction,"Transaction amount 14,825.62 UK pounds exceeds threshold of 8,000.00"
1138,2026-05-07 13:25:03,7612945954,5954788102,1428.7,UK pounds,UK pounds,UK,UK,Cash Deposit,0,,0,LOW,,
1139,2026-05-07 13:25:03,622563575,1215740475,6844.81,UK pounds,UK pounds,UK,UK,Cheque,0,,0,LOW,,
1140,2026-05-07 13:25:06,6134361468,3126004356,10639.24,UK pounds,UK pounds,UK,UK,Credit card,0,Large-Cash-Transaction,25,LOW,LargeTransaction,"Transaction amount 10,639.24 UK pounds exceeds threshold of 8,000.00"
1141,2026-05-07 13:25:09,5955159897,6034997194,13482.48,Euro,UK pounds,Germany,UK,Cross-border,0,Large-Cash-Transaction,25,LOW,LargeTransaction,"Transaction amount 13,482.48 Euro exceeds threshold of 9,000.00"
1142,2026-05-07 13:25:14,3918256548,6185167250,470.51,UK pounds,UK pounds,UK,UK,Cheque,0,,0,LOW,,
1143,2026-05-07 13:25:15,4325840388,8448609952,3308.48,UK pounds,UK pounds,UK,UK,Credit card,0,,0,LOW,,
1144,2026-05-07 13:25:16,7042835632,1424693007,3360.22,UK pounds,UK pounds,UK,UK,Cheque,0,,0,LOW,,
1145,2026-05-07 13:25:17,7758268667,8992041252,7648.36,UK pounds,UK pounds,UK,UK,ACH,1,Structuring/Smurfing,40,MEDIUM,Smurfing,"Smurfing: account '7758268667' made 8 transactions totalling 63,420.42 within 24h (each below 9,999.00 threshold)"
1146,2026-05-07 13:25:20,9033093606,4566276320,945.81,UK pounds,UK pounds,UK,UK,Debit card,0,,0,LOW,,
1147,2026-05-07 13:25:20,7758268667,301740914,8829.49,UK pounds,UK pounds,UK,UK,ACH,1,Large-Cash-Transaction; Structuring/Smurfing,65,HIGH,LargeTransaction|Smurfing,"Transaction amount 8,829.49 UK pounds exceeds threshold of 8,000.00; Smurfing: account '7758268667' made 9 transactions totalling 72,249.91 within 24h (each below 9,999.00 threshold)"
1148,2026-05-07 13:25:24,86251380,8252790943,57.17,UK pounds,UK pounds,UK,UK,ACH,0,,0,LOW,,
1149,2026-05-07 13:25:24,7149658623,8562157450,1625.12,UK pounds,UK pounds,UK,UK,Cheque,0,,0,LOW,,
1150,2026-05-07 13:25:27,47426338,5448000896,11094.49,UK pounds,UK pounds,UK,UK,Credit card,0,Large-Cash-Transaction,25,LOW,LargeTransaction,"Transaction amount 11,094.49 UK pounds exceeds threshold of 8,000.00"
1151,2026-05-07 13:25:32,3399295126,5341764983,292.65,UK pounds,UK pounds,UK,UK,Cash Withdrawal,0,,0,LOW,,
1152,2026-05-07 13:25:33,9734083970,1812525358,5797.02,UK pounds,UK pounds,UK,UK,Credit card,1,Structuring/Smurfing,40,MEDIUM,Smurfing,"Smurfing: account '9734083970' made 4 transactions totalling 25,867.92 within 24h (each below 9,999.00 threshold)"
1153,2026-05-07 13:25:41,1937509788,5628674969,9761.5,UK pounds,UK pounds,UK,UK,Cheque,0,Large-Cash-Transaction,25,LOW,LargeTransaction,"Transaction amount 9,761.50 UK pounds exceeds threshold of 8,000.00"
1154,2026-05-07 13:25:45,4934495998,9481895054,1019.77,UK pounds,UK pounds,UK,UK,ACH,0,,0,LOW,,
1155,2026-05-07 13:25:45,1376796548,6444220418,8224.88,UK pounds,UK pounds,UK,UK,Credit card,0,Large-Cash-Transaction,25,LOW,LargeTransaction,"Transaction amount 8,224.88 UK pounds exceeds threshold of 8,000.00"
1156,2026-05-07 13:25:46,9222757302,5109623450,9142.15,UK pounds,UK pounds,UK,UK,ACH,1,Large-Cash-Transaction; Structuring/Smurfing,65,HIGH,LargeTransaction|Smurfing,"Transaction amount 9,142.15 UK pounds exceeds threshold of 8,000.00; Smurfing: account '9222757302' made 3 transactions totalling 27,451.01 within 24h (each below 9,999.00 threshold)"
1157,2026-05-07 13:25:46,4422193584,9412281200,96.59,UK pounds,UK pounds,UK,UK,Cash Withdrawal,0,,0,LOW,,
1158,2026-05-07 13:25:47,507469920,1027651346,1186.19,Indian rupee,UK pounds,UK,UK,Cheque,0,,0,LOW,,
1159,2026-05-07 13:25:54,8341412096,5109623450,7851.96,UK pounds,UK pounds,UK,UK,ACH,0,,0,LOW,,
1160,2026-05-07 13:26:07,7992464835,8739855178,871.66,UK pounds,UK pounds,UK,UK,Cheque,0,,0,LOW,,
1161,2026-05-07 13:26:11,8898696157,6646502650,10169.13,UK pounds,Euro,UK,France,Cross-border,0,Large-Cash-Transaction,25,LOW,LargeTransaction,"Transaction amount 10,169.13 UK pounds exceeds threshold of 8,000.00"
1162,2026-05-07 13:26:13,2013350717,8309111731,3137.01,UK pounds,UK pounds,UK,UK,Debit card,0,,0,LOW,,
1163,2026-05-07 13:26:14,6679205752,5109623450,12149.75,UK pounds,UK pounds,UK,UK,Credit card,0,Large-Cash-Transaction,25,LOW,LargeTransaction,"Transaction amount 12,149.75 UK pounds exceeds threshold of 8,000.00"
1164,2026-05-07 13:26:17,3337304913,3549170820,5533.77,UK pounds,UK pounds,UK,UK,Cash Deposit,0,,0,LOW,,
1165,2026-05-07 13:26:20,9734083970,1812525358,5743.1,UK pounds,UK pounds,UK,UK,Cheque,1,Structuring/Smurfing,40,MEDIUM,Smurfing,"Smurfing: account '9734083970' made 5 transactions totalling 31,611.02 within 24h (each below 9,999.00 threshold)"
1166,2026-05-07 13:26:25,1670948762,6444220418,17638.76,UK pounds,UK pounds,UK,UK,ACH,0,Large-Cash-Transaction,25,LOW,LargeTransaction,"Transaction amount 17,638.76 UK pounds exceeds threshold of 8,000.00"
1167,2026-05-07 13:26:28,6086421020,7141835964,8114.63,UK pounds,UK pounds,UK,UK,Cheque,1,Large-Cash-Transaction; Structuring/Smurfing,65,HIGH,LargeTransaction|Smurfing,"Transaction amount 8,114.63 UK pounds exceeds threshold of 8,000.00; Smurfing: account '6086421020' made 10 transactions totalling 69,858.69 within 24h (each below 9,999.00 threshold)"
1168,2026-05-07 13:26:29,9599009457,8402697545,12966.95,UK pounds,UK pounds,UK,UK,Cheque,0,Large-Cash-Transaction,25,LOW,LargeTransaction,"Transaction amount 12,966.95 UK pounds exceeds threshold of 8,000.00"
1169,2026-05-07 13:26:29,2010751584,9034847904,4321.92,UK pounds,UK pounds,UK,UK,Debit card,0,,0,LOW,,
1170,2026-05-07 13:26:31,2797271466,5633100295,8721.94,UK pounds,UK pounds,UK,UK,Cheque,1,Large-Cash-Transaction; Structuring/Smurfing,65,HIGH,LargeTransaction|Smurfing,"Transaction amount 8,721.94 UK pounds exceeds threshold of 8,000.00; Smurfing: account '2797271466' made 3 transactions totalling 26,252.30 within 24h (each below 9,999.00 threshold)"
1171,2026-05-07 13:26:31,2365007895,2695185687,7997.16,UK pounds,UK pounds,UK,UK,Cheque,1,Structuring/Smurfing,40,MEDIUM,Smurfing,"Smurfing: account '2365007895' made 5 transactions totalling 41,831.42 within 24h (each below 9,999.00 threshold)"
1172,2026-05-07 13:26:34,358191542,657942039,5134.01,UK pounds,UK pounds,UK,UK,Cheque,0,,0,LOW,,
1173,2026-05-07 13:26:36,3487894253,906585162,6080.21,UK pounds,UK pounds,UK,UK,Credit card,0,,0,LOW,,
1174,2026-05-07 13:26:40,1975276125,7338736386,1872.81,UK pounds,UK pounds,UK,UK,Debit card,0,,0,LOW,,
1175,2026-05-07 13:26:43,3760907521,9554642525,1242.34,UK pounds,UK pounds,UK,UK,Credit card,0,,0,LOW,,
1176,2026-05-07 13:26:44,3529260592,5623976634,4301.09,UK pounds,UK pounds,UK,UK,Credit card,0,,0,LOW,,
1177,2026-05-07 13:26:45,6456964355,6646502650,5652.31,UK pounds,Euro,UK,France,Cross-border,1,Structuring/Smurfing,40,MEDIUM,Smurfing,"Smurfing: account '6456964355' made 3 transactions totalling 16,982.27 within 24h (each below 9,999.00 threshold)"
1178,2026-05-07 13:26:47,3905907712,4720971649,10348.91,UK pounds,Indian rupee,UK,India,Cross-border,0,Large-Cash-Transaction,25,LOW,LargeTransaction,"Transaction amount 10,348.91 UK pounds exceeds threshold of 8,000.00"
1179,2026-05-07 13:26:47,2933176962,6855935396,13028.53,UK pounds,Mexican Peso,UK,UK,Debit card,0,Large-Cash-Transaction,25,LOW,LargeTransaction,"Transaction amount 13,028.53 UK pounds exceeds threshold of 8,000.00"
1180,2026-05-07 13:26:48,8456279067,3681770380,22335.96,UK pounds,UK pounds,UK,UK,Debit card,0,Large-Cash-Transaction,25,LOW,LargeTransaction,"Transaction amount 22,335.96 UK pounds exceeds threshold of 8,000.00"
1181,2026-05-07 13:26:52,8394204937,2898076984,920.27,UK pounds,UK pounds,UK,UK,Debit card,0,,0,LOW,,
1182,2026-05-07 13:26:54,2365007895,2166082350,4743.98,UK pounds,UK pounds,UK,UK,ACH,1,Structuring/Smurfing,40,MEDIUM,Smurfing,"Smurfing: account '2365007895' made 6 transactions totalling 46,575.40 within 24h (each below 9,999.00 threshold)"
1183,2026-05-07 13:26:57,7501327339,8061984977,9551.14,UK pounds,UK pounds,UK,UK,Debit card,1,Large-Cash-Transaction; Structuring/Smurfing,65,HIGH,LargeTransaction|Smurfing,"Transaction amount 9,551.14 UK pounds exceeds threshold of 8,000.00; Smurfing: account '7501327339' made 9 transactions totalling 66,586.41 within 24h (each below 9,999.00 threshold)"
1184,2026-05-07 13:26:59,6086421020,1799978362,7573.88,UK pounds,UK pounds,UK,UK,Cheque,1,Structuring/Smurfing,40,MEDIUM,Smurfing,"Smurfing: account '6086421020' made 11 transactions totalling 77,432.57 within 24h (each below 9,999.00 threshold)"
1185,2026-05-07 13:27:00,9442180171,6223365730,11719.29,UK pounds,UK pounds,UK,UK,Debit card,0,Large-Cash-Transaction,25,LOW,LargeTransaction,"Transaction amount 11,719.29 UK pounds exceeds threshold of 8,000.00"
1186,2026-05-07 13:27:00,715433079,618248540,3200.79,UK pounds,UK pounds,UK,UK,Cash Deposit,0,,0,LOW,,
1187,2026-05-07 13:27:03,5021785800,4135708880,7889.92,UK pounds,UK pounds,UK,UK,Cheque,1,Structuring/Smurfing,40,MEDIUM,Smurfing,"Smurfing: account '5021785800' made 7 transactions totalling 45,465.14 within 24h (each below 9,999.00 threshold)"
1188,2026-05-07 13:27:04,9815457790,6792035805,2292.35,UK pounds,UK pounds,UK,UK,ACH,0,,0,LOW,,
1189,2026-05-07 13:27:04,8937251939,9665064917,350.64,UK pounds,UK pounds,UK,UK,Debit card,0,,0,LOW,,
1190,2026-05-07 13:27:05,3168051873,6138274964,5239.46,UK pounds,UK pounds,UK,UK,Debit card,1,Structuring/Smurfing,40,MEDIUM,Smurfing,"Smurfing: account '3168051873' made 3 transactions totalling 16,880.95 within 24h (each below 9,999.00 threshold)"
1191,2026-05-07 13:27:05,8587242371,5363117119,19906.37,UK pounds,UK pounds,UK,UK,Debit card,0,Large-Cash-Transaction,25,LOW,LargeTransaction,"Transaction amount 19,906.37 UK pounds exceeds threshold of 8,000.00"
1192,2026-05-07 13:27:07,4121324384,3405158611,6537.49,Euro,UK pounds,Spain,UK,Cross-border,1,Structuring/Smurfing,40,MEDIUM,Smurfing,"Smurfing: account '4121324384' made 3 transactions totalling 23,575.00 within 24h (each below 9,999.00 threshold)"
1193,2026-05-07 13:27:14,9727149615,5641865341,5951.61,UK pounds,UK pounds,UK,UK,Cheque,0,,0,LOW,,
1194,2026-05-07 13:27:17,4589102571,4694794102,1926.02,UK pounds,UK pounds,UK,UK,ACH,0,,0,LOW,,
1195,2026-05-07 13:27:19,1413590751,838181875,902.12,UK pounds,UK pounds,UK,UK,Debit card,0,,0,LOW,,
1196,2026-05-07 13:27:21,2547342518,8518184956,20076.8,UK pounds,UK pounds,UK,UK,Credit card,0,Large-Cash-Transaction,25,LOW,LargeTransaction,"Transaction amount 20,076.80 UK pounds exceeds threshold of 8,000.00"
1197,2026-05-07 13:27:21,5748357482,7939987867,3419.19,UK pounds,UK pounds,UK,UK,Cheque,0,,0,LOW,,
1198,2026-05-07 13:27:21,327970244,2748382827,892.51,UK pounds,UK pounds,UK,UK,ACH,0,,0,LOW,,
1199,2026-05-07 13:27:23,8987848252,685567924,10926.08,UK pounds,UK pounds,UK,UK,Debit card,0,Large-Cash-Transaction,25,LOW,LargeTransaction,"Transaction amount 10,926.08 UK pounds exceeds threshold of 8,000.00"
1200,2026-05-07 13:27:29,3786472264,5628674969,8444.02,UK pounds,UK pounds,UK,UK,Credit card,1,Large-Cash-Transaction; Structuring/Smurfing,65,HIGH,LargeTransaction|Smurfing,"Transaction amount 8,444.02 UK pounds exceeds threshold of 8,000.00; Smurfing: account '3786472264' made 3 transactions totalling 25,260.72 within 24h (each below 9,999.00 threshold)"
1201,2026-05-07 13:27:31,351184098,3374093366,3863.42,UK pounds,UK pounds,UK,UK,Cheque,0,Fan-Out/Money-Mule,20,LOW,RapidMovement,RapidMovement: part of rapid fund re-dispatch from account '351184098'
1202,2026-05-07 13:27:33,4811427020,8073403211,5564.78,UK pounds,UK pounds,UK,UK,Credit card,0,,0,LOW,,
1203,2026-05-07 13:27:33,3577713876,9261560213,80.25,UK pounds,UK pounds,UK,UK,Cash Withdrawal,0,,0,LOW,,
1204,2026-05-07 13:27:38,2583885405,9420911943,5028.82,UK pounds,UK pounds,UK,UK,Cash Deposit,0,,0,LOW,,
1205,2026-05-07 13:27:39,3697918511,7160736915,6648.65,UK pounds,UK pounds,UK,UK,ACH,0,,0,LOW,,
1206,2026-05-07 13:27:45,8197302577,188858444,699.38,UK pounds,UK pounds,UK,UK,Debit card,0,,0,LOW,,
1207,2026-05-07 13:27:47,5449304408,7719011693,156.99,UK pounds,UK pounds,UK,UK,Credit card,0,,0,LOW,,
1208,2026-05-07 13:27:51,6305766590,1195461882,4448.15,UK pounds,UK pounds,UK,UK,Credit card,0,,0,LOW,,
1209,2026-05-07 13:27:55,4957552805,1377603863,5238.13,UK pounds,US dollar,UK,UK,Credit card,1,Structuring/Smurfing,40,MEDIUM,Smurfing,"Smurfing: account '4957552805' made 3 transactions totalling 15,722.90 within 24h (each below 9,999.00 threshold)"
1210,2026-05-07 13:27:58,7129380861,3908007731,3862.5,UK pounds,UK pounds,UK,UK,Cash Deposit,0,,0,LOW,,
1211,2026-05-07 13:27:59,3474800855,345087914,7493.02,UK pounds,UK pounds,UK,UK,Debit card,0,,0,LOW,,
1212,2026-05-07 13:28:02,8339031770,5844377613,693.34,UK pounds,UK pounds,UK,UK,Credit card,0,,0,LOW,,
1213,2026-05-07 13:28:04,1139132462,7199625988,10653.04,Dirham,UK pounds,UAE,UK,Cross-border,0,Large-Cash-Transaction,25,LOW,LargeTransaction,"Transaction amount 10,653.04 Dirham exceeds threshold of 10,000.00"
1214,2026-05-07 13:28:05,9515307016,1162826948,3174.23,UK pounds,UK pounds,UK,UK,ACH,0,,0,LOW,,
1215,2026-05-07 13:28:08,7347424,8325668773,11732.5,UK pounds,UK pounds,UK,UK,Debit card,0,Large-Cash-Transaction,25,LOW,LargeTransaction,"Transaction amount 11,732.50 UK pounds exceeds threshold of 8,000.00"
1216,2026-05-07 13:28:09,2447799663,8752943153,4867.37,UK pounds,UK pounds,UK,UK,Credit card,0,,0,LOW,,
1217,2026-05-07 13:28:12,7165160557,5683968866,727.22,UK pounds,UK pounds,UK,UK,ACH,0,,0,LOW,,
1218,2026-05-07 13:28:14,621444843,5955520642,637.55,UK pounds,UK pounds,UK,UK,Debit card,0,,0,LOW,,
1219,2026-05-07 13:28:14,9908338844,6174440244,2493.82,UK pounds,UK pounds,UK,UK,ACH,0,,0,LOW,,
1220,2026-05-07 13:28:15,7700215720,3523706197,113.03,UK pounds,UK pounds,UK,UK,Cash Withdrawal,0,,0,LOW,,
1221,2026-05-07 13:28:18,2999228456,7905591095,103.01,UK pounds,UK pounds,UK,UK,Cash Deposit,0,,0,LOW,,
1222,2026-05-07 13:28:18,9346100166,5708936901,12223.75,UK pounds,UK pounds,UK,UK,ACH,0,Large-Cash-Transaction,25,LOW,LargeTransaction,"Transaction amount 12,223.75 UK pounds exceeds threshold of 8,000.00"
1223,2026-05-07 13:28:19,3510078932,1379534157,5057.87,UK pounds,UK pounds,UK,UK,Debit card,1,Structuring/Smurfing,40,MEDIUM,Smurfing,"Smurfing: account '3510078932' made 6 transactions totalling 35,125.43 within 24h (each below 9,999.00 threshold)"
1224,2026-05-07 13:28:21,3007675845,7655202476,1120.65,UK pounds,Swiss franc,UK,Switzerland,Cross-border,0,,0,LOW,,
1225,2026-05-07 13:28:22,8352689518,5480602679,328.2,UK pounds,UK pounds,UK,UK,Cheque,0,,0,LOW,,
1226,2026-05-07 13:28:22,212368086,9166626726,1575.54,UK pounds,UK pounds,UK,UK,Cheque,0,,0,LOW,,
1227,2026-05-07 13:28:23,5424728274,4336977506,5217.48,UK pounds,UK pounds,UK,UK,ACH,1,Structuring/Smurfing,40,MEDIUM,Smurfing,"Smurfing: account '5424728274' made 3 transactions totalling 15,551.38 within 24h (each below 9,999.00 threshold)"
1228,2026-05-07 13:28:23,9649321106,5109623450,7876.12,UK pounds,UK pounds,UK,UK,ACH,0,,0,LOW,,
1229,2026-05-07 13:28:25,8389148416,8705942251,7463.99,UK pounds,UK pounds,UK,UK,Cheque,1,Structuring/Smurfing,40,MEDIUM,Smurfing,"Smurfing: account '8389148416' made 3 transactions totalling 22,879.89 within 24h (each below 9,999.00 threshold)"
1230,2026-05-07 13:28:27,5362449039,3477434260,982.92,UK pounds,UK pounds,UK,UK,Debit card,0,,0,LOW,,
1231,2026-05-07 13:28:29,7628410156,5674907569,684.06,UK pounds,UK pounds,UK,UK,Cash Deposit,0,,0,LOW,,
1232,2026-05-07 13:28:32,5790471849,378335393,2194.27,UK pounds,Indian rupee,UK,UK,ACH,0,,0,LOW,,
1233,2026-05-07 13:28:33,1706196950,3695545812,4914.25,UK pounds,UK pounds,UK,UK,Credit card,1,Structuring/Smurfing,40,MEDIUM,Smurfing,"Smurfing: account '1706196950' made 3 transactions totalling 14,665.04 within 24h (each below 9,999.00 threshold)"
1234,2026-05-07 13:28:34,7669236826,2595978516,9641.87,UK pounds,UK pounds,UK,UK,Credit card,1,Large-Cash-Transaction; Structuring/Smurfing,65,HIGH,LargeTransaction|Smurfing,"Transaction amount 9,641.87 UK pounds exceeds threshold of 8,000.00; Smurfing: account '7669236826' made 7 transactions totalling 49,707.23 within 24h (each below 9,999.00 threshold)"
1235,2026-05-07 13:28:40,4121324384,114960068,8489.2,Euro,Dirham,Spain,UAE,Cross-border,1,Structuring/Smurfing,40,MEDIUM,Smurfing,"Smurfing: account '4121324384' made 3 transactions totalling 23,575.00 within 24h (each below 9,999.00 threshold)"
1236,2026-05-07 13:28:40,3691766094,2765451286,4757.85,UK pounds,UK pounds,UK,UK,Credit card,0,,0,LOW,,
1237,2026-05-07 13:28:40,6970144725,1437911296,390.67,UK pounds,UK pounds,UK,UK,Cheque,0,,0,LOW,,
1238,2026-05-07 13:28:41,6026116861,5823617053,3259.3,UK pounds,UK pounds,UK,UK,Cheque,0,,0,LOW,,
1239,2026-05-07 13:28:43,8456279067,2524044622,9497.05,UK pounds,UK pounds,UK,UK,ACH,1,Large-Cash-Transaction; Structuring/Smurfing,65,HIGH,LargeTransaction|Smurfing,"Transaction amount 9,497.05 UK pounds exceeds threshold of 8,000.00; Smurfing: account '8456279067' made 7 transactions totalling 47,574.00 within 24h (each below 9,999.00 threshold)"
1240,2026-05-07 13:28:43,8047909179,2584568182,2780.17,UK pounds,UK pounds,UK,UK,Credit card,0,,0,LOW,,
1241,2026-05-07 13:28:46,2568808410,32660860,2151.58,UK pounds,UK pounds,UK,UK,ACH,0,,0,LOW,,
1242,2026-05-07 13:28:48,2299676190,2534644942,5909.57,UK pounds,Euro,UK,France,Cross-border,1,Structuring/Smurfing,40,MEDIUM,Smurfing,"Smurfing: account '2299676190' made 3 transactions totalling 17,668.62 within 24h (each below 9,999.00 threshold)"
1243,2026-05-07 13:28:54,6904668523,2361327503,7660.83,UK pounds,UK pounds,UK,UK,Credit card,1,Structuring/Smurfing,40,MEDIUM,Smurfing,"Smurfing: account '6904668523' made 4 transactions totalling 30,001.84 within 24h (each below 9,999.00 threshold)"
1244,2026-05-07 13:28:56,6307900258,862828637,24985.47,UK pounds,UK pounds,UK,UK,ACH,0,Large-Cash-Transaction,25,LOW,LargeTransaction,"Transaction amount 24,985.47 UK pounds exceeds threshold of 8,000.00"
1245,2026-05-07 13:28:56,9586816158,2221393478,536.01,UK pounds,UK pounds,UK,UK,Debit card,0,,0,LOW,,
1246,2026-05-07 13:29:01,7669236826,7389041504,10262.31,UK pounds,UK pounds,UK,UK,Credit card,0,Large-Cash-Transaction,25,LOW,LargeTransaction,"Transaction amount 10,262.31 UK pounds exceeds threshold of 8,000.00"
1247,2026-05-07 13:29:04,8992550842,1489915777,476.25,UK pounds,UK pounds,UK,UK,Cheque,0,,0,LOW,,
1248,2026-05-07 13:29:08,3709430533,7543250720,6812.56,UK pounds,UK pounds,UK,UK,ACH,1,Structuring/Smurfing,40,MEDIUM,Smurfing,"Smurfing: account '3709430533' made 6 transactions totalling 44,024.70 within 24h (each below 9,999.00 threshold)"
1249,2026-05-07 13:29:09,6541552727,475649742,6501.99,UK pounds,UK pounds,UK,UK,Debit card,1,Structuring/Smurfing,40,MEDIUM,Smurfing,"Smurfing: account '6541552727' made 7 transactions totalling 51,045.41 within 24h (each below 9,999.00 threshold)"
1250,2026-05-07 13:29:09,630896633,1346446264,5661.88,UK pounds,UK pounds,UK,UK,Cheque,0,,0,LOW,,
1251,2026-05-07 13:29:11,9580371702,6646502650,6202.15,UK pounds,Euro,UK,France,Cross-border,0,,0,LOW,,
1252,2026-05-07 13:29:12,3009397443,5708936901,11354.17,UK pounds,UK pounds,UK,UK,ACH,0,Large-Cash-Transaction,25,LOW,LargeTransaction,"Transaction amount 11,354.17 UK pounds exceeds threshold of 8,000.00"
1253,2026-05-07 13:29:18,295813874,5896180453,13354.61,UK pounds,UK pounds,UK,UK,Credit card,0,Large-Cash-Transaction,25,LOW,LargeTransaction,"Transaction amount 13,354.61 UK pounds exceeds threshold of 8,000.00"
1254,2026-05-07 13:29:19,9085589836,5281036091,1744.35,UK pounds,UK pounds,UK,UK,Credit card,0,,0,LOW,,
1255,2026-05-07 13:29:20,9113661665,7892884492,7971.0,UK pounds,US dollar,UK,USA,Cross-border,0,,0,LOW,,
1256,2026-05-07 13:29:21,1858815801,5687522584,1439.18,UK pounds,UK pounds,UK,UK,ACH,0,,0,LOW,,
1257,2026-05-07 13:29:22,4768796402,2531693916,5678.32,UK pounds,UK pounds,UK,UK,Credit card,0,,0,LOW,,
1258,2026-05-07 13:29:22,4567787678,8413073398,638.96,UK pounds,UK pounds,UK,UK,Debit card,0,,0,LOW,,
1259,2026-05-07 13:29:23,868568688,5708936901,12843.26,UK pounds,UK pounds,UK,UK,ACH,0,Large-Cash-Transaction,25,LOW,LargeTransaction,"Transaction amount 12,843.26 UK pounds exceeds threshold of 8,000.00"
1260,2026-05-07 13:29:24,3396853729,4293580479,25522.55,UK pounds,UK pounds,UK,UK,Credit card,0,Large-Cash-Transaction,25,LOW,LargeTransaction,"Transaction amount 25,522.55 UK pounds exceeds threshold of 8,000.00"
1261,2026-05-07 13:29:28,8456279067,2524044622,9500.7,UK pounds,UK pounds,UK,UK,Cheque,1,Large-Cash-Transaction; Structuring/Smurfing,65,HIGH,LargeTransaction|Smurfing,"Transaction amount 9,500.70 UK pounds exceeds threshold of 8,000.00; Smurfing: account '8456279067' made 8 transactions totalling 57,074.70 within 24h (each below 9,999.00 threshold)"
1262,2026-05-07 13:29:34,5025012701,8523695954,867.47,UK pounds,UK pounds,UK,UK,ACH,0,,0,LOW,,
1263,2026-05-07 13:29:38,7758268667,4389103342,9414.97,UK pounds,UK pounds,UK,UK,Cheque,1,Large-Cash-Transaction; Structuring/Smurfing,65,HIGH,LargeTransaction|Smurfing,"Transaction amount 9,414.97 UK pounds exceeds threshold of 8,000.00; Smurfing: account '7758268667' made 10 transactions totalling 81,664.88 within 24h (each below 9,999.00 threshold)"
1264,2026-05-07 13:29:43,2548803528,4551471712,2079.76,UK pounds,UK pounds,UK,UK,Cheque,0,,0,LOW,,
1265,2026-05-07 13:29:45,7724710130,4270865741,11655.25,UK pounds,UK pounds,UK,UK,ACH,0,Large-Cash-Transaction,25,LOW,LargeTransaction,"Transaction amount 11,655.25 UK pounds exceeds threshold of 8,000.00"
1266,2026-05-07 13:29:45,6086421020,8140432476,7933.79,UK pounds,UK pounds,UK,UK,ACH,1,Structuring/Smurfing,40,MEDIUM,Smurfing,"Smurfing: account '6086421020' made 12 transactions totalling 85,366.36 within 24h (each below 9,999.00 threshold)"
1267,2026-05-07 13:29:48,3457073761,8235122290,110.39,UK pounds,UK pounds,UK,UK,Cash Withdrawal,0,,0,LOW,,
1268,2026-05-07 13:29:49,1767299126,3231953623,223.53,UK pounds,UK pounds,UK,UK,ACH,0,,0,LOW,,
1269,2026-05-07 13:29:53,1915450576,7468510228,5287.47,UK pounds,UK pounds,UK,UK,Debit card,1,Structuring/Smurfing,40,MEDIUM,Smurfing,"Smurfing: account '1915450576' made 9 transactions totalling 54,326.17 within 24h (each below 9,999.00 threshold)"
1270,2026-05-07 13:29:53,1378784400,7373473711,11033.02,UK pounds,UK pounds,UK,UK,Debit card,0,Large-Cash-Transaction,25,LOW,LargeTransaction,"Transaction amount 11,033.02 UK pounds exceeds threshold of 8,000.00"
1271,2026-05-07 13:29:55,9746384104,6440110871,15728.75,UK pounds,UK pounds,UK,UK,ACH,0,Large-Cash-Transaction,25,LOW,LargeTransaction,"Transaction amount 15,728.75 UK pounds exceeds threshold of 8,000.00"
1272,2026-05-07 13:30:01,1491989064,123413463,10311.29,UK pounds,UK pounds,UK,UK,Credit card,0,Large-Cash-Transaction,25,LOW,LargeTransaction,"Transaction amount 10,311.29 UK pounds exceeds threshold of 8,000.00"
1273,2026-05-07 13:30:03,3300785782,2176710365,1265.81,UK pounds,UK pounds,UK,UK,Cheque,0,,0,LOW,,
1274,2026-05-07 13:30:03,3306225869,3938282574,2419.42,UK pounds,UK pounds,UK,UK,Cheque,0,,0,LOW,,
1275,2026-05-07 13:30:06,4624222122,8683543845,13837.82,UK pounds,UK pounds,UK,UK,Credit card,0,Large-Cash-Transaction,25,LOW,LargeTransaction,"Transaction amount 13,837.82 UK pounds exceeds threshold of 8,000.00"
1276,2026-05-07 13:30:08,7216872717,9237877084,359.84,UK pounds,Yen,UK,UK,ACH,0,,0,LOW,,
1277,2026-05-07 13:30:10,1144646660,1493436023,5116.88,UK pounds,UK pounds,UK,UK,Debit card,1,Structuring/Smurfing,40,MEDIUM,Smurfing,"Smurfing: account '1144646660' made 3 transactions totalling 15,393.68 within 24h (each below 9,999.00 threshold)"
1278,2026-05-07 13:30:12,4869510336,413046602,3063.75,UK pounds,UK pounds,UK,UK,Cash Deposit,0,,0,LOW,,
1279,2026-05-07 13:30:17,5982914936,7927090992,9258.01,UK pounds,UK pounds,UK,UK,Cheque,1,Large-Cash-Transaction; Structuring/Smurfing,65,HIGH,LargeTransaction|Smurfing,"Transaction amount 9,258.01 UK pounds exceeds threshold of 8,000.00; Smurfing: account '5982914936' made 5 transactions totalling 43,423.81 within 24h (each below 9,999.00 threshold)"
1280,2026-05-07 13:30:18,6658514844,3896145797,350.83,UK pounds,UK pounds,UK,UK,Cash Deposit,0,,0,LOW,,
1281,2026-05-07 13:30:21,4024921053,1431561040,7020.94,UK pounds,UK pounds,UK,UK,ACH,1,Structuring/Smurfing,40,MEDIUM,Smurfing,"Smurfing: account '4024921053' made 3 transactions totalling 20,971.24 within 24h (each below 9,999.00 threshold)"
1282,2026-05-07 13:30:22,6479129314,779444026,281.2,UK pounds,UK pounds,UK,UK,Cheque,0,,0,LOW,,
1283,2026-05-07 13:30:24,8952177221,5585080337,10514.08,UK pounds,UK pounds,UK,UK,Credit card,0,Large-Cash-Transaction,25,LOW,LargeTransaction,"Transaction amount 10,514.08 UK pounds exceeds threshold of 8,000.00"
1284,2026-05-07 13:30:24,8626192211,4313032227,2198.81,UK pounds,UK pounds,UK,UK,Debit card,0,,0,LOW,,
1285,2026-05-07 13:30:26,3227343939,6091032343,6890.13,UK pounds,UK pounds,UK,UK,Debit card,0,,0,LOW,,
1286,2026-05-07 13:30:26,2976429509,9904190266,54296.31,UK pounds,UK pounds,UK,UK,Debit card,0,Large-Cash-Transaction,25,LOW,LargeTransaction,"Transaction amount 54,296.31 UK pounds exceeds threshold of 8,000.00"
1287,2026-05-07 13:30:27,1054153813,6334654077,614.46,UK pounds,UK pounds,UK,UK,Cash Deposit,0,,0,LOW,,
1288,2026-05-07 13:30:29,3050015080,3706844167,316.2,UK pounds,UK pounds,UK,UK,Cash Withdrawal,0,,0,LOW,,
1289,2026-05-07 13:30:31,5021785800,5672438828,13572.42,UK pounds,UK pounds,UK,UK,ACH,0,Large-Cash-Transaction,25,LOW,LargeTransaction,"Transaction amount 13,572.42 UK pounds exceeds threshold of 8,000.00"
1290,2026-05-07 13:30:32,6674975782,5363117119,5872.71,UK pounds,UK pounds,UK,UK,ACH,0,,0,LOW,,
1291,2026-05-07 13:30:33,5673834143,3445142371,39.43,UK pounds,UK pounds,UK,UK,Cash Withdrawal,0,,0,LOW,,
1292,2026-05-07 13:30:33,244549331,8332417556,132.12,UK pounds,UK pounds,UK,UK,Debit card,0,,0,LOW,,
1293,2026-05-07 13:30:38,450395871,1912758407,7082.91,UK pounds,UK pounds,UK,UK,ACH,0,,0,LOW,,
1294,2026-05-07 13:30:41,5185722813,9912730379,6509.69,UK pounds,UK pounds,UK,UK,Debit card,0,,0,LOW,,
1295,2026-05-07 13:30:42,4836321257,6855935396,9212.73,UK pounds,UK pounds,UK,UK,Cheque,1,Large-Cash-Transaction; Structuring/Smurfing,65,HIGH,LargeTransaction|Smurfing,"Transaction amount 9,212.73 UK pounds exceeds threshold of 8,000.00; Smurfing: account '4836321257' made 3 transactions totalling 27,896.75 within 24h (each below 9,999.00 threshold)"
1296,2026-05-07 13:30:44,6134536417,6928675680,2177.05,UK pounds,Moroccan dirham,UK,Morocco,Cross-border,0,,0,LOW,,
1297,2026-05-07 13:30:48,2931562863,8039556217,888.87,UK pounds,UK pounds,UK,UK,Debit card,0,,0,LOW,,
1298,2026-05-07 13:30:52,5291333275,6953672776,12844.66,UK pounds,Mexican Peso,UK,Mexico,Cross-border,0,Large-Cash-Transaction,25,LOW,LargeTransaction,"Transaction amount 12,844.66 UK pounds exceeds threshold of 8,000.00"
1299,2026-05-07 13:30:57,702212815,8765716767,71.54,UK pounds,UK pounds,UK,UK,Cash Deposit,0,,0,LOW,,
1300,2026-05-07 13:31:00,4599310239,2412583330,11257.27,UK pounds,UK pounds,UK,UK,Debit card,0,Large-Cash-Transaction,25,LOW,LargeTransaction,"Transaction amount 11,257.27 UK pounds exceeds threshold of 8,000.00"
1301,2026-05-07 13:31:04,6116657264,7749320382,10619.53,UK pounds,UK pounds,UK,UK,ACH,0,Large-Cash-Transaction,25,LOW,LargeTransaction,"Transaction amount 10,619.53 UK pounds exceeds threshold of 8,000.00"
1302,2026-05-07 13:31:05,3961959856,1431561040,8191.33,UK pounds,UK pounds,UK,UK,Cheque,0,Large-Cash-Transaction,25,LOW,LargeTransaction,"Transaction amount 8,191.33 UK pounds exceeds threshold of 8,000.00"
1303,2026-05-07 13:31:06,7085083620,1681424114,1944.77,UK pounds,UK pounds,UK,UK,Debit card,0,,0,LOW,,
1304,2026-05-07 13:31:06,8473871613,8359378095,2289.14,UK pounds,UK pounds,UK,UK,Credit card,0,,0,LOW,,
1305,2026-05-07 13:31:14,9348471518,5307549505,80.11,UK pounds,UK pounds,UK,UK,Cash Withdrawal,0,,0,LOW,,
1306,2026-05-07 13:31:15,3565108277,6646502650,32609.07,UK pounds,Euro,UK,France,Cross-border,0,Large-Cash-Transaction,25,LOW,LargeTransaction,"Transaction amount 32,609.07 UK pounds exceeds threshold of 8,000.00"
1307,2026-05-07 13:31:18,8615470871,5896180453,6943.9,UK pounds,UK pounds,UK,UK,Credit card,0,,0,LOW,,
1308,2026-05-07 13:31:19,1139916404,6855935396,4543.48,UK pounds,UK pounds,UK,UK,Cheque,0,,0,LOW,,
1309,2026-05-07 13:31:22,9332455495,4211883521,1256.33,UK pounds,UK pounds,UK,UK,Credit card,0,,0,LOW,,
1310,2026-05-07 13:31:23,6596087141,2459692642,278.84,UK pounds,UK pounds,UK,UK,Cash Deposit,0,,0,LOW,,
1311,2026-05-07 13:31:24,8304329579,1461956181,1366.86,UK pounds,UK pounds,UK,UK,ACH,0,,0,LOW,,
1312,2026-05-07 13:31:28,6398587379,1602025773,1695.75,UK pounds,UK pounds,UK,UK,Cheque,0,,0,LOW,,
1313,2026-05-07 13:31:29,9991951705,7237603377,3245.84,UK pounds,UK pounds,UK,UK,Cheque,0,,0,LOW,,
1314,2026-05-07 13:31:29,5529226135,409707192,10693.33,UK pounds,UK pounds,UK,UK,Cheque,0,Large-Cash-Transaction,25,LOW,LargeTransaction,"Transaction amount 10,693.33 UK pounds exceeds threshold of 8,000.00"
1315,2026-05-07 13:31:31,31650294,9101257376,856.16,UK pounds,UK pounds,UK,UK,ACH,0,,0,LOW,,
1316,2026-05-07 13:31:35,2365007895,9797294707,9105.05,UK pounds,UK pounds,UK,UK,Debit card,1,Large-Cash-Transaction; Structuring/Smurfing,65,HIGH,LargeTransaction|Smurfing,"Transaction amount 9,105.05 UK pounds exceeds threshold of 8,000.00; Smurfing: account '2365007895' made 7 transactions totalling 55,680.45 within 24h (each below 9,999.00 threshold)"
1317,2026-05-07 13:31:37,9346100166,5708936901,12265.55,UK pounds,UK pounds,UK,UK,Debit card,0,Large-Cash-Transaction,25,LOW,LargeTransaction,"Transaction amount 12,265.55 UK pounds exceeds threshold of 8,000.00"
1318,2026-05-07 13:31:41,312107430,9093602755,10743.16,UK pounds,UK pounds,UK,UK,Credit card,0,Large-Cash-Transaction,25,LOW,LargeTransaction,"Transaction amount 10,743.16 UK pounds exceeds threshold of 8,000.00"
1319,2026-05-07 13:31:49,4446515574,2138505015,12500.27,UK pounds,Dirham,UK,UAE,Cross-border,0,Large-Cash-Transaction,25,LOW,LargeTransaction,"Transaction amount 12,500.27 UK pounds exceeds threshold of 8,000.00"
1320,2026-05-07 13:31:49,808760764,1922373659,2146.17,UK pounds,UK pounds,UK,UK,Credit card,0,,0,LOW,,
1321,2026-05-07 13:31:58,1008340236,4908885093,2941.37,UK pounds,UK pounds,UK,UK,Cheque,0,,0,LOW,,
1322,2026-05-07 13:32:03,1915450576,2933259781,5875.59,UK pounds,UK pounds,UK,UK,Credit card,1,Structuring/Smurfing,40,MEDIUM,Smurfing,"Smurfing: account '1915450576' made 10 transactions totalling 60,201.76 within 24h (each below 9,999.00 threshold)"
1323,2026-05-07 13:32:05,1059085663,395432590,619.01,UK pounds,UK pounds,UK,UK,Credit card,0,,0,LOW,,
1324,2026-05-07 13:32:12,4957552805,1377603863,5255.16,UK pounds,UK pounds,UK,UK,Cheque,1,Structuring/Smurfing,40,MEDIUM,Smurfing,"Smurfing: account '4957552805' made 3 transactions totalling 15,722.90 within 24h (each below 9,999.00 threshold)"
1325,2026-05-07 13:32:13,7676861199,7252463628,928.22,Mexican Peso,UK pounds,Mexico,UK,Cross-border,0,,0,LOW,,
1326,2026-05-07 13:32:14,9520717225,2906571021,983.33,UK pounds,UK pounds,UK,UK,Cheque,0,,0,LOW,,
1327,2026-05-07 13:32:22,3614082527,3673994895,23334.59,UK pounds,UK pounds,UK,UK,ACH,0,Large-Cash-Transaction,25,LOW,LargeTransaction,"Transaction amount 23,334.59 UK pounds exceeds threshold of 8,000.00"
1328,2026-05-07 13:32:24,6712711200,8518184956,14822.68,UK pounds,UK pounds,UK,UK,Credit card,0,Large-Cash-Transaction,25,LOW,LargeTransaction,"Transaction amount 14,822.68 UK pounds exceeds threshold of 8,000.00"
1329,2026-05-07 13:32:25,2608070620,1493436023,5219.75,UK pounds,UK pounds,UK,UK,Credit card,0,,0,LOW,,
1330,2026-05-07 13:32:26,8311921220,7510758999,18575.89,UK pounds,UK pounds,UK,UK,ACH,0,Large-Cash-Transaction,25,LOW,LargeTransaction,"Transaction amount 18,575.89 UK pounds exceeds threshold of 8,000.00"
1331,2026-05-07 13:32:28,3864603006,5858369125,20212.21,UK pounds,UK pounds,UK,UK,Cheque,0,Large-Cash-Transaction,25,LOW,LargeTransaction,"Transaction amount 20,212.21 UK pounds exceeds threshold of 8,000.00"
1332,2026-05-07 13:32:29,3886212019,5492525400,16646.99,UK pounds,UK pounds,UK,UK,ACH,0,Large-Cash-Transaction,25,LOW,LargeTransaction,"Transaction amount 16,646.99 UK pounds exceeds threshold of 8,000.00"
1333,2026-05-07 13:32:30,1167745468,2064961882,11775.45,UK pounds,UK pounds,UK,UK,Debit card,0,Large-Cash-Transaction,25,LOW,LargeTransaction,"Transaction amount 11,775.45 UK pounds exceeds threshold of 8,000.00"
1334,2026-05-07 13:32:31,2772565837,3194413087,1530.51,UK pounds,UK pounds,UK,UK,ACH,0,,0,LOW,,
1335,2026-05-07 13:32:34,1776918759,3458311359,1702.8,UK pounds,UK pounds,UK,UK,Credit card,0,,0,LOW,,
1336,2026-05-07 13:32:36,3934437890,2755638665,4313.87,UK pounds,UK pounds,UK,UK,Debit card,0,,0,LOW,,
1337,2026-05-07 13:32:37,7634512819,1431561040,16460.26,UK pounds,UK pounds,UK,UK,Cheque,0,Large-Cash-Transaction,25,LOW,LargeTransaction,"Transaction amount 16,460.26 UK pounds exceeds threshold of 8,000.00"
1338,2026-05-07 13:32:41,7801695342,1869363391,1358.18,UK pounds,UK pounds,UK,UK,Cash Deposit,0,,0,LOW,,
1339,2026-05-07 13:32:44,9744328675,8678802420,4419.98,UK pounds,Swiss franc,UK,UK,ACH,1,Structuring/Smurfing,40,MEDIUM,Smurfing,"Smurfing: account '9744328675' made 3 transactions totalling 13,331.07 within 24h (each below 9,999.00 threshold)"
1340,2026-05-07 13:32:45,6492395443,8701932731,3625.97,UK pounds,UK pounds,UK,UK,Debit card,0,,0,LOW,,
1341,2026-05-07 13:32:46,2488913972,8698580126,2562.94,UK pounds,UK pounds,UK,UK,Cheque,0,,0,LOW,,
1342,2026-05-07 13:32:48,7978584634,3232505622,1592.48,UK pounds,UK pounds,UK,UK,ACH,0,,0,LOW,,
1343,2026-05-07 13:32:49,8456279067,1831928079,6974.41,UK pounds,UK pounds,UK,UK,Debit card,1,Structuring/Smurfing,40,MEDIUM,Smurfing,"Smurfing: account '8456279067' made 9 transactions totalling 64,049.11 within 24h (each below 9,999.00 threshold)"
1344,2026-05-07 13:32:50,6904668523,9440622206,7565.28,UK pounds,UK pounds,UK,UK,Debit card,1,Structuring/Smurfing,40,MEDIUM,Smurfing,"Smurfing: account '6904668523' made 5 transactions totalling 37,567.12 within 24h (each below 9,999.00 threshold)"
1345,2026-05-07 13:32:52,6561906114,7942915175,2078.47,UK pounds,UK pounds,UK,UK,Cheque,0,,0,LOW,,
1346,2026-05-07 13:32:56,6086421020,3504466346,19101.77,UK pounds,UK pounds,UK,UK,Debit card,0,Large-Cash-Transaction,25,LOW,LargeTransaction,"Transaction amount 19,101.77 UK pounds exceeds threshold of 8,000.00"
1347,2026-05-07 13:33:02,8900120664,2153824393,3649.56,UK pounds,UK pounds,UK,UK,ACH,0,,0,LOW,,
1348,2026-05-07 13:33:04,4826036471,234618181,7228.36,UK pounds,UK pounds,UK,UK,Cheque,0,,0,LOW,,
1349,2026-05-07 13:33:08,3452368468,3828135271,5613.04,UK pounds,UK pounds,UK,UK,Credit card,1,Structuring/Smurfing,40,MEDIUM,Smurfing,"Smurfing: account '3452368468' made 3 transactions totalling 16,467.50 within 24h (each below 9,999.00 threshold)"
1350,2026-05-07 13:33:08,8365969009,693522868,8839.11,UK pounds,UK pounds,UK,UK,Credit card,0,Large-Cash-Transaction,25,LOW,LargeTransaction,"Transaction amount 8,839.11 UK pounds exceeds threshold of 8,000.00"
1351,2026-05-07 13:33:09,3168051873,4856706287,13227.56,UK pounds,UK pounds,UK,UK,Cheque,0,Large-Cash-Transaction,25,LOW,LargeTransaction,"Transaction amount 13,227.56 UK pounds exceeds threshold of 8,000.00"
1352,2026-05-07 13:33:11,581151126,6855935396,5061.6,UK pounds,UK pounds,UK,UK,Credit card,1,Structuring/Smurfing,40,MEDIUM,Smurfing,"Smurfing: account '581151126' made 3 transactions totalling 15,141.85 within 24h (each below 9,999.00 threshold)"
1353,2026-05-07 13:33:11,6541552727,7752965423,11184.21,UK pounds,UK pounds,UK,UK,Credit card,0,Large-Cash-Transaction,25,LOW,LargeTransaction,"Transaction amount 11,184.21 UK pounds exceeds threshold of 8,000.00"
1354,2026-05-07 13:33:19,8717247314,4661506996,5972.19,UK pounds,UK pounds,UK,UK,Cheque,0,,0,LOW,,
1355,2026-05-07 13:33:19,7501327339,8562263055,6231.84,UK pounds,UK pounds,UK,UK,ACH,1,Structuring/Smurfing,40,MEDIUM,Smurfing,"Smurfing: account '7501327339' made 10 transactions totalling 72,818.25 within 24h (each below 9,999.00 threshold)"
1356,2026-05-07 13:33:24,6411476316,8352571580,9817.69,UK pounds,UK pounds,UK,UK,Debit card,1,Large-Cash-Transaction; Structuring/Smurfing,65,HIGH,LargeTransaction|Smurfing,"Transaction amount 9,817.69 UK pounds exceeds threshold of 8,000.00; Smurfing: account '6411476316' made 3 transactions totalling 29,366.94 within 24h (each below 9,999.00 threshold)"
1357,2026-05-07 13:33:32,5001905323,8412036628,465.13,UK pounds,UK pounds,UK,UK,Debit card,0,,0,LOW,,
1358,2026-05-07 13:33:38,2780415755,5752717634,7592.17,UK pounds,UK pounds,UK,UK,Cheque,0,,0,LOW,,
1359,2026-05-07 13:33:40,9162887426,7160736915,5226.77,UK pounds,UK pounds,UK,UK,Credit card,1,Structuring/Smurfing,40,MEDIUM,Smurfing,"Smurfing: account '9162887426' made 3 transactions totalling 15,697.72 within 24h (each below 9,999.00 threshold)"
1360,2026-05-07 13:33:40,877135647,7842846612,275.83,UK pounds,UK pounds,UK,UK,Credit card,0,,0,LOW,,
1361,2026-05-07 13:33:41,3221380947,9505173357,7013.77,UK pounds,UK pounds,UK,UK,Cheque,0,,0,LOW,,
1362,2026-05-07 13:33:47,6904668523,4959470648,8135.61,UK pounds,UK pounds,UK,UK,Debit card,1,Large-Cash-Transaction; Structuring/Smurfing,65,HIGH,LargeTransaction|Smurfing,"Transaction amount 8,135.61 UK pounds exceeds threshold of 8,000.00; Smurfing: account '6904668523' made 6 transactions totalling 45,702.73 within 24h (each below 9,999.00 threshold)"
1363,2026-05-07 13:33:47,8201605808,9600420260,7120.71,UK pounds,UK pounds,UK,UK,ACH,1,Structuring/Smurfing,40,MEDIUM,Smurfing,"Smurfing: account '8201605808' made 3 transactions totalling 21,560.86 within 24h (each below 9,999.00 threshold)"
1364,2026-05-07 13:33:56,719384092,187827676,4486.5,UK pounds,Yen,UK,Japan,Cross-border,0,,0,LOW,,
1365,2026-05-07 13:33:59,5262095561,927895922,4194.02,UK pounds,UK pounds,UK,UK,Cash Deposit,0,,0,LOW,,
1366,2026-05-07 13:33:59,6541552727,3844741692,11020.8,UK pounds,UK pounds,UK,UK,Debit card,0,Large-Cash-Transaction,25,LOW,LargeTransaction,"Transaction amount 11,020.80 UK pounds exceeds threshold of 8,000.00"
1367,2026-05-07 13:34:00,6280994711,9474443302,101.37,UK pounds,UK pounds,UK,UK,Cheque,0,,0,LOW,,
1368,2026-05-07 13:34:03,5396748228,9105769228,24591.63,UK pounds,UK pounds,UK,UK,Credit card,0,Large-Cash-Transaction,25,LOW,LargeTransaction,"Transaction amount 24,591.63 UK pounds exceeds threshold of 8,000.00"
1369,2026-05-07 13:34:07,5982914936,7950918410,10064.25,UK pounds,UK pounds,UK,UK,Debit card,0,Large-Cash-Transaction,25,LOW,LargeTransaction,"Transaction amount 10,064.25 UK pounds exceeds threshold of 8,000.00"
1370,2026-05-07 13:34:07,1710329832,8172080174,5293.15,UK pounds,UK pounds,UK,UK,Credit card,1,Structuring/Smurfing; Layering,65,HIGH,Smurfing|Layering,"Smurfing: account '1710329832' made 3 transactions totalling 15,763.81 within 24h (each below 9,999.00 threshold); Fan-in: receiver 8172080174 received from 7 distinct senders within 72h (chain amount: 76,635.03, threshold: 10,000.00)"
1371,2026-05-07 13:34:10,3965897231,4360016354,12718.58,UK pounds,UK pounds,UK,UK,Cheque,0,Large-Cash-Transaction,25,LOW,LargeTransaction,"Transaction amount 12,718.58 UK pounds exceeds threshold of 8,000.00"
1372,2026-05-07 13:34:11,5043009314,6219691940,3638.17,UK pounds,UK pounds,UK,UK,ACH,0,,0,LOW,,
1373,2026-05-07 13:34:12,9395946307,2615971254,12943.48,UK pounds,UK pounds,UK,UK,ACH,0,Large-Cash-Transaction,25,LOW,LargeTransaction,"Transaction amount 12,943.48 UK pounds exceeds threshold of 8,000.00"
1374,2026-05-07 13:34:13,7148856115,7993223725,265.86,UK pounds,UK pounds,UK,UK,Cash Withdrawal,0,,0,LOW,,
1375,2026-05-07 13:34:16,3981260199,5363117119,18374.58,UK pounds,UK pounds,UK,UK,Cheque,0,Large-Cash-Transaction,25,LOW,LargeTransaction,"Transaction amount 18,374.58 UK pounds exceeds threshold of 8,000.00"
1376,2026-05-07 13:34:20,9948105901,8117312471,275.44,UK pounds,UK pounds,UK,UK,Cash Withdrawal,0,,0,LOW,,
1377,2026-05-07 13:34:32,6116657264,7541529999,5707.49,UK pounds,UK pounds,UK,UK,Credit card,1,Structuring/Smurfing,40,MEDIUM,Smurfing,"Smurfing: account '6116657264' made 9 transactions totalling 53,507.80 within 24h (each below 9,999.00 threshold)"
1378,2026-05-07 13:34:36,9099003546,3987276089,3927.79,UK pounds,UK pounds,UK,UK,Cheque,0,,0,LOW,,
1379,2026-05-07 13:34:38,858117066,2582035398,2409.05,UK pounds,UK pounds,UK,UK,Credit card,0,,0,LOW,,
1380,2026-05-07 13:34:41,3168051873,2602962590,8448.34,UK pounds,UK pounds,UK,UK,ACH,1,Large-Cash-Transaction; Structuring/Smurfing,65,HIGH,LargeTransaction|Smurfing,"Transaction amount 8,448.34 UK pounds exceeds threshold of 8,000.00; Smurfing: account '3168051873' made 4 transactions totalling 25,329.29 within 24h (each below 9,999.00 threshold)"
1381,2026-05-07 13:34:42,9834360373,2598995634,1333.13,UK pounds,UK pounds,UK,UK,Cash Deposit,0,,0,LOW,,
1382,2026-05-07 13:34:46,8389148416,7489694854,23539.45,UK pounds,Euro,UK,Italy,Cross-border,0,Large-Cash-Transaction,25,LOW,LargeTransaction,"Transaction amount 23,539.45 UK pounds exceeds threshold of 8,000.00"
1383,2026-05-07 13:34:49,9021870555,3695545812,6193.05,UK pounds,UK pounds,UK,UK,Credit card,1,Structuring/Smurfing,40,MEDIUM,Smurfing,"Smurfing: account '9021870555' made 3 transactions totalling 18,610.57 within 24h (each below 9,999.00 threshold)"
1384,2026-05-07 13:34:50,6838081010,6953672776,10246.36,UK pounds,Mexican Peso,UK,Mexico,Cross-border,0,Large-Cash-Transaction,25,LOW,LargeTransaction,"Transaction amount 10,246.36 UK pounds exceeds threshold of 8,000.00"
1385,2026-05-07 13:34:53,304952273,4422501495,6362.69,UK pounds,UK pounds,UK,UK,Debit card,0,,0,LOW,,
1386,2026-05-07 13:34:57,7543332622,8591560600,26912.14,UK pounds,UK pounds,UK,UK,Cheque,0,Large-Cash-Transaction,25,LOW,LargeTransaction,"Transaction amount 26,912.14 UK pounds exceeds threshold of 8,000.00"
1387,2026-05-07 13:35:00,6904668523,6643039893,7579.05,UK pounds,Mexican Peso,UK,Mexico,Cross-border,1,Structuring/Smurfing,40,MEDIUM,Smurfing,"Smurfing: account '6904668523' made 7 transactions totalling 53,281.78 within 24h (each below 9,999.00 threshold)"
1388,2026-05-07 13:35:01,8952177221,4269977194,7348.74,UK pounds,UK pounds,UK,UK,Cheque,1,Structuring/Smurfing,40,MEDIUM,Smurfing,"Smurfing: account '8952177221' made 9 transactions totalling 68,417.28 within 24h (each below 9,999.00 threshold)"
1389,2026-05-07 13:35:03,3187928476,2415599111,1382.77,UK pounds,UK pounds,UK,UK,Cheque,0,Fan-Out/Money-Mule,20,LOW,RapidMovement,"RapidMovement: account '2415599111' received 1,382.77 then re-sent 1,253.08 (90.6%) within 24h"
1390,2026-05-07 13:35:04,2972193348,5103043844,6494.69,UK pounds,Naira,UK,Nigeria,Cross-border,1,Structuring/Smurfing,40,MEDIUM,Smurfing,"Smurfing: account '2972193348' made 3 transactions totalling 19,354.72 within 24h (each below 9,999.00 threshold)"
1391,2026-05-07 13:35:06,6928681696,4070371284,3632.0,UK pounds,UK pounds,UK,UK,Cash Deposit,0,,0,LOW,,
1392,2026-05-07 13:35:06,1493572076,2177044140,5357.98,UK pounds,UK pounds,UK,UK,Debit card,0,,0,LOW,,
1393,2026-05-07 13:35:11,8987848252,338940099,8407.56,UK pounds,UK pounds,UK,UK,Credit card,1,Large-Cash-Transaction; Structuring/Smurfing,65,HIGH,LargeTransaction|Smurfing,"Transaction amount 8,407.56 UK pounds exceeds threshold of 8,000.00; Smurfing: account '8987848252' made 4 transactions totalling 24,862.34 within 24h (each below 9,999.00 threshold)"
1394,2026-05-07 13:35:11,6838081010,6953672776,10465.46,UK pounds,Mexican Peso,UK,Mexico,Cross-border,0,Large-Cash-Transaction,25,LOW,LargeTransaction,"Transaction amount 10,465.46 UK pounds exceeds threshold of 8,000.00"
1395,2026-05-07 13:35:17,1915450576,3772874052,11267.42,UK pounds,Turkish lira,UK,Turkey,Cross-border,0,Large-Cash-Transaction,25,LOW,LargeTransaction,"Transaction amount 11,267.42 UK pounds exceeds threshold of 8,000.00"
1396,2026-05-07 13:35:17,9346100166,5708936901,12211.65,UK pounds,UK pounds,UK,UK,Cheque,0,Large-Cash-Transaction,25,LOW,LargeTransaction,"Transaction amount 12,211.65 UK pounds exceeds threshold of 8,000.00"
1397,2026-05-07 13:35:24,1615142471,6034997194,5730.63,Albanian lek,UK pounds,Albania,UK,Cross-border,1,Structuring/Smurfing,40,MEDIUM,Smurfing,"Smurfing: account '1615142471' made 3 transactions totalling 17,296.52 within 24h (each below 9,999.00 threshold)"
1398,2026-05-07 13:35:26,9612811605,7531481878,785.37,UK pounds,UK pounds,UK,UK,Credit card,0,,0,LOW,,
1399,2026-05-07 13:35:30,6904668523,2361327503,7412.84,UK pounds,UK pounds,UK,UK,Credit card,1,Structuring/Smurfing,40,MEDIUM,Smurfing,"Smurfing: account '6904668523' made 8 transactions totalling 60,694.62 within 24h (each below 9,999.00 threshold)"
1400,2026-05-07 13:35:35,8635965515,5674706553,4160.52,UK pounds,UK pounds,UK,UK,ACH,0,,0,LOW,,
1401,2026-05-07 13:35:37,8201605808,9600420260,7131.75,UK pounds,UK pounds,UK,UK,Cheque,1,Structuring/Smurfing,40,MEDIUM,Smurfing,"Smurfing: account '8201605808' made 3 transactions totalling 21,560.86 within 24h (each below 9,999.00 threshold)"
1402,2026-05-07 13:35:38,8987848252,7140265767,5288.96,UK pounds,UK pounds,UK,UK,Cheque,1,Structuring/Smurfing,40,MEDIUM,Smurfing,"Smurfing: account '8987848252' made 5 transactions totalling 30,151.30 within 24h (each below 9,999.00 threshold)"
1403,2026-05-07 13:35:38,6462347177,6444220418,15612.89,UK pounds,UK pounds,UK,UK,Debit card,0,Large-Cash-Transaction,25,LOW,LargeTransaction,"Transaction amount 15,612.89 UK pounds exceeds threshold of 8,000.00"
1404,2026-05-07 13:35:40,5469471854,8256996294,734.06,UK pounds,UK pounds,UK,UK,Cheque,0,,0,LOW,,
1405,2026-05-07 13:35:40,9757708508,8066079575,902.08,UK pounds,UK pounds,UK,UK,Credit card,0,,0,LOW,,
1406,2026-05-07 13:35:42,1505686023,8678802420,5583.23,UK pounds,UK pounds,UK,UK,Credit card,1,Structuring/Smurfing,40,MEDIUM,Smurfing,"Smurfing: account '1505686023' made 3 transactions totalling 16,624.97 within 24h (each below 9,999.00 threshold)"
1407,2026-05-07 13:35:43,1932023978,1788318949,2991.29,UK pounds,UK pounds,UK,UK,Credit card,0,Fan-Out/Money-Mule,20,LOW,RapidMovement,"RapidMovement: account '1788318949' received 2,991.29 then re-sent 6,711.17 (224.4%) within 24h"
1408,2026-05-07 13:35:47,6213773032,5103043844,5439.07,UK pounds,Naira,UK,Nigeria,Cross-border,0,,0,LOW,,
1409,2026-05-07 13:35:53,448328324,4668819603,2813.46,UK pounds,Euro,UK,Germany,Cross-border,0,,0,LOW,,
1410,2026-05-07 13:35:56,7669236826,5112224952,9688.5,UK pounds,UK pounds,UK,UK,Credit card,1,Large-Cash-Transaction; Structuring/Smurfing,65,HIGH,LargeTransaction|Smurfing,"Transaction amount 9,688.50 UK pounds exceeds threshold of 8,000.00; Smurfing: account '7669236826' made 8 transactions totalling 59,395.73 within 24h (each below 9,999.00 threshold)"
1411,2026-05-07 13:35:57,9620686680,5181918200,1878.54,UK pounds,UK pounds,UK,UK,Credit card,0,,0,LOW,,
1412,2026-05-07 13:35:58,9658628699,3695545812,12207.91,UK pounds,UK pounds,UK,UK,Credit card,0,Large-Cash-Transaction,25,LOW,LargeTransaction,"Transaction amount 12,207.91 UK pounds exceeds threshold of 8,000.00"
1413,2026-05-07 13:36:00,9746384104,6440110871,15672.56,UK pounds,UK pounds,UK,UK,Cheque,0,Large-Cash-Transaction,25,LOW,LargeTransaction,"Transaction amount 15,672.56 UK pounds exceeds threshold of 8,000.00"
1414,2026-05-07 13:36:00,7060433286,7160736915,5034.83,UK pounds,UK pounds,UK,UK,Cheque,0,,0,LOW,,
1415,2026-05-07 13:36:01,1929242509,417605516,5362.33,UK pounds,UK pounds,UK,UK,Debit card,0,,0,LOW,,
1416,2026-05-07 13:36:01,9534729015,1948023764,21273.94,UK pounds,UK pounds,UK,UK,Credit card,0,Large-Cash-Transaction,25,LOW,LargeTransaction,"Transaction amount 21,273.94 UK pounds exceeds threshold of 8,000.00"
1417,2026-05-07 13:36:03,7561819419,8100579100,2126.51,UK pounds,UK pounds,UK,UK,Cash Deposit,0,,0,LOW,,
1418,2026-05-07 13:36:06,675669049,3764741730,6174.92,UK pounds,UK pounds,UK,UK,Cheque,1,Structuring/Smurfing,40,MEDIUM,Smurfing,"Smurfing: account '675669049' made 3 transactions totalling 18,052.81 within 24h (each below 9,999.00 threshold)"
1419,2026-05-07 13:36:06,6497018727,1900172921,40.91,UK pounds,UK pounds,UK,UK,Cash Withdrawal,0,,0,LOW,,
1420,2026-05-07 13:36:07,2101877453,621060264,10473.48,UK pounds,Indian rupee,UK,UK,Debit card,0,Large-Cash-Transaction,25,LOW,LargeTransaction,"Transaction amount 10,473.48 UK pounds exceeds threshold of 8,000.00"
1421,2026-05-07 13:36:08,9794412271,8600542721,9203.38,UK pounds,UK pounds,UK,UK,ACH,0,Large-Cash-Transaction,25,LOW,LargeTransaction,"Transaction amount 9,203.38 UK pounds exceeds threshold of 8,000.00"
1422,2026-05-07 13:36:09,5304903633,5112594890,1199.09,UK pounds,UK pounds,UK,UK,Cheque,0,,0,LOW,,
1423,2026-05-07 13:36:10,423310235,9220280946,8282.28,UK pounds,Dirham,UK,UAE,Cross-border,0,Large-Cash-Transaction,25,LOW,LargeTransaction,"Transaction amount 8,282.28 UK pounds exceeds threshold of 8,000.00"
1424,2026-05-07 13:36:10,6116657264,578267324,11275.03,UK pounds,UK pounds,UK,UK,Debit card,0,Large-Cash-Transaction,25,LOW,LargeTransaction,"Transaction amount 11,275.03 UK pounds exceeds threshold of 8,000.00"
1425,2026-05-07 13:36:14,9599905039,4726894043,995.51,UK pounds,UK pounds,UK,UK,ACH,0,,0,LOW,,
1426,2026-05-07 13:36:15,4723297015,427988865,17224.43,UK pounds,UK pounds,UK,UK,Cheque,0,Large-Cash-Transaction,25,LOW,LargeTransaction,"Transaction amount 17,224.43 UK pounds exceeds threshold of 8,000.00"
1427,2026-05-07 13:36:16,3477240128,4721478443,11914.14,UK pounds,UK pounds,UK,UK,ACH,0,Large-Cash-Transaction,25,LOW,LargeTransaction,"Transaction amount 11,914.14 UK pounds exceeds threshold of 8,000.00"
1428,2026-05-07 13:36:16,2512572296,5635568638,1100.2,UK pounds,UK pounds,UK,UK,Credit card,0,,0,LOW,,
1429,2026-05-07 13:36:20,2861177608,3732930791,3017.17,UK pounds,UK pounds,UK,UK,Cash Deposit,0,,0,LOW,,
1430,2026-05-07 13:36:21,3009397443,5708936901,11301.4,UK pounds,UK pounds,UK,UK,Cheque,0,Large-Cash-Transaction,25,LOW,LargeTransaction,"Transaction amount 11,301.40 UK pounds exceeds threshold of 8,000.00"
1431,2026-05-07 13:36:23,3614082527,3833545196,15143.42,UK pounds,UK pounds,UK,UK,Credit card,0,Large-Cash-Transaction,25,LOW,LargeTransaction,"Transaction amount 15,143.42 UK pounds exceeds threshold of 8,000.00"
1432,2026-05-07 13:36:24,3614082527,6066458462,5868.12,UK pounds,UK pounds,UK,UK,ACH,1,Structuring/Smurfing,40,MEDIUM,Smurfing,"Smurfing: account '3614082527' made 5 transactions totalling 37,670.58 within 24h (each below 9,999.00 threshold)"
1433,2026-05-07 13:36:25,2101877453,621060264,10451.97,UK pounds,UK pounds,UK,UK,Debit card,0,Large-Cash-Transaction,25,LOW,LargeTransaction,"Transaction amount 10,451.97 UK pounds exceeds threshold of 8,000.00"
1434,2026-05-07 13:36:25,9629713976,8172080174,4901.15,UK pounds,UK pounds,UK,UK,ACH,0,Layering,25,LOW,Layering,"Fan-in: receiver 8172080174 received from 8 distinct senders within 72h (chain amount: 81,536.18, threshold: 10,000.00)"
1435,2026-05-07 13:36:26,3894781714,8172080174,5516.69,UK pounds,UK pounds,UK,UK,Debit card,1,Structuring/Smurfing; Layering,65,HIGH,Smurfing|Layering,"Smurfing: account '3894781714' made 3 transactions totalling 16,413.17 within 24h (each below 9,999.00 threshold); Fan-in: receiver 8172080174 received from 8 distinct senders within 72h (chain amount: 87,052.87, threshold: 10,000.00)"
1436,2026-05-07 13:36:30,6216316627,5466123934,7911.89,UK pounds,UK pounds,UK,UK,ACH,1,Structuring/Smurfing,40,MEDIUM,Smurfing,"Smurfing: account '6216316627' made 3 transactions totalling 23,793.03 within 24h (each below 9,999.00 threshold)"
1437,2026-05-07 13:36:32,2312945016,3438932057,4479.23,UK pounds,UK pounds,UK,UK,Cheque,0,,0,LOW,,
1438,2026-05-07 13:36:33,9051006413,8352571580,9704.66,UK pounds,UK pounds,UK,UK,ACH,0,Large-Cash-Transaction,25,LOW,LargeTransaction,"Transaction amount 9,704.66 UK pounds exceeds threshold of 8,000.00"
1439,2026-05-07 13:36:34,7421451752,1160338470,4460.01,UK pounds,UK pounds,UK,UK,ACH,1,Structuring/Smurfing,40,MEDIUM,Smurfing,"Smurfing: account '7421451752' made 6 transactions totalling 33,854.46 within 24h (each below 9,999.00 threshold)"
1440,2026-05-07 13:36:35,8227696500,6648904622,514.92,UK pounds,UK pounds,UK,UK,Cash Deposit,0,,0,LOW,,
1441,2026-05-07 13:36:35,1465487567,6016247694,5256.24,UK pounds,UK pounds,UK,UK,Debit card,0,Fan-Out/Money-Mule,20,LOW,RapidMovement,RapidMovement: part of rapid fund re-dispatch from account '1465487567'
1442,2026-05-07 13:36:37,3510078932,2749487707,8206.83,UK pounds,Euro,UK,France,Cross-border,1,Large-Cash-Transaction; Structuring/Smurfing,65,HIGH,LargeTransaction|Smurfing,"Transaction amount 8,206.83 UK pounds exceeds threshold of 8,000.00; Smurfing: account '3510078932' made 7 transactions totalling 43,332.26 within 24h (each below 9,999.00 threshold)"
1443,2026-05-07 13:36:38,1738940565,409707192,21064.56,UK pounds,UK pounds,UK,UK,Cheque,0,Large-Cash-Transaction,25,LOW,LargeTransaction,"Transaction amount 21,064.56 UK pounds exceeds threshold of 8,000.00"
1444,2026-05-07 13:36:40,3281884494,4863940969,196.06,UK pounds,Euro,UK,Germany,Cross-border,0,,0,LOW,,
1445,2026-05-07 13:36:41,8465013530,2534644942,16799.47,UK pounds,Euro,UK,France,Cross-border,0,Large-Cash-Transaction,25,LOW,LargeTransaction,"Transaction amount 16,799.47 UK pounds exceeds threshold of 8,000.00"
1446,2026-05-07 13:36:42,9945389037,1816475063,10546.35,UK pounds,UK pounds,UK,UK,Credit card,0,Large-Cash-Transaction,25,LOW,LargeTransaction,"Transaction amount 10,546.35 UK pounds exceeds threshold of 8,000.00"
1447,2026-05-07 13:36:44,8456279067,1831928079,6875.64,UK pounds,UK pounds,UK,UK,Credit card,1,Structuring/Smurfing,40,MEDIUM,Smurfing,"Smurfing: account '8456279067' made 10 transactions totalling 70,924.75 within 24h (each below 9,999.00 threshold)"
1448,2026-05-07 13:36:48,4009687829,8326891432,2025.45,UK pounds,UK pounds,UK,UK,Cheque,0,,0,LOW,,
1449,2026-05-07 13:36:48,3847138032,983424230,14285.29,UK pounds,UK pounds,UK,UK,Credit card,0,Large-Cash-Transaction,25,LOW,LargeTransaction,"Transaction amount 14,285.29 UK pounds exceeds threshold of 8,000.00"
1450,2026-05-07 13:36:50,3864603006,5858369125,20252.46,UK pounds,UK pounds,UK,UK,Cheque,0,Large-Cash-Transaction,25,LOW,LargeTransaction,"Transaction amount 20,252.46 UK pounds exceeds threshold of 8,000.00"
1451,2026-05-07 13:36:53,3709430533,7534701000,9216.42,UK pounds,UK pounds,UK,UK,Cheque,1,Large-Cash-Transaction; Structuring/Smurfing,65,HIGH,LargeTransaction|Smurfing,"Transaction amount 9,216.42 UK pounds exceeds threshold of 8,000.00; Smurfing: account '3709430533' made 7 transactions totalling 53,241.12 within 24h (each below 9,999.00 threshold)"
1452,2026-05-07 13:36:54,3860436187,2266691079,976.69,UK pounds,Euro,UK,Italy,Cross-border,0,,0,LOW,,
1453,2026-05-07 13:36:54,1376796548,6444220418,8112.29,UK pounds,UK pounds,UK,UK,Cheque,0,Large-Cash-Transaction,25,LOW,LargeTransaction,"Transaction amount 8,112.29 UK pounds exceeds threshold of 8,000.00"
1454,2026-05-07 13:36:54,6660614645,8487135934,2666.32,UK pounds,UK pounds,UK,UK,Credit card,0,,0,LOW,,
1455,2026-05-07 13:36:55,740774885,413433379,879.27,UK pounds,UK pounds,UK,UK,Debit card,0,,0,LOW,,
1456,2026-05-07 13:36:56,4723534222,976844058,53557.38,UK pounds,UK pounds,UK,UK,Debit card,0,Large-Cash-Transaction,25,LOW,LargeTransaction,"Transaction amount 53,557.38 UK pounds exceeds threshold of 8,000.00"
1457,2026-05-07 13:36:57,7091914387,8810645384,14333.92,UK pounds,UK pounds,UK,UK,Cheque,0,Large-Cash-Transaction,25,LOW,LargeTransaction,"Transaction amount 14,333.92 UK pounds exceeds threshold of 8,000.00"
1458,2026-05-07 13:37:00,5245682182,6709419099,493.0,UK pounds,UK pounds,UK,UK,Cheque,0,,0,LOW,,
1459,2026-05-07 13:37:07,8919600998,8055543956,4686.81,UK pounds,UK pounds,UK,UK,Credit card,0,,0,LOW,,
1460,2026-05-07 13:37:09,5004753700,9042187661,11006.2,UK pounds,UK pounds,UK,UK,ACH,0,Large-Cash-Transaction,25,LOW,LargeTransaction,"Transaction amount 11,006.20 UK pounds exceeds threshold of 8,000.00"
1461,2026-05-07 13:37:12,4998261578,5817244243,2286.48,UK pounds,UK pounds,UK,UK,Cash Deposit,0,,0,LOW,,
1462,2026-05-07 13:37:13,9734083970,1812525358,5778.77,UK pounds,UK pounds,UK,UK,Debit card,1,Structuring/Smurfing,40,MEDIUM,Smurfing,"Smurfing: account '9734083970' made 6 transactions totalling 37,389.79 within 24h (each below 9,999.00 threshold)"
1463,2026-05-07 13:37:14,9490679180,5103043844,6644.3,UK pounds,Naira,UK,Nigeria,Cross-border,0,,0,LOW,,
1464,2026-05-07 13:37:15,4989799808,5942970514,7103.28,UK pounds,UK pounds,UK,UK,ACH,0,,0,LOW,,
1465,2026-05-07 13:37:17,3510078932,1861324833,4451.39,UK pounds,UK pounds,UK,UK,Credit card,1,Structuring/Smurfing,40,MEDIUM,Smurfing,"Smurfing: account '3510078932' made 8 transactions totalling 47,783.65 within 24h (each below 9,999.00 threshold)"
1466,2026-05-07 13:37:17,3894781714,8172080174,5426.95,UK pounds,UK pounds,UK,UK,Credit card,1,Structuring/Smurfing; Layering,65,HIGH,Smurfing|Layering,"Smurfing: account '3894781714' made 3 transactions totalling 16,413.17 within 24h (each below 9,999.00 threshold); Fan-in: receiver 8172080174 received from 8 distinct senders within 72h (chain amount: 92,479.82, threshold: 10,000.00)"
1467,2026-05-07 13:37:20,3238526156,1465487567,21334.53,UK pounds,UK pounds,UK,UK,Credit card,1,Large-Cash-Transaction; Layering,50,MEDIUM,LargeTransaction|Layering,"Transaction amount 21,334.53 UK pounds exceeds threshold of 8,000.00; Fan-in: receiver 1465487567 received from 10 distinct senders within 72h (chain amount: 191,454.97, threshold: 10,000.00)"
1468,2026-05-07 13:37:21,9150557588,3575556808,4469.71,UK pounds,UK pounds,UK,UK,Debit card,0,,0,LOW,,
1469,2026-05-07 13:37:23,4117755003,6646502650,8452.94,UK pounds,Euro,UK,France,Cross-border,1,Large-Cash-Transaction; Structuring/Smurfing,65,HIGH,LargeTransaction|Smurfing,"Transaction amount 8,452.94 UK pounds exceeds threshold of 8,000.00; Smurfing: account '4117755003' made 3 transactions totalling 25,468.32 within 24h (each below 9,999.00 threshold)"
1470,2026-05-07 13:37:25,8926735331,5388503676,15494.56,UK pounds,UK pounds,UK,UK,Cheque,0,Large-Cash-Transaction,25,LOW,LargeTransaction,"Transaction amount 15,494.56 UK pounds exceeds threshold of 8,000.00"
1471,2026-05-07 13:37:29,5982914936,7950918410,10135.64,UK pounds,UK pounds,UK,UK,Cheque,0,Large-Cash-Transaction,25,LOW,LargeTransaction,"Transaction amount 10,135.64 UK pounds exceeds threshold of 8,000.00"
1472,2026-05-07 13:37:30,675669049,3559090340,11076.58,UK pounds,UK pounds,UK,UK,Debit card,0,Large-Cash-Transaction,25,LOW,LargeTransaction,"Transaction amount 11,076.58 UK pounds exceeds threshold of 8,000.00"
1473,2026-05-07 13:37:30,4924839218,8660976387,685.97,UK pounds,UK pounds,UK,UK,ACH,0,,0,LOW,,
1474,2026-05-07 13:37:33,9165074186,3695545812,7323.98,UK pounds,UK pounds,UK,UK,Debit card,0,,0,LOW,,
1475,2026-05-07 13:37:39,1226944129,2534644942,13142.19,UK pounds,Euro,UK,France,Cross-border,0,Large-Cash-Transaction,25,LOW,LargeTransaction,"Transaction amount 13,142.19 UK pounds exceeds threshold of 8,000.00"
1476,2026-05-07 13:37:41,4148629162,1269866409,5845.44,UK pounds,Albanian lek,UK,Albania,Cross-border,0,,0,LOW,,
1477,2026-05-07 13:37:42,675669049,6705037126,10814.32,UK pounds,UK pounds,UK,UK,ACH,0,Large-Cash-Transaction,25,LOW,LargeTransaction,"Transaction amount 10,814.32 UK pounds exceeds threshold of 8,000.00"
1478,2026-05-07 13:37:48,6086421020,5888689265,9050.51,UK pounds,UK pounds,UK,UK,Credit card,1,Large-Cash-Transaction; Structuring/Smurfing,65,HIGH,LargeTransaction|Smurfing,"Transaction amount 9,050.51 UK pounds exceeds threshold of 8,000.00; Smurfing: account '6086421020' made 13 transactions totalling 94,416.87 within 24h (each below 9,999.00 threshold)"
1479,2026-05-07 13:37:50,2921862078,5708936901,9698.01,UK pounds,UK pounds,UK,UK,Debit card,1,Large-Cash-Transaction; Structuring/Smurfing,65,HIGH,LargeTransaction|Smurfing,"Transaction amount 9,698.01 UK pounds exceeds threshold of 8,000.00; Smurfing: account '2921862078' made 3 transactions totalling 28,842.96 within 24h (each below 9,999.00 threshold)"
1480,2026-05-07 13:37:54,6465569488,9110195020,895.31,UK pounds,US dollar,UK,USA,Cross-border,0,,0,LOW,,
1481,2026-05-07 13:38:00,9534729015,7689295746,5402.64,UK pounds,UK pounds,UK,UK,Debit card,1,Structuring/Smurfing,40,MEDIUM,Smurfing,"Smurfing: account '9534729015' made 3 transactions totalling 22,093.45 within 24h (each below 9,999.00 threshold)"
1482,2026-05-07 13:38:02,5982914936,7950918410,10102.09,UK pounds,UK pounds,UK,UK,Credit card,0,Large-Cash-Transaction,25,LOW,LargeTransaction,"Transaction amount 10,102.09 UK pounds exceeds threshold of 8,000.00"
1483,2026-05-07 13:38:03,7157996321,7248207165,1314.76,UK pounds,Dirham,UK,UAE,Cross-border,0,,0,LOW,,
1484,2026-05-07 13:38:04,5336971793,109860175,335.97,UK pounds,UK pounds,UK,UK,Cash Withdrawal,0,,0,LOW,,
1485,2026-05-07 13:38:04,8686333670,7006170604,1123.31,UK pounds,UK pounds,UK,UK,ACH,0,,0,LOW,,
1486,2026-05-07 13:38:06,4875006777,5806354845,2276.9,UK pounds,UK pounds,UK,UK,ACH,0,,0,LOW,,
1487,2026-05-07 13:38:06,841171611,8172080174,9294.5,UK pounds,UK pounds,UK,UK,Credit card,1,Large-Cash-Transaction; Layering,50,MEDIUM,LargeTransaction|Layering,"Transaction amount 9,294.50 UK pounds exceeds threshold of 8,000.00; Fan-in: receiver 8172080174 received from 8 distinct senders within 72h (chain amount: 101,774.32, threshold: 10,000.00)"
1488,2026-05-07 13:38:10,8957544287,5858369125,13166.3,UK pounds,UK pounds,UK,UK,Debit card,0,Large-Cash-Transaction,25,LOW,LargeTransaction,"Transaction amount 13,166.30 UK pounds exceeds threshold of 8,000.00"
1489,2026-05-07 13:38:11,9408251254,5812509123,3949.53,UK pounds,UK pounds,UK,UK,Debit card,0,,0,LOW,,
1490,2026-05-07 13:38:11,4940640194,351184098,1933.97,UK pounds,UK pounds,UK,UK,Debit card,0,Fan-Out/Money-Mule,20,LOW,RapidMovement,"RapidMovement: account '351184098' received 1,933.97 then re-sent 8,041.29 (415.8%) within 24h"
1491,2026-05-07 13:38:16,3510078932,360722730,10389.27,UK pounds,UK pounds,UK,UK,Cheque,0,Large-Cash-Transaction,25,LOW,LargeTransaction,"Transaction amount 10,389.27 UK pounds exceeds threshold of 8,000.00"
1492,2026-05-07 13:38:16,1505686023,8678802420,5490.89,UK pounds,UK pounds,UK,UK,ACH,1,Structuring/Smurfing,40,MEDIUM,Smurfing,"Smurfing: account '1505686023' made 3 transactions totalling 16,624.97 within 24h (each below 9,999.00 threshold)"
1493,2026-05-07 13:38:17,675669049,8956282059,4592.11,UK pounds,UK pounds,UK,UK,Credit card,1,Structuring/Smurfing,40,MEDIUM,Smurfing,"Smurfing: account '675669049' made 3 transactions totalling 18,052.81 within 24h (each below 9,999.00 threshold)"
1494,2026-05-07 13:38:22,2450448709,129220260,3648.26,UK pounds,UK pounds,UK,UK,Debit card,0,,0,LOW,,
1495,2026-05-07 13:38:22,7096762618,5628674969,5109.04,UK pounds,UK pounds,UK,UK,ACH,0,,0,LOW,,
1496,2026-05-07 13:38:25,4670225407,302893104,2647.87,UK pounds,UK pounds,UK,UK,Debit card,0,,0,LOW,,
1497,2026-05-07 13:38:30,6580463029,3415080390,20877.08,UK pounds,UK pounds,UK,UK,Debit card,0,Large-Cash-Transaction,25,LOW,LargeTransaction,"Transaction amount 20,877.08 UK pounds exceeds threshold of 8,000.00"
1498,2026-05-07 13:38:40,7669236826,5112224952,9476.44,UK pounds,UK pounds,UK,UK,ACH,1,Large-Cash-Transaction; Structuring/Smurfing,65,HIGH,LargeTransaction|Smurfing,"Transaction amount 9,476.44 UK pounds exceeds threshold of 8,000.00; Smurfing: account '7669236826' made 9 transactions totalling 68,872.17 within 24h (each below 9,999.00 threshold)"
1499,2026-05-07 13:38:41,1819824199,7951686177,2552.71,Swiss franc,UK pounds,Switzerland,UK,Cross-border,0,,0,LOW,,
1500,2026-05-07 13:38:42,1830300701,1740103909,11131.0,UK pounds,UK pounds,UK,UK,Debit card,0,Large-Cash-Transaction,25,LOW,LargeTransaction,"Transaction amount 11,131.00 UK pounds exceeds threshold of 8,000.00"
1501,2026-05-07 13:38:43,6086421020,1253036863,23801.49,UK pounds,Mexican Peso,UK,Mexico,Cross-border,0,Large-Cash-Transaction,25,LOW,LargeTransaction,"Transaction amount 23,801.49 UK pounds exceeds threshold of 8,000.00"
1502,2026-05-07 13:38:49,8248826949,6855935396,7057.13,UK pounds,UK pounds,UK,UK,Credit card,0,,0,LOW,,
1503,2026-05-07 13:38:53,7508313997,5388224493,389.92,UK pounds,UK pounds,UK,UK,ACH,0,,0,LOW,,
1504,2026-05-07 13:38:57,1203252958,2230367419,9726.39,UK pounds,UK pounds,UK,UK,Credit card,0,Large-Cash-Transaction,25,LOW,LargeTransaction,"Transaction amount 9,726.39 UK pounds exceeds threshold of 8,000.00"
1505,2026-05-07 13:38:59,8184612956,5628674969,10666.28,UK pounds,UK pounds,UK,UK,ACH,0,Large-Cash-Transaction,25,LOW,LargeTransaction,"Transaction amount 10,666.28 UK pounds exceeds threshold of 8,000.00"
1506,2026-05-07 13:39:00,2309213364,5109623450,7606.61,UK pounds,UK pounds,UK,UK,Credit card,1,Structuring/Smurfing,40,MEDIUM,Smurfing,"Smurfing: account '2309213364' made 3 transactions totalling 22,900.68 within 24h (each below 9,999.00 threshold)"
1507,2026-05-07 13:39:03,3287543980,1616460662,24234.68,UK pounds,UK pounds,UK,UK,Credit card,0,Large-Cash-Transaction,25,LOW,LargeTransaction,"Transaction amount 24,234.68 UK pounds exceeds threshold of 8,000.00"
1508,2026-05-07 13:39:03,6386318592,9170810780,1798.77,UK pounds,UK pounds,UK,UK,Cheque,0,,0,LOW,,
1509,2026-05-07 13:39:04,7209921331,2184688282,1508.2,UK pounds,UK pounds,UK,UK,Cheque,0,,0,LOW,,
1510,2026-05-07 13:39:06,5253146909,7697535323,13460.04,UK pounds,UK pounds,UK,UK,Credit card,0,Large-Cash-Transaction,25,LOW,LargeTransaction,"Transaction amount 13,460.04 UK pounds exceeds threshold of 8,000.00"
1511,2026-05-07 13:39:12,9599009457,835931677,15572.47,UK pounds,UK pounds,UK,UK,ACH,0,Large-Cash-Transaction,25,LOW,LargeTransaction,"Transaction amount 15,572.47 UK pounds exceeds threshold of 8,000.00"
1512,2026-05-07 13:39:12,3709430533,8716511495,9718.13,UK pounds,UK pounds,UK,UK,Credit card,1,Large-Cash-Transaction; Structuring/Smurfing,65,HIGH,LargeTransaction|Smurfing,"Transaction amount 9,718.13 UK pounds exceeds threshold of 8,000.00; Smurfing: account '3709430533' made 8 transactions totalling 62,959.25 within 24h (each below 9,999.00 threshold)"
1513,2026-05-07 13:39:15,8314602510,1156639340,7145.77,UK pounds,UK pounds,UK,UK,Cheque,0,,0,LOW,,
1514,2026-05-07 13:39:17,6697419125,5466123934,7732.52,UK pounds,UK pounds,UK,UK,ACH,0,,0,LOW,,
1515,2026-05-07 13:39:19,9719585962,6815874979,21679.8,UK pounds,UK pounds,UK,UK,Cheque,0,Large-Cash-Transaction,25,LOW,LargeTransaction,"Transaction amount 21,679.80 UK pounds exceeds threshold of 8,000.00"
1516,2026-05-07 13:39:21,371736072,3677707508,508.74,UK pounds,UK pounds,UK,UK,Cash Deposit,0,,0,LOW,,
1517,2026-05-07 13:39:23,1141075854,7662743578,11876.28,Euro,Euro,France,Germany,Cross-border,0,Large-Cash-Transaction,25,LOW,LargeTransaction,"Transaction amount 11,876.28 Euro exceeds threshold of 9,000.00"
1518,2026-05-07 13:39:23,7422985683,2628250116,25465.45,UK pounds,UK pounds,UK,UK,Cheque,0,Large-Cash-Transaction,25,LOW,LargeTransaction,"Transaction amount 25,465.45 UK pounds exceeds threshold of 8,000.00"
1519,2026-05-07 13:39:25,5637214862,7500256845,5187.86,UK pounds,UK pounds,UK,UK,Cheque,0,,0,LOW,,
1520,2026-05-07 13:39:29,9880098011,7892884492,16670.53,UK pounds,US dollar,UK,USA,Cross-border,0,Large-Cash-Transaction,25,LOW,LargeTransaction,"Transaction amount 16,670.53 UK pounds exceeds threshold of 8,000.00"
1521,2026-05-07 13:39:29,3375198105,1227332321,1976.89,UK pounds,UK pounds,UK,UK,ACH,0,,0,LOW,,
1522,2026-05-07 13:39:32,2031714620,6199103267,6953.13,UK pounds,UK pounds,UK,UK,Debit card,0,,0,LOW,,
1523,2026-05-07 13:39:40,6301647599,7957718941,10059.51,UK pounds,UK pounds,UK,UK,Debit card,0,Large-Cash-Transaction,25,LOW,LargeTransaction,"Transaction amount 10,059.51 UK pounds exceeds threshold of 8,000.00"
1524,2026-05-07 13:39:43,3827521772,1425703750,472.8,UK pounds,UK pounds,UK,UK,Cash Deposit,0,,0,LOW,,
1525,2026-05-07 13:39:44,8620560994,4246861735,1354.79,UK pounds,UK pounds,UK,UK,Debit card,0,,0,LOW,,
1526,2026-05-07 13:39:44,2584559390,3066321263,18302.61,UK pounds,UK pounds,UK,UK,Credit card,0,Large-Cash-Transaction,25,LOW,LargeTransaction,"Transaction amount 18,302.61 UK pounds exceeds threshold of 8,000.00"
1527,2026-05-07 13:39:45,4365228257,176638936,2376.45,UK pounds,UK pounds,UK,UK,Cheque,0,,0,LOW,,
1528,2026-05-07 13:39:50,6116657264,578267324,11423.71,UK pounds,UK pounds,UK,UK,ACH,0,Large-Cash-Transaction,25,LOW,LargeTransaction,"Transaction amount 11,423.71 UK pounds exceeds threshold of 8,000.00"
1529,2026-05-07 13:39:51,182676947,2076831887,5567.63,UK pounds,UK pounds,UK,UK,Credit card,0,,0,LOW,,
1530,2026-05-07 13:39:58,7674756610,4336977506,13275.28,UK pounds,UK pounds,UK,UK,Credit card,0,Large-Cash-Transaction,25,LOW,LargeTransaction,"Transaction amount 13,275.28 UK pounds exceeds threshold of 8,000.00"
1531,2026-05-07 13:39:58,2616388803,2534644942,11130.83,UK pounds,Euro,UK,France,Cross-border,0,Large-Cash-Transaction,25,LOW,LargeTransaction,"Transaction amount 11,130.83 UK pounds exceeds threshold of 8,000.00"
1532,2026-05-07 13:40:06,5979365359,409707192,9632.42,UK pounds,UK pounds,UK,UK,ACH,0,Large-Cash-Transaction,25,LOW,LargeTransaction,"Transaction amount 9,632.42 UK pounds exceeds threshold of 8,000.00"
1533,2026-05-07 13:40:11,7657581112,876106783,2563.1,UK pounds,UK pounds,UK,UK,Credit card,0,,0,LOW,,
1534,2026-05-07 13:40:13,6834477393,6444220418,8188.74,UK pounds,UK pounds,UK,UK,Debit card,1,Large-Cash-Transaction; Structuring/Smurfing,65,HIGH,LargeTransaction|Smurfing,"Transaction amount 8,188.74 UK pounds exceeds threshold of 8,000.00; Smurfing: account '6834477393' made 3 transactions totalling 24,515.46 within 24h (each below 9,999.00 threshold)"
1535,2026-05-07 13:40:13,9432180260,3424878395,7060.69,UK pounds,UK pounds,UK,UK,Debit card,0,,0,LOW,,
1536,2026-05-07 13:40:19,3614082527,219930770,13201.83,UK pounds,UK pounds,UK,UK,Credit card,0,Large-Cash-Transaction,25,LOW,LargeTransaction,"Transaction amount 13,201.83 UK pounds exceeds threshold of 8,000.00"
1537,2026-05-07 13:40:19,7239180502,8673917867,6949.16,UK pounds,UK pounds,UK,UK,Credit card,0,Layering,25,LOW,Layering,"Fan-in: receiver 8673917867 received from 4 distinct senders within 72h (chain amount: 31,782.84, threshold: 10,000.00)"
1538,2026-05-07 13:40:19,5172850121,3695545812,24304.63,UK pounds,UK pounds,UK,UK,Cheque,0,Large-Cash-Transaction,25,LOW,LargeTransaction,"Transaction amount 24,304.63 UK pounds exceeds threshold of 8,000.00"
1539,2026-05-07 13:40:21,5195441820,9600420260,8192.68,UK pounds,UK pounds,UK,UK,ACH,1,Large-Cash-Transaction; Structuring/Smurfing,65,HIGH,LargeTransaction|Smurfing,"Transaction amount 8,192.68 UK pounds exceeds threshold of 8,000.00; Smurfing: account '5195441820' made 3 transactions totalling 24,606.42 within 24h (each below 9,999.00 threshold)"
1540,2026-05-07 13:40:25,4003877995,3458884468,658.21,UK pounds,UK pounds,UK,UK,Cheque,0,,0,LOW,,
1541,2026-05-07 13:40:26,1398369114,8971076375,11975.57,UK pounds,UK pounds,UK,UK,Credit card,0,Large-Cash-Transaction,25,LOW,LargeTransaction,"Transaction amount 11,975.57 UK pounds exceeds threshold of 8,000.00"
1542,2026-05-07 13:40:26,6760427237,7080357663,6902.0,UK pounds,UK pounds,UK,UK,ACH,0,,0,LOW,,
1543,2026-05-07 13:40:26,1814149102,189762376,12918.12,UK pounds,UK pounds,UK,UK,ACH,0,Large-Cash-Transaction,25,LOW,LargeTransaction,"Transaction amount 12,918.12 UK pounds exceeds threshold of 8,000.00"
1544,2026-05-07 13:40:27,7584000699,2042062597,3529.08,UK pounds,UK pounds,UK,UK,Credit card,0,,0,LOW,,
1545,2026-05-07 13:40:27,3039993322,424146908,223.8,UK pounds,UK pounds,UK,UK,Cash Withdrawal,0,,0,LOW,,
1546,2026-05-07 13:40:29,5529226135,409707192,10902.37,UK pounds,UK pounds,UK,UK,Credit card,0,Large-Cash-Transaction,25,LOW,LargeTransaction,"Transaction amount 10,902.37 UK pounds exceeds threshold of 8,000.00"
1547,2026-05-07 13:40:32,7758268667,1709703404,5491.26,UK pounds,UK pounds,UK,UK,Debit card,1,Structuring/Smurfing,40,MEDIUM,Smurfing,"Smurfing: account '7758268667' made 11 transactions totalling 87,156.14 within 24h (each below 9,999.00 threshold)"
1548,2026-05-07 13:40:34,8242256009,1871672911,17289.73,UK pounds,UK pounds,UK,UK,Credit card,0,Large-Cash-Transaction,25,LOW,LargeTransaction,"Transaction amount 17,289.73 UK pounds exceeds threshold of 8,000.00"
1549,2026-05-07 13:40:40,7501327339,3546968911,5068.16,UK pounds,Euro,UK,Germany,Cross-border,1,Structuring/Smurfing,40,MEDIUM,Smurfing,"Smurfing: account '7501327339' made 11 transactions totalling 77,886.41 within 24h (each below 9,999.00 threshold)"
1550,2026-05-07 13:40:42,3838073186,493212103,3090.36,UK pounds,UK pounds,UK,UK,Cheque,0,,0,LOW,,
1551,2026-05-07 13:40:44,8116300178,5348527635,2183.35,UK pounds,UK pounds,UK,UK,Credit card,0,,0,LOW,,
1552,2026-05-07 13:40:47,8434217584,8744671811,241136.25,UK pounds,UK pounds,UK,UK,Cheque,0,Large-Cash-Transaction,25,LOW,LargeTransaction,"Transaction amount 241,136.25 UK pounds exceeds threshold of 8,000.00"
1553,2026-05-07 13:40:48,3452368468,5517479211,13516.04,UK pounds,UK pounds,UK,UK,Debit card,0,Large-Cash-Transaction,25,LOW,LargeTransaction,"Transaction amount 13,516.04 UK pounds exceeds threshold of 8,000.00"
1554,2026-05-07 13:40:49,1435757820,5365565420,7201.31,UK pounds,Swiss franc,UK,UK,Cheque,0,,0,LOW,,
1555,2026-05-07 13:40:50,1293033026,4401714175,5896.14,UK pounds,UK pounds,UK,UK,Credit card,0,,0,LOW,,
1556,2026-05-07 13:40:54,8132617827,5466123934,10315.58,UK pounds,UK pounds,UK,UK,Credit card,0,Large-Cash-Transaction,25,LOW,LargeTransaction,"Transaction amount 10,315.58 UK pounds exceeds threshold of 8,000.00"
1557,2026-05-07 13:40:58,6990532062,3471663552,2706.96,UK pounds,UK pounds,UK,UK,ACH,0,,0,LOW,,
1558,2026-05-07 13:40:59,5315940031,3758959228,2386.6,UK pounds,UK pounds,UK,UK,Cheque,0,,0,LOW,,
1559,2026-05-07 13:41:02,9848316613,7080357663,7527.46,UK pounds,UK pounds,UK,UK,ACH,0,,0,LOW,,
1560,2026-05-07 13:41:05,9649321106,5109623450,7915.52,UK pounds,UK pounds,UK,UK,Debit card,0,,0,LOW,,
1561,2026-05-07 13:41:09,2294032396,2107425248,5606.83,UK pounds,UK pounds,UK,UK,Debit card,0,,0,LOW,,
1562,2026-05-07 13:41:12,312396354,2138505015,12632.15,UK pounds,Dirham,UK,UAE,Cross-border,0,Large-Cash-Transaction,25,LOW,LargeTransaction,"Transaction amount 12,632.15 UK pounds exceeds threshold of 8,000.00"
1563,2026-05-07 13:41:12,4611712500,4802678511,1043.15,UK pounds,UK pounds,UK,UK,Credit card,0,,0,LOW,,
1564,2026-05-07 13:41:13,9180934204,6855935396,8700.55,UK pounds,UK pounds,UK,UK,Debit card,0,Large-Cash-Transaction,25,LOW,LargeTransaction,"Transaction amount 8,700.55 UK pounds exceeds threshold of 8,000.00"
1565,2026-05-07 13:41:13,5195441820,9600420260,8230.85,UK pounds,UK pounds,UK,UK,Cheque,1,Large-Cash-Transaction; Structuring/Smurfing,65,HIGH,LargeTransaction|Smurfing,"Transaction amount 8,230.85 UK pounds exceeds threshold of 8,000.00; Smurfing: account '5195441820' made 3 transactions totalling 24,606.42 within 24h (each below 9,999.00 threshold)"
1566,2026-05-07 13:41:14,1526266472,4821876453,844.85,UK pounds,Moroccan dirham,UK,Morocco,Cross-border,0,,0,LOW,,
1567,2026-05-07 13:41:17,3682462176,927702890,2144.32,UK pounds,UK pounds,UK,UK,Debit card,0,,0,LOW,,
1568,2026-05-07 13:41:17,5509781847,894978947,210.71,UK pounds,UK pounds,UK,UK,ACH,0,,0,LOW,,
1569,2026-05-07 13:41:18,3168051873,6138274964,5175.89,UK pounds,UK pounds,UK,UK,Debit card,1,Structuring/Smurfing,40,MEDIUM,Smurfing,"Smurfing: account '3168051873' made 5 transactions totalling 30,505.18 within 24h (each below 9,999.00 threshold)"
1570,2026-05-07 13:41:18,3864603006,5858369125,20100.84,UK pounds,UK pounds,UK,UK,Debit card,0,Large-Cash-Transaction,25,LOW,LargeTransaction,"Transaction amount 20,100.84 UK pounds exceeds threshold of 8,000.00"
1571,2026-05-07 13:41:22,5813296620,1590072487,17.61,UK pounds,UK pounds,UK,UK,Cash Withdrawal,0,,0,LOW,,
1572,2026-05-07 13:41:24,5708403349,5793658246,22380.74,UK pounds,UK pounds,UK,UK,Cheque,0,Large-Cash-Transaction,25,LOW,LargeTransaction,"Transaction amount 22,380.74 UK pounds exceeds threshold of 8,000.00"
1573,2026-05-07 13:41:26,3465671884,6034997194,5823.92,UK pounds,UK pounds,UK,UK,Debit card,1,Structuring/Smurfing,40,MEDIUM,Smurfing,"Smurfing: account '3465671884' made 3 transactions totalling 17,550.74 within 24h (each below 9,999.00 threshold)"
1574,2026-05-07 13:41:28,9228204227,79724850,65.16,UK pounds,UK pounds,UK,UK,Cheque,0,,0,LOW,,
1575,2026-05-07 13:41:28,287305149,872570034,21609.67,UK pounds,Yen,UK,UK,ACH,0,Large-Cash-Transaction,25,LOW,LargeTransaction,"Transaction amount 21,609.67 UK pounds exceeds threshold of 8,000.00"
1576,2026-05-07 13:41:31,5508873659,6514419498,140.54,UK pounds,UK pounds,UK,UK,Debit card,0,,0,LOW,,
1577,2026-05-07 13:41:32,1491989064,7160767531,8311.61,UK pounds,UK pounds,UK,UK,ACH,1,Large-Cash-Transaction; Structuring/Smurfing,65,HIGH,LargeTransaction|Smurfing,"Transaction amount 8,311.61 UK pounds exceeds threshold of 8,000.00; Smurfing: account '1491989064' made 3 transactions totalling 23,077.52 within 24h (each below 9,999.00 threshold)"
1578,2026-05-07 13:41:34,7952565397,8518296641,1411.93,UK pounds,UK pounds,UK,UK,Debit card,0,,0,LOW,,
1579,2026-05-07 13:41:40,7444330665,5780213783,14632.87,UK pounds,UK pounds,UK,UK,Debit card,0,Large-Cash-Transaction,25,LOW,LargeTransaction,"Transaction amount 14,632.87 UK pounds exceeds threshold of 8,000.00"
1580,2026-05-07 13:41:41,3510078932,2759163705,5112.85,UK pounds,UK pounds,UK,UK,ACH,1,Structuring/Smurfing,40,MEDIUM,Smurfing,"Smurfing: account '3510078932' made 9 transactions totalling 52,896.50 within 24h (each below 9,999.00 threshold)"
1581,2026-05-07 13:41:42,8854146908,9600420260,5056.79,UK pounds,UK pounds,UK,UK,Cheque,1,Structuring/Smurfing,40,MEDIUM,Smurfing,"Smurfing: account '8854146908' made 3 transactions totalling 15,327.13 within 24h (each below 9,999.00 threshold)"
1582,2026-05-07 13:41:45,8536900653,9429865743,6367.8,UK pounds,UK pounds,UK,UK,ACH,0,,0,LOW,,
1583,2026-05-07 13:41:48,7584000699,1402610857,4285.94,UK pounds,UK pounds,UK,UK,Credit card,0,,0,LOW,,
1584,2026-05-07 13:41:52,7669236826,6127165731,10987.89,UK pounds,UK pounds,UK,UK,Cheque,0,Large-Cash-Transaction,25,LOW,LargeTransaction,"Transaction amount 10,987.89 UK pounds exceeds threshold of 8,000.00"
1585,2026-05-07 13:41:53,2797271466,1492744665,5836.45,UK pounds,UK pounds,UK,UK,Debit card,1,Structuring/Smurfing,40,MEDIUM,Smurfing,"Smurfing: account '2797271466' made 4 transactions totalling 32,088.75 within 24h (each below 9,999.00 threshold)"
1586,2026-05-07 13:41:57,2218016419,5276792960,2520.14,UK pounds,UK pounds,UK,UK,Cheque,0,,0,LOW,,
1587,2026-05-07 13:41:59,4121324384,2476331065,6612.07,Euro,UK pounds,Spain,UK,Cross-border,1,Structuring/Smurfing,40,MEDIUM,Smurfing,"Smurfing: account '4121324384' made 4 transactions totalling 30,187.07 within 24h (each below 9,999.00 threshold)"
1588,2026-05-07 13:41:59,8916668286,2255008785,61896.53,UK pounds,UK pounds,UK,UK,Debit card,0,Large-Cash-Transaction,25,LOW,LargeTransaction,"Transaction amount 61,896.53 UK pounds exceeds threshold of 8,000.00"
1589,2026-05-07 13:41:59,9286364118,4806198052,5942.66,UK pounds,UK pounds,UK,UK,ACH,0,,0,LOW,,
1590,2026-05-07 13:41:59,7501327339,8061984977,9518.99,UK pounds,UK pounds,UK,UK,ACH,1,Large-Cash-Transaction; Structuring/Smurfing,65,HIGH,LargeTransaction|Smurfing,"Transaction amount 9,518.99 UK pounds exceeds threshold of 8,000.00; Smurfing: account '7501327339' made 12 transactions totalling 87,405.40 within 24h (each below 9,999.00 threshold)"
1591,2026-05-07 13:42:01,4600894500,6034997194,5363.49,UK pounds,UK pounds,UK,UK,Debit card,0,,0,LOW,,
1592,2026-05-07 13:42:03,5426486896,6034997194,8377.34,UK pounds,UK pounds,UK,UK,Credit card,0,Large-Cash-Transaction,25,LOW,LargeTransaction,"Transaction amount 8,377.34 UK pounds exceeds threshold of 8,000.00"
1593,2026-05-07 13:42:04,4109732596,5708936901,17721.02,UK pounds,UK pounds,UK,UK,Debit card,0,Large-Cash-Transaction,25,LOW,LargeTransaction,"Transaction amount 17,721.02 UK pounds exceeds threshold of 8,000.00"
1594,2026-05-07 13:42:05,6904668523,645194991,15749.62,UK pounds,UK pounds,UK,UK,ACH,0,Large-Cash-Transaction,25,LOW,LargeTransaction,"Transaction amount 15,749.62 UK pounds exceeds threshold of 8,000.00"
1595,2026-05-07 13:42:09,6896368083,1341325734,2089.44,UK pounds,UK pounds,UK,UK,Debit card,0,,0,LOW,,
1596,2026-05-07 13:42:11,573508750,1605730227,1791.27,UK pounds,UK pounds,UK,UK,Credit card,0,,0,LOW,,
1597,2026-05-07 13:42:12,9172740995,5363117119,10533.99,UK pounds,UK pounds,UK,UK,Credit card,0,Large-Cash-Transaction,25,LOW,LargeTransaction,"Transaction amount 10,533.99 UK pounds exceeds threshold of 8,000.00"
1598,2026-05-07 13:42:12,2797271466,4525312913,12912.46,UK pounds,UK pounds,UK,UK,Credit card,0,Large-Cash-Transaction,25,LOW,LargeTransaction,"Transaction amount 12,912.46 UK pounds exceeds threshold of 8,000.00"
1599,2026-05-07 13:42:13,1275253161,5103043844,16398.13,UK pounds,Naira,UK,Nigeria,Cross-border,0,Large-Cash-Transaction,25,LOW,LargeTransaction,"Transaction amount 16,398.13 UK pounds exceeds threshold of 8,000.00"
1600,2026-05-07 13:42:13,6989832152,1230988846,5343.81,UK pounds,UK pounds,UK,UK,Credit card,0,Fan-Out/Money-Mule,20,LOW,RapidMovement,RapidMovement: part of rapid fund re-dispatch from account '6989832152'
1601,2026-05-07 13:42:14,9529943023,3220735304,6939.34,UK pounds,UK pounds,UK,UK,Credit card,0,,0,LOW,,
1602,2026-05-07 13:42:16,1491989064,4658438113,8434.5,UK pounds,UK pounds,UK,UK,ACH,1,Large-Cash-Transaction; Structuring/Smurfing,65,HIGH,LargeTransaction|Smurfing,"Transaction amount 8,434.50 UK pounds exceeds threshold of 8,000.00; Smurfing: account '1491989064' made 4 transactions totalling 31,512.02 within 24h (each below 9,999.00 threshold)"
1603,2026-05-07 13:42:16,6163866266,7302976489,2549.27,UK pounds,UK pounds,UK,UK,Cash Deposit,0,,0,LOW,,
1604,2026-05-07 13:42:17,7421451752,4086663568,8452.79,UK pounds,UK pounds,UK,UK,Debit card,1,Large-Cash-Transaction; Structuring/Smurfing,65,HIGH,LargeTransaction|Smurfing,"Transaction amount 8,452.79 UK pounds exceeds threshold of 8,000.00; Smurfing: account '7421451752' made 7 transactions totalling 42,307.25 within 24h (each below 9,999.00 threshold)"
1605,2026-05-07 13:42:19,2671456948,8673917867,9543.94,UK pounds,UK pounds,UK,UK,ACH,1,Large-Cash-Transaction; Structuring/Smurfing; Layering,90,CRITICAL,LargeTransaction|Smurfing|Layering,"Transaction amount 9,543.94 UK pounds exceeds threshold of 8,000.00; Smurfing: account '2671456948' made 3 transactions totalling 28,714.22 within 24h (each below 9,999.00 threshold); Fan-in: receiver 8673917867 received from 5 distinct senders within 72h (chain amount: 41,326.78, threshold: 10,000.00)"
1606,2026-05-07 13:42:21,7133027548,4336977506,4629.26,UK pounds,UK pounds,UK,UK,Credit card,1,Structuring/Smurfing,40,MEDIUM,Smurfing,"Smurfing: account '7133027548' made 3 transactions totalling 13,840.80 within 24h (each below 9,999.00 threshold)"
1607,2026-05-07 13:42:23,283212952,5103043844,9120.63,UK pounds,Naira,UK,Nigeria,Cross-border,0,Large-Cash-Transaction,25,LOW,LargeTransaction,"Transaction amount 9,120.63 UK pounds exceeds threshold of 8,000.00"
1608,2026-05-07 13:42:23,5264015348,6646502650,8583.33,UK pounds,Euro,UK,France,Cross-border,0,Large-Cash-Transaction,25,LOW,LargeTransaction,"Transaction amount 8,583.33 UK pounds exceeds threshold of 8,000.00"
1609,2026-05-07 13:42:23,3954481733,7498218097,561.06,UK pounds,UK pounds,UK,UK,Cheque,0,,0,LOW,,
1610,2026-05-07 13:42:30,2080014718,5862848172,222.96,UK pounds,UK pounds,UK,UK,Cash Deposit,0,,0,LOW,,
1611,2026-05-07 13:42:31,218834596,8738331512,2858.85,UK pounds,UK pounds,UK,UK,Debit card,0,,0,LOW,,
1612,2026-05-07 13:42:33,9346100166,5708936901,12302.47,UK pounds,UK pounds,UK,UK,Cheque,0,Large-Cash-Transaction,25,LOW,LargeTransaction,"Transaction amount 12,302.47 UK pounds exceeds threshold of 8,000.00"
1613,2026-05-07 13:42:33,7758268667,8969112643,13616.91,UK pounds,UK pounds,UK,UK,ACH,0,Large-Cash-Transaction,25,LOW,LargeTransaction,"Transaction amount 13,616.91 UK pounds exceeds threshold of 8,000.00"
1614,2026-05-07 13:42:33,3872779440,3309998252,938.99,UK pounds,UK pounds,UK,UK,Debit card,0,,0,LOW,,
1615,2026-05-07 13:42:35,7421451752,5071229415,4920.4,Moroccan dirham,Swiss franc,UK,Switzerland,Cross-border,1,Structuring/Smurfing,40,MEDIUM,Smurfing,"Smurfing: account '7421451752' made 8 transactions totalling 47,227.65 within 24h (each below 9,999.00 threshold)"
1616,2026-05-07 13:42:35,3897459402,2231963085,12074.1,UK pounds,UK pounds,UK,UK,Cheque,0,Large-Cash-Transaction,25,LOW,LargeTransaction,"Transaction amount 12,074.10 UK pounds exceeds threshold of 8,000.00"
1617,2026-05-07 13:42:36,6150012318,5109623450,4662.38,UK pounds,UK pounds,UK,UK,Cheque,0,,0,LOW,,
1618,2026-05-07 13:42:36,7421451752,804519509,6148.55,UK pounds,UK pounds,UK,UK,Credit card,1,Structuring/Smurfing,40,MEDIUM,Smurfing,"Smurfing: account '7421451752' made 9 transactions totalling 53,376.20 within 24h (each below 9,999.00 threshold)"
1619,2026-05-07 13:42:43,5791275590,7700780024,2417.1,UK pounds,UK pounds,UK,UK,Debit card,0,,0,LOW,,
1620,2026-05-07 13:42:44,2736512144,5896180453,10623.96,UK pounds,UK pounds,UK,UK,Debit card,0,Large-Cash-Transaction,25,LOW,LargeTransaction,"Transaction amount 10,623.96 UK pounds exceeds threshold of 8,000.00"
1621,2026-05-07 13:42:46,7670325503,146027165,3253.55,UK pounds,UK pounds,UK,UK,Cheque,0,,0,LOW,,
1622,2026-05-07 13:42:48,7265939388,9697997080,4145.26,UK pounds,UK pounds,UK,UK,Credit card,0,,0,LOW,,
1623,2026-05-07 13:42:50,9876938535,8586749623,2440.4,UK pounds,UK pounds,UK,UK,Debit card,0,,0,LOW,,
1624,2026-05-07 13:42:51,9627551265,1636938566,4118.95,UK pounds,UK pounds,UK,UK,ACH,0,,0,LOW,,
1625,2026-05-07 13:42:54,8405704414,6137362886,4595.02,UK pounds,UK pounds,UK,UK,Cheque,0,,0,LOW,,
1626,2026-05-07 13:42:58,6292611144,7698514998,2147.82,UK pounds,UK pounds,UK,UK,Cash Deposit,0,,0,LOW,,
1627,2026-05-07 13:43:04,6057444675,7534790776,5570.48,UK pounds,UK pounds,UK,UK,Credit card,1,Structuring/Smurfing,40,MEDIUM,Smurfing,"Smurfing: account '6057444675' made 3 transactions totalling 16,504.68 within 24h (each below 9,999.00 threshold)"
1628,2026-05-07 13:43:15,1614388627,1861855612,8687.06,UK pounds,UK pounds,UK,UK,Debit card,0,Large-Cash-Transaction,25,LOW,LargeTransaction,"Transaction amount 8,687.06 UK pounds exceeds threshold of 8,000.00"
1629,2026-05-07 13:43:17,3717802726,8675679883,19971.74,UK pounds,UK pounds,UK,UK,Cheque,0,Large-Cash-Transaction,25,LOW,LargeTransaction,"Transaction amount 19,971.74 UK pounds exceeds threshold of 8,000.00"
1630,2026-05-07 13:43:19,8494878354,3695545812,5590.11,UK pounds,UK pounds,UK,UK,Credit card,0,,0,LOW,,
1631,2026-05-07 13:43:27,6086421020,7011505686,11454.85,UK pounds,Euro,UK,Italy,Cross-border,0,Large-Cash-Transaction,25,LOW,LargeTransaction,"Transaction amount 11,454.85 UK pounds exceeds threshold of 8,000.00"
1632,2026-05-07 13:43:30,2919784526,9603244819,1343.66,UK pounds,UK pounds,UK,UK,Cheque,0,,0,LOW,,
1633,2026-05-07 13:43:32,4758294964,8172080174,21184.84,UK pounds,UK pounds,UK,UK,Debit card,1,Large-Cash-Transaction; Layering,50,MEDIUM,LargeTransaction|Layering,"Transaction amount 21,184.84 UK pounds exceeds threshold of 8,000.00; Fan-in: receiver 8172080174 received from 9 distinct senders within 72h (chain amount: 122,959.16, threshold: 10,000.00)"
1634,2026-05-07 13:43:41,2609955485,2591280855,5838.44,UK pounds,UK pounds,UK,UK,Debit card,0,,0,LOW,,
1635,2026-05-07 13:43:48,1043505774,6953672776,6116.63,UK pounds,Mexican Peso,UK,Mexico,Cross-border,1,Structuring/Smurfing,40,MEDIUM,Smurfing,"Smurfing: account '1043505774' made 3 transactions totalling 18,387.36 within 24h (each below 9,999.00 threshold)"
1636,2026-05-07 13:43:54,2960912934,7758693984,44.93,UK pounds,UK pounds,UK,UK,Cash Withdrawal,0,,0,LOW,,
1637,2026-05-07 13:43:58,7215321471,4436441344,5339.67,UK pounds,Pakistani rupee,UK,Pakistan,Cross-border,0,,0,LOW,,
1638,2026-05-07 13:43:59,3009397443,5708936901,11390.08,UK pounds,UK pounds,UK,UK,Credit card,0,Large-Cash-Transaction,25,LOW,LargeTransaction,"Transaction amount 11,390.08 UK pounds exceeds threshold of 8,000.00"
1639,2026-05-07 13:44:00,5083667611,6646502650,20841.73,UK pounds,Euro,UK,France,Cross-border,0,Large-Cash-Transaction,25,LOW,LargeTransaction,"Transaction amount 20,841.73 UK pounds exceeds threshold of 8,000.00"
1640,2026-05-07 13:44:06,8053683950,6522784509,5850.88,UK pounds,UK pounds,UK,UK,ACH,1,Structuring/Smurfing,40,MEDIUM,Smurfing,"Smurfing: account '8053683950' made 4 transactions totalling 24,070.45 within 24h (each below 9,999.00 threshold)"
1641,2026-05-07 13:44:07,2365007895,5042424090,10479.15,UK pounds,UK pounds,UK,UK,Cheque,0,Large-Cash-Transaction,25,LOW,LargeTransaction,"Transaction amount 10,479.15 UK pounds exceeds threshold of 8,000.00"
1642,2026-05-07 13:44:08,1289283089,5083929727,15064.79,UK pounds,UK pounds,UK,UK,Debit card,0,Large-Cash-Transaction,25,LOW,LargeTransaction,"Transaction amount 15,064.79 UK pounds exceeds threshold of 8,000.00"
1643,2026-05-07 13:44:10,3666719333,7927819536,2595.79,UK pounds,UK pounds,UK,UK,Debit card,0,,0,LOW,,
1644,2026-05-07 13:44:13,9045243923,857238784,3765.28,Yen,UK pounds,UK,UK,Cheque,0,,0,LOW,,
1645,2026-05-07 13:44:13,7037591332,7199625988,5830.48,UK pounds,UK pounds,UK,UK,Credit card,0,,0,LOW,,
1646,2026-05-07 13:44:18,6931573062,8591256826,3563.15,UK pounds,UK pounds,UK,UK,Credit card,0,,0,LOW,,
1647,2026-05-07 13:44:19,2654070170,199752050,19605.97,UK pounds,UK pounds,UK,UK,Cheque,0,Large-Cash-Transaction,25,LOW,LargeTransaction,"Transaction amount 19,605.97 UK pounds exceeds threshold of 8,000.00"
1648,2026-05-07 13:44:21,4748837544,1815750636,140.6,UK pounds,UK pounds,UK,UK,Debit card,0,,0,LOW,,
1649,2026-05-07 13:44:21,3688525533,8678802420,22251.81,UK pounds,UK pounds,UK,UK,Credit card,0,Large-Cash-Transaction,25,LOW,LargeTransaction,"Transaction amount 22,251.81 UK pounds exceeds threshold of 8,000.00"
1650,2026-05-07 13:44:24,6281237682,4676409646,3445.46,UK pounds,UK pounds,UK,UK,Cheque,0,,0,LOW,,
1651,2026-05-07 13:44:24,6105430690,568059017,1457.53,UK pounds,UK pounds,UK,UK,Cash Deposit,0,,0,LOW,,
1652,2026-05-07 13:44:34,4121324384,7417210636,11039.49,Euro,UK pounds,Spain,UK,Cross-border,0,Large-Cash-Transaction,25,LOW,LargeTransaction,"Transaction amount 11,039.49 Euro exceeds threshold of 9,000.00"
1653,2026-05-07 13:44:35,9353545884,697041288,3293.3,UK pounds,UK pounds,UK,UK,Debit card,0,,0,LOW,,
1654,2026-05-07 13:44:42,2481196076,1917620406,180.13,UK pounds,UK pounds,UK,UK,Cheque,0,,0,LOW,,
1655,2026-05-07 13:44:42,5019961553,5466123934,8460.42,UK pounds,UK pounds,UK,UK,Cheque,0,Large-Cash-Transaction,25,LOW,LargeTransaction,"Transaction amount 8,460.42 UK pounds exceeds threshold of 8,000.00"
1656,2026-05-07 13:44:43,6057444675,3091006690,6375.08,UK pounds,UK pounds,UK,UK,ACH,1,Structuring/Smurfing,40,MEDIUM,Smurfing,"Smurfing: account '6057444675' made 4 transactions totalling 22,879.76 within 24h (each below 9,999.00 threshold)"
1657,2026-05-07 13:44:43,2209042536,6768779381,299.66,UK pounds,UK pounds,UK,UK,Credit card,0,,0,LOW,,
1658,2026-05-07 13:44:43,5263982631,7080357663,27447.44,Yen,UK pounds,Japan,UK,Cross-border,0,Large-Cash-Transaction,25,LOW,LargeTransaction,"Transaction amount 27,447.44 Yen exceeds threshold of 10,000.00"
1659,2026-05-07 13:44:44,7259559681,3872399429,1179.39,UK pounds,UK pounds,UK,UK,Cheque,0,,0,LOW,,
1660,2026-05-07 13:44:45,1915450576,2877524268,6409.35,UK pounds,UK pounds,UK,UK,ACH,1,Structuring/Smurfing,40,MEDIUM,Smurfing,"Smurfing: account '1915450576' made 11 transactions totalling 66,611.11 within 24h (each below 9,999.00 threshold)"
1661,2026-05-07 13:44:46,675669049,3559090340,11092.22,UK pounds,UK pounds,UK,UK,ACH,0,Large-Cash-Transaction,25,LOW,LargeTransaction,"Transaction amount 11,092.22 UK pounds exceeds threshold of 8,000.00"
1662,2026-05-07 13:44:47,3168051873,6883932008,10240.69,UK pounds,UK pounds,UK,UK,Debit card,0,Large-Cash-Transaction,25,LOW,LargeTransaction,"Transaction amount 10,240.69 UK pounds exceeds threshold of 8,000.00"
1663,2026-05-07 13:44:49,4598624341,8721914816,1779.74,UK pounds,Euro,UK,Germany,Cross-border,0,,0,LOW,,
1664,2026-05-07 13:44:50,9534729015,1825986618,8366.77,UK pounds,UK pounds,UK,UK,Cheque,1,Large-Cash-Transaction; Structuring/Smurfing,65,HIGH,LargeTransaction|Smurfing,"Transaction amount 8,366.77 UK pounds exceeds threshold of 8,000.00; Smurfing: account '9534729015' made 3 transactions totalling 22,093.45 within 24h (each below 9,999.00 threshold)"
1665,2026-05-07 13:44:51,2365007895,5832927076,10038.32,UK pounds,UK pounds,UK,UK,Credit card,0,Large-Cash-Transaction,25,LOW,LargeTransaction,"Transaction amount 10,038.32 UK pounds exceeds threshold of 8,000.00"
1666,2026-05-07 13:44:54,3915166427,4185375312,1597.04,UK pounds,UK pounds,UK,UK,ACH,0,,0,LOW,,
1667,2026-05-07 13:45:00,7023174269,1198933719,2473.6,UK pounds,UK pounds,UK,UK,Credit card,0,,0,LOW,,
1668,2026-05-07 13:45:02,9598349393,8518184956,6946.8,UK pounds,UK pounds,UK,UK,Credit card,0,,0,LOW,,
1669,2026-05-07 13:45:02,2797271466,1856317214,5985.54,UK pounds,UK pounds,UK,UK,Debit card,1,Structuring/Smurfing,40,MEDIUM,Smurfing,"Smurfing: account '2797271466' made 5 transactions totalling 38,074.29 within 24h (each below 9,999.00 threshold)"
1670,2026-05-07 13:45:03,2145914574,5855599517,193.37,UK pounds,UK pounds,UK,UK,Cheque,0,,0,LOW,,
1671,2026-05-07 13:45:16,4017446984,7862735091,5338.43,UK pounds,UK pounds,UK,UK,Cash Deposit,0,,0,LOW,,
1672,2026-05-07 13:45:18,2533049025,8184906326,8272.27,UK pounds,UK pounds,UK,UK,Cheque,0,Large-Cash-Transaction,25,LOW,LargeTransaction,"Transaction amount 8,272.27 UK pounds exceeds threshold of 8,000.00"
1673,2026-05-07 13:45:20,3127676613,1887584594,2691.83,UK pounds,UK pounds,UK,UK,Debit card,0,,0,LOW,,
1674,2026-05-07 13:45:23,5356315458,1696227633,2889.99,UK pounds,UK pounds,UK,UK,Cheque,0,,0,LOW,,
1675,2026-05-07 13:45:28,4158195939,3950298565,297.38,UK pounds,UK pounds,UK,UK,Credit card,0,,0,LOW,,
1676,2026-05-07 13:45:29,3023037899,5103043844,31872.73,UK pounds,Naira,UK,Nigeria,Cross-border,0,Large-Cash-Transaction,25,LOW,LargeTransaction,"Transaction amount 31,872.73 UK pounds exceeds threshold of 8,000.00"
1677,2026-05-07 13:45:30,2367296699,426446702,582.38,UK pounds,UK pounds,UK,UK,Debit card,0,,0,LOW,,
1678,2026-05-07 13:45:33,549900030,5274953583,1436.06,UK pounds,UK pounds,UK,UK,Debit card,0,,0,LOW,,
1679,2026-05-07 13:45:35,1128410016,8586012659,51969.04,UK pounds,UK pounds,UK,UK,ACH,0,Large-Cash-Transaction,25,LOW,LargeTransaction,"Transaction amount 51,969.04 UK pounds exceeds threshold of 8,000.00"
1680,2026-05-07 13:45:35,3727761969,6889475206,3449.31,UK pounds,UK pounds,UK,UK,Cheque,0,,0,LOW,,
1681,2026-05-07 13:45:39,5070033405,3608703185,7437.59,UK pounds,UK pounds,UK,UK,Cheque,1,Structuring/Smurfing,40,MEDIUM,Smurfing,"Smurfing: account '5070033405' made 3 transactions totalling 22,415.84 within 24h (each below 9,999.00 threshold)"
1682,2026-05-07 13:45:44,8613995441,1089875890,2101.28,UK pounds,UK pounds,UK,UK,Cheque,0,,0,LOW,,
1683,2026-05-07 13:45:44,179001123,6408391338,11585.16,UK pounds,UK pounds,UK,UK,Credit card,0,Large-Cash-Transaction,25,LOW,LargeTransaction,"Transaction amount 11,585.16 UK pounds exceeds threshold of 8,000.00"
1684,2026-05-07 13:45:50,4892173989,8900842727,3074.64,UK pounds,UK pounds,UK,UK,Cheque,0,,0,LOW,,
1685,2026-05-07 13:45:51,657673662,1887322422,14039.85,UK pounds,UK pounds,UK,UK,Credit card,0,Large-Cash-Transaction,25,LOW,LargeTransaction,"Transaction amount 14,039.85 UK pounds exceeds threshold of 8,000.00"
1686,2026-05-07 13:45:51,9297075194,5569153885,922.19,UK pounds,UK pounds,UK,UK,Cash Deposit,0,,0,LOW,,
1687,2026-05-07 13:45:54,2248717437,494567069,2717.8,UK pounds,UK pounds,UK,UK,Cheque,0,,0,LOW,,
1688,2026-05-07 13:46:00,787064572,6034997194,7100.37,UK pounds,UK pounds,UK,UK,Credit card,0,,0,LOW,,
1689,2026-05-07 13:46:00,2384413935,8467022969,5334.25,UK pounds,UK pounds,UK,UK,Cheque,0,,0,LOW,,
1690,2026-05-07 13:46:03,6930654029,9416949366,4019.39,UK pounds,UK pounds,UK,UK,Debit card,0,,0,LOW,,
1691,2026-05-07 13:46:05,5982914936,5903480509,7930.84,UK pounds,Euro,UK,Italy,Cross-border,1,Structuring/Smurfing,40,MEDIUM,Smurfing,"Smurfing: account '5982914936' made 6 transactions totalling 51,354.65 within 24h (each below 9,999.00 threshold)"
1692,2026-05-07 13:46:06,3719925028,834284085,2964.21,UK pounds,UK pounds,UK,UK,Cash Deposit,0,,0,LOW,,
1693,2026-05-07 13:46:12,4010291811,8093756986,995.98,UK pounds,UK pounds,UK,UK,Cheque,0,,0,LOW,,
1694,2026-05-07 13:46:18,3809194171,621060264,17295.13,UK pounds,UK pounds,UK,UK,Credit card,0,Large-Cash-Transaction,25,LOW,LargeTransaction,"Transaction amount 17,295.13 UK pounds exceeds threshold of 8,000.00"
1695,2026-05-07 13:46:25,1599117988,9708290382,694.86,UK pounds,UK pounds,UK,UK,Credit card,0,,0,LOW,,
1696,2026-05-07 13:46:30,1615142471,6034997194,5762.0,Albanian lek,UK pounds,Albania,UK,Cross-border,1,Structuring/Smurfing,40,MEDIUM,Smurfing,"Smurfing: account '1615142471' made 3 transactions totalling 17,296.52 within 24h (each below 9,999.00 threshold)"
1697,2026-05-07 13:46:30,6116657264,656192169,4777.15,UK pounds,UK pounds,UK,UK,Debit card,1,Structuring/Smurfing,40,MEDIUM,Smurfing,"Smurfing: account '6116657264' made 10 transactions totalling 58,284.95 within 24h (each below 9,999.00 threshold)"
1698,2026-05-07 13:46:34,675669049,6744312059,9322.13,UK pounds,UK pounds,UK,UK,Debit card,1,Large-Cash-Transaction; Structuring/Smurfing,65,HIGH,LargeTransaction|Smurfing,"Transaction amount 9,322.13 UK pounds exceeds threshold of 8,000.00; Smurfing: account '675669049' made 4 transactions totalling 27,374.94 within 24h (each below 9,999.00 threshold)"
1699,2026-05-07 13:46:38,1862303603,4336977506,5617.33,UK pounds,UK pounds,UK,UK,Credit card,0,,0,LOW,,
1700,2026-05-07 13:46:40,6431038386,4336977506,12756.89,UK pounds,UK pounds,UK,UK,Cheque,0,Large-Cash-Transaction,25,LOW,LargeTransaction,"Transaction amount 12,756.89 UK pounds exceeds threshold of 8,000.00"
1701,2026-05-07 13:46:41,5906035370,5363117119,12840.81,UK pounds,UK pounds,UK,UK,Debit card,0,Large-Cash-Transaction,25,LOW,LargeTransaction,"Transaction amount 12,840.81 UK pounds exceeds threshold of 8,000.00"
1702,2026-05-07 13:46:43,5581807899,5878797270,1905.5,UK pounds,UK pounds,UK,UK,Cheque,0,,0,LOW,,
1703,2026-05-07 13:46:45,1915450576,5510366236,6189.88,UK pounds,UK pounds,UK,UK,ACH,1,Structuring/Smurfing,40,MEDIUM,Smurfing,"Smurfing: account '1915450576' made 12 transactions totalling 72,800.99 within 24h (each below 9,999.00 threshold)"
1704,2026-05-07 13:46:49,3119111645,8697224422,964.31,UK pounds,UK pounds,UK,UK,Cheque,0,,0,LOW,,
1705,2026-05-07 13:46:50,830072392,9276130003,6211.48,UK pounds,UK pounds,UK,UK,Debit card,0,,0,LOW,,
1706,2026-05-07 13:46:52,6086421020,7909637145,5810.37,UK pounds,UK pounds,UK,UK,Cheque,1,Structuring/Smurfing,40,MEDIUM,Smurfing,"Smurfing: account '6086421020' made 14 transactions totalling 100,227.24 within 24h (each below 9,999.00 threshold)"
1707,2026-05-07 13:47:04,6933417054,1182692418,2233.74,UK pounds,UK pounds,UK,UK,Credit card,0,,0,LOW,,
1708,2026-05-07 13:47:04,8376187574,2562790706,389.25,UK pounds,UK pounds,UK,UK,Credit card,0,,0,LOW,,
1709,2026-05-07 13:47:06,6838010354,5786389097,234.0,UK pounds,UK pounds,UK,UK,Debit card,0,,0,LOW,,
1710,2026-05-07 13:47:06,3709430533,3402269996,8121.7,UK pounds,UK pounds,UK,UK,Credit card,1,Large-Cash-Transaction; Structuring/Smurfing,65,HIGH,LargeTransaction|Smurfing,"Transaction amount 8,121.70 UK pounds exceeds threshold of 8,000.00; Smurfing: account '3709430533' made 9 transactions totalling 71,080.95 within 24h (each below 9,999.00 threshold)"
1711,2026-05-07 13:47:10,408892251,8098919724,347.95,UK pounds,UK pounds,UK,UK,Debit card,0,,0,LOW,,
1712,2026-05-07 13:47:12,834284085,2314094428,273.04,UK pounds,UK pounds,UK,UK,Debit card,0,,0,LOW,,
1713,2026-05-07 13:47:13,6086421020,8785037379,8332.8,UK pounds,UK pounds,UK,UK,Debit card,1,Large-Cash-Transaction; Structuring/Smurfing,65,HIGH,LargeTransaction|Smurfing,"Transaction amount 8,332.80 UK pounds exceeds threshold of 8,000.00; Smurfing: account '6086421020' made 15 transactions totalling 108,560.04 within 24h (each below 9,999.00 threshold)"
1714,2026-05-07 13:47:14,4066286754,4285161854,537.61,UK pounds,UK pounds,UK,UK,Credit card,0,,0,LOW,,
1715,2026-05-07 13:47:18,9341487421,3442152540,6513.44,UK pounds,UK pounds,UK,UK,Credit card,0,,0,LOW,,
1716,2026-05-07 13:47:22,9972703278,8469060605,608.62,UK pounds,UK pounds,UK,UK,Credit card,0,,0,LOW,,
1717,2026-05-07 13:47:22,4305249195,1342677487,265.04,UK pounds,UK pounds,UK,UK,ACH,0,,0,LOW,,
1718,2026-05-07 13:47:24,2981214459,7160736915,5544.01,UK pounds,UK pounds,UK,UK,Cheque,1,Structuring/Smurfing,40,MEDIUM,Smurfing,"Smurfing: account '2981214459' made 3 transactions totalling 16,612.72 within 24h (each below 9,999.00 threshold)"
1719,2026-05-07 13:47:26,3554477131,5022399765,429.78,UK pounds,UK pounds,UK,UK,Debit card,0,,0,LOW,,
1720,2026-05-07 13:47:29,8925130468,3079818547,12814.19,UK pounds,UK pounds,UK,UK,ACH,0,Large-Cash-Transaction,25,LOW,LargeTransaction,"Transaction amount 12,814.19 UK pounds exceeds threshold of 8,000.00"
1721,2026-05-07 13:47:31,6989271965,8305241523,2070.86,UK pounds,UK pounds,UK,UK,Debit card,0,,0,LOW,,
1722,2026-05-07 13:47:38,5805289983,4270865741,5756.34,UK pounds,UK pounds,UK,UK,ACH,0,,0,LOW,,
1723,2026-05-07 13:47:38,5876375169,8594270874,233.06,UK pounds,UK pounds,UK,UK,Cash Withdrawal,0,,0,LOW,,
1724,2026-05-07 13:47:40,2711726169,3607967012,10119.18,UK pounds,Albanian lek,UK,UK,Credit card,0,Large-Cash-Transaction,25,LOW,LargeTransaction,"Transaction amount 10,119.18 UK pounds exceeds threshold of 8,000.00"
1725,2026-05-07 13:47:40,4684563438,1320927231,9734.82,UK pounds,UK pounds,UK,UK,Credit card,0,Large-Cash-Transaction,25,LOW,LargeTransaction,"Transaction amount 9,734.82 UK pounds exceeds threshold of 8,000.00"
1726,2026-05-07 13:47:42,1491989064,9460624653,12721.11,UK pounds,Euro,UK,Spain,Cross-border,0,Large-Cash-Transaction,25,LOW,LargeTransaction,"Transaction amount 12,721.11 UK pounds exceeds threshold of 8,000.00"
1727,2026-05-07 13:47:51,9533240429,3290400808,10926.5,UK pounds,UK pounds,UK,UK,ACH,0,Large-Cash-Transaction,25,LOW,LargeTransaction,"Transaction amount 10,926.50 UK pounds exceeds threshold of 8,000.00"
1728,2026-05-07 13:47:52,8533172238,586034426,11260.14,UK pounds,UK pounds,UK,UK,Credit card,0,Large-Cash-Transaction,25,LOW,LargeTransaction,"Transaction amount 11,260.14 UK pounds exceeds threshold of 8,000.00"
1729,2026-05-07 13:47:52,7651654102,5109623450,10273.44,UK pounds,UK pounds,UK,UK,Debit card,0,Large-Cash-Transaction,25,LOW,LargeTransaction,"Transaction amount 10,273.44 UK pounds exceeds threshold of 8,000.00"
1730,2026-05-07 13:47:57,6874008433,6325797829,2494.23,UK pounds,UK pounds,UK,UK,ACH,0,,0,LOW,,
1731,2026-05-07 13:47:57,8273126721,409707192,6127.76,UK pounds,UK pounds,UK,UK,Cheque,0,,0,LOW,,
1732,2026-05-07 13:48:01,8987848252,1896020736,5709.79,UK pounds,UK pounds,UK,UK,Credit card,1,Structuring/Smurfing,40,MEDIUM,Smurfing,"Smurfing: account '8987848252' made 6 transactions totalling 35,861.09 within 24h (each below 9,999.00 threshold)"
1733,2026-05-07 13:48:04,7050516284,3395248401,2122.59,UK pounds,UK pounds,UK,UK,Cash Deposit,0,,0,LOW,,
1734,2026-05-07 13:48:09,3766620733,7856324761,2392.69,UK pounds,UK pounds,UK,UK,ACH,0,,0,LOW,,
1735,2026-05-07 13:48:09,2573051257,5333605039,1639.11,UK pounds,UK pounds,UK,UK,Credit card,0,,0,LOW,,
1736,2026-05-07 13:48:12,9069885740,8352571580,10845.37,UK pounds,UK pounds,UK,UK,Debit card,0,Large-Cash-Transaction,25,LOW,LargeTransaction,"Transaction amount 10,845.37 UK pounds exceeds threshold of 8,000.00"
1737,2026-05-07 13:48:13,3614082527,2483418869,7737.86,UK pounds,UK pounds,UK,UK,ACH,1,Structuring/Smurfing,40,MEDIUM,Smurfing,"Smurfing: account '3614082527' made 6 transactions totalling 45,408.44 within 24h (each below 9,999.00 threshold)"
1738,2026-05-07 13:48:16,8167609025,6651999121,8093.14,UK pounds,UK pounds,UK,UK,Cheque,0,Large-Cash-Transaction,25,LOW,LargeTransaction,"Transaction amount 8,093.14 UK pounds exceeds threshold of 8,000.00"
1739,2026-05-07 13:48:24,9746384104,3047959102,17223.96,UK pounds,UK pounds,UK,UK,ACH,0,Large-Cash-Transaction,25,LOW,LargeTransaction,"Transaction amount 17,223.96 UK pounds exceeds threshold of 8,000.00"
1740,2026-05-07 13:48:24,9846288597,3576215798,4387.61,UK pounds,UK pounds,UK,UK,Credit card,0,,0,LOW,,
1741,2026-05-07 13:48:25,6876952940,6753930011,5074.95,UK pounds,UK pounds,UK,UK,ACH,0,,0,LOW,,
1742,2026-05-07 13:48:26,2093803421,3370815748,1994.89,UK pounds,UK pounds,UK,UK,Cash Deposit,0,,0,LOW,,
1743,2026-05-07 13:48:27,4829881962,7911086553,4858.93,UK pounds,UK pounds,UK,UK,ACH,0,,0,LOW,,
1744,2026-05-07 13:48:28,9609778152,1663106058,2137.77,UK pounds,UK pounds,UK,UK,Cheque,0,,0,LOW,,
1745,2026-05-07 13:48:34,4659909437,1465487567,10718.86,UK pounds,UK pounds,UK,UK,ACH,1,Large-Cash-Transaction; Layering,50,MEDIUM,LargeTransaction|Layering,"Transaction amount 10,718.86 UK pounds exceeds threshold of 8,000.00; Fan-in: receiver 1465487567 received from 11 distinct senders within 72h (chain amount: 202,173.83, threshold: 10,000.00)"
1746,2026-05-07 13:48:37,3205005594,812535187,14036.07,UK pounds,UK pounds,UK,UK,Cheque,0,Large-Cash-Transaction,25,LOW,LargeTransaction,"Transaction amount 14,036.07 UK pounds exceeds threshold of 8,000.00"
1747,2026-05-07 13:48:43,4400236195,5059303601,2295.09,UK pounds,UK pounds,UK,UK,ACH,0,,0,LOW,,
1748,2026-05-07 13:48:44,3967122805,1493436023,5284.02,UK pounds,UK pounds,UK,UK,Cheque,0,,0,LOW,,
1749,2026-05-07 13:48:46,6562248766,6444220418,19685.84,UK pounds,UK pounds,UK,UK,Debit card,0,Large-Cash-Transaction,25,LOW,LargeTransaction,"Transaction amount 19,685.84 UK pounds exceeds threshold of 8,000.00"
1750,2026-05-07 13:48:51,3786472264,5628674969,8424.1,UK pounds,UK pounds,UK,UK,Cheque,1,Large-Cash-Transaction; Structuring/Smurfing,65,HIGH,LargeTransaction|Smurfing,"Transaction amount 8,424.10 UK pounds exceeds threshold of 8,000.00; Smurfing: account '3786472264' made 3 transactions totalling 25,260.72 within 24h (each below 9,999.00 threshold)"
1751,2026-05-07 13:48:56,6346206851,7190306040,22088.65,UK pounds,Pakistani rupee,UK,Pakistan,Cross-border,0,Large-Cash-Transaction,25,LOW,LargeTransaction,"Transaction amount 22,088.65 UK pounds exceeds threshold of 8,000.00"
1752,2026-05-07 13:48:58,8389148416,6314435734,6801.33,UK pounds,Indian rupee,UK,India,Cross-border,1,Structuring/Smurfing,40,MEDIUM,Smurfing,"Smurfing: account '8389148416' made 4 transactions totalling 29,681.22 within 24h (each below 9,999.00 threshold)"
1753,2026-05-07 13:49:00,9365735467,9105769228,18749.95,UK pounds,UK pounds,UK,UK,ACH,0,Large-Cash-Transaction,25,LOW,LargeTransaction,"Transaction amount 18,749.95 UK pounds exceeds threshold of 8,000.00"
1754,2026-05-07 13:49:01,2900558711,2126178059,2946.45,UK pounds,UK pounds,UK,UK,Credit card,0,,0,LOW,,
1755,2026-05-07 13:49:04,6141403326,5103043844,4992.99,UK pounds,Naira,UK,Nigeria,Cross-border,0,,0,LOW,,
1756,2026-05-07 13:49:12,9015773326,8002218793,5829.04,UK pounds,UK pounds,UK,UK,Debit card,0,,0,LOW,,
1757,2026-05-07 13:49:15,2652335863,903833222,236.45,UK pounds,UK pounds,UK,UK,Debit card,0,,0,LOW,,
1758,2026-05-07 13:49:18,5256901488,4300371805,1550.22,UK pounds,UK pounds,UK,UK,Cheque,0,,0,LOW,,
1759,2026-05-07 13:49:21,4995379766,1431561040,5932.87,UK pounds,UK pounds,UK,UK,Credit card,0,,0,LOW,,
1760,2026-05-07 13:49:28,3614082527,3099235880,9039.49,UK pounds,UK pounds,UK,UK,ACH,1,Large-Cash-Transaction; Structuring/Smurfing,65,HIGH,LargeTransaction|Smurfing,"Transaction amount 9,039.49 UK pounds exceeds threshold of 8,000.00; Smurfing: account '3614082527' made 7 transactions totalling 54,447.93 within 24h (each below 9,999.00 threshold)"
1761,2026-05-07 13:49:29,4905072090,1540677634,182.21,UK pounds,UK pounds,UK,UK,Cash Deposit,0,,0,LOW,,
1762,2026-05-07 13:49:29,8177127544,5363117119,20043.63,UK pounds,UK pounds,UK,UK,ACH,0,Large-Cash-Transaction,25,LOW,LargeTransaction,"Transaction amount 20,043.63 UK pounds exceeds threshold of 8,000.00"
1763,2026-05-07 13:49:30,3300493560,3088850420,685.32,UK pounds,UK pounds,UK,UK,Cheque,0,,0,LOW,,
1764,2026-05-07 13:49:34,5764479195,6855935396,5826.56,UK pounds,UK pounds,UK,UK,Debit card,1,Structuring/Smurfing,40,MEDIUM,Smurfing,"Smurfing: account '5764479195' made 3 transactions totalling 17,410.22 within 24h (each below 9,999.00 threshold)"
1765,2026-05-07 13:49:35,6057444675,9549349263,10997.07,UK pounds,UK pounds,UK,UK,Debit card,0,Large-Cash-Transaction,25,LOW,LargeTransaction,"Transaction amount 10,997.07 UK pounds exceeds threshold of 8,000.00"
1766,2026-05-07 13:49:35,5946484518,9600420260,17597.43,UK pounds,UK pounds,UK,UK,Credit card,0,Large-Cash-Transaction,25,LOW,LargeTransaction,"Transaction amount 17,597.43 UK pounds exceeds threshold of 8,000.00"
1767,2026-05-07 13:49:38,1350294592,6793245350,1505.16,UK pounds,UK pounds,UK,UK,Credit card,0,,0,LOW,,
1768,2026-05-07 13:49:39,4763305803,8172080174,7463.32,UK pounds,UK pounds,UK,UK,ACH,1,Structuring/Smurfing; Layering,65,HIGH,Smurfing|Layering,"Smurfing: account '4763305803' made 3 transactions totalling 22,445.26 within 24h (each below 9,999.00 threshold); Fan-in: receiver 8172080174 received from 10 distinct senders within 72h (chain amount: 130,422.48, threshold: 10,000.00)"
1769,2026-05-07 13:49:41,7608777963,6855935396,4865.17,UK pounds,UK pounds,UK,UK,Debit card,0,,0,LOW,,
1770,2026-05-07 13:49:43,9710671800,3250134160,1996.48,UK pounds,UK pounds,UK,UK,Credit card,0,,0,LOW,,
1771,2026-05-07 13:49:45,6057444675,7945788794,5145.83,UK pounds,UK pounds,UK,UK,ACH,1,Structuring/Smurfing,40,MEDIUM,Smurfing,"Smurfing: account '6057444675' made 5 transactions totalling 28,025.59 within 24h (each below 9,999.00 threshold)"
1772,2026-05-07 13:49:47,6172615079,9372027254,95.62,UK pounds,UK pounds,UK,UK,Cash Withdrawal,0,,0,LOW,,
1773,2026-05-07 13:49:51,2797271466,8149040968,13126.07,UK pounds,UK pounds,UK,UK,Debit card,0,Large-Cash-Transaction,25,LOW,LargeTransaction,"Transaction amount 13,126.07 UK pounds exceeds threshold of 8,000.00"
1774,2026-05-07 13:49:51,6421474785,7199625988,10614.23,UK pounds,UK pounds,UK,UK,Debit card,0,Large-Cash-Transaction,25,LOW,LargeTransaction,"Transaction amount 10,614.23 UK pounds exceeds threshold of 8,000.00"
1775,2026-05-07 13:49:53,3567089560,4547973270,6683.66,UK pounds,Euro,UK,Italy,Cross-border,0,,0,LOW,,
1776,2026-05-07 13:49:59,1322696704,5647083655,15488.23,UK pounds,UK pounds,UK,UK,Cheque,0,Large-Cash-Transaction,25,LOW,LargeTransaction,"Transaction amount 15,488.23 UK pounds exceeds threshold of 8,000.00"
1777,2026-05-07 13:50:00,9481318728,4270865741,8896.31,UK pounds,UK pounds,UK,UK,Debit card,0,Large-Cash-Transaction,25,LOW,LargeTransaction,"Transaction amount 8,896.31 UK pounds exceeds threshold of 8,000.00"
1778,2026-05-07 13:50:01,2488978735,200223381,1275.15,UK pounds,UK pounds,UK,UK,Credit card,0,,0,LOW,,
1779,2026-05-07 13:50:01,308652530,9256811347,782.62,UK pounds,UK pounds,UK,UK,ACH,0,,0,LOW,,
1780,2026-05-07 13:50:03,7966643199,2498232404,672.54,UK pounds,UK pounds,UK,UK,Cash Deposit,0,,0,LOW,,
1781,2026-05-07 13:50:03,5166088047,1890167019,3310.04,UK pounds,UK pounds,UK,UK,Cheque,0,,0,LOW,,
1782,2026-05-07 13:50:05,1690827680,2596891805,6422.05,UK pounds,UK pounds,UK,UK,Cheque,0,,0,LOW,,
1783,2026-05-07 13:50:11,2858680382,6369945687,252.56,UK pounds,UK pounds,UK,UK,Cash Withdrawal,0,,0,LOW,,
1784,2026-05-07 13:50:15,8997296879,9792015797,1262.81,UK pounds,UK pounds,UK,UK,Cash Deposit,0,,0,LOW,,
1785,2026-05-07 13:50:17,3541847942,3542423395,4738.41,UK pounds,UK pounds,UK,UK,Debit card,0,,0,LOW,,
1786,2026-05-07 13:50:18,3786472264,5628674969,8392.6,UK pounds,UK pounds,UK,UK,Cheque,1,Large-Cash-Transaction; Structuring/Smurfing,65,HIGH,LargeTransaction|Smurfing,"Transaction amount 8,392.60 UK pounds exceeds threshold of 8,000.00; Smurfing: account '3786472264' made 3 transactions totalling 25,260.72 within 24h (each below 9,999.00 threshold)"
1787,2026-05-07 13:50:19,7434320725,2647394696,2143.79,UK pounds,UK pounds,UK,UK,Cheque,0,,0,LOW,,
1788,2026-05-07 13:50:21,5544372349,621060264,12295.1,UK pounds,UK pounds,UK,UK,ACH,0,Large-Cash-Transaction,25,LOW,LargeTransaction,"Transaction amount 12,295.10 UK pounds exceeds threshold of 8,000.00"
1789,2026-05-07 13:50:23,712794319,6444220418,7697.13,UK pounds,UK pounds,UK,UK,ACH,0,,0,LOW,,
1790,2026-05-07 13:50:24,8539400346,568688160,4782.28,UK pounds,UK pounds,UK,UK,Cash Deposit,0,,0,LOW,,
1791,2026-05-07 13:50:24,1644729543,8160295994,2869.77,UK pounds,UK pounds,UK,UK,Credit card,0,,0,LOW,,
1792,2026-05-07 13:50:25,2369776263,988008298,10511.87,UK pounds,UK pounds,UK,UK,Debit card,0,Large-Cash-Transaction,25,LOW,LargeTransaction,"Transaction amount 10,511.87 UK pounds exceeds threshold of 8,000.00"
1793,2026-05-07 13:50:27,8467683478,9862225660,2272.47,UK pounds,UK pounds,UK,UK,Credit card,0,,0,LOW,,
1794,2026-05-07 13:50:31,7438507951,3220735304,18853.65,UK pounds,UK pounds,UK,UK,Debit card,0,Large-Cash-Transaction,25,LOW,LargeTransaction,"Transaction amount 18,853.65 UK pounds exceeds threshold of 8,000.00"
1795,2026-05-07 13:50:31,3846724104,3066321263,7474.03,UK pounds,UK pounds,UK,UK,Credit card,0,,0,LOW,,
1796,2026-05-07 13:50:32,2143937087,7516974220,74.22,UK pounds,UK pounds,UK,UK,Cheque,0,,0,LOW,,
1797,2026-05-07 13:50:35,300815762,1431561040,5859.15,UK pounds,UK pounds,UK,UK,Credit card,0,,0,LOW,,
1798,2026-05-07 13:50:35,8324037167,9328482591,68.2,UK pounds,UK pounds,UK,UK,Debit card,0,,0,LOW,,
1799,2026-05-07 13:50:41,9685500568,1691560634,3513.78,UK pounds,UK pounds,UK,UK,ACH,0,,0,LOW,,
1800,2026-05-07 13:50:44,3614082527,2547799506,12262.58,UK pounds,UK pounds,UK,UK,Debit card,0,Large-Cash-Transaction,25,LOW,LargeTransaction,"Transaction amount 12,262.58 UK pounds exceeds threshold of 8,000.00"
1801,2026-05-07 13:50:45,3861925099,5501242883,1155.89,UK pounds,UK pounds,UK,UK,Cash Deposit,0,,0,LOW,,
1802,2026-05-07 13:50:47,7413728365,9955439778,861.84,UK pounds,UK pounds,UK,UK,Credit card,0,,0,LOW,,
1803,2026-05-07 13:50:49,5536444677,8220349438,3140.56,UK pounds,UK pounds,UK,UK,Cheque,0,,0,LOW,,
1804,2026-05-07 13:50:51,4696430383,6723976614,2779.6,UK pounds,UK pounds,UK,UK,Cheque,0,,0,LOW,,
1805,2026-05-07 13:50:51,270425671,2240905923,68.31,UK pounds,UK pounds,UK,UK,ACH,0,,0,LOW,,
1806,2026-05-07 13:50:52,7252618865,1469192723,3570.8,UK pounds,UK pounds,UK,UK,ACH,0,,0,LOW,,
1807,2026-05-07 13:50:52,570685255,719565425,1184.94,UK pounds,UK pounds,UK,UK,Debit card,0,,0,LOW,,
1808,2026-05-07 13:50:54,8389148416,7417876118,5957.03,UK pounds,UK pounds,UK,UK,Credit card,1,Structuring/Smurfing,40,MEDIUM,Smurfing,"Smurfing: account '8389148416' made 5 transactions totalling 35,638.25 within 24h (each below 9,999.00 threshold)"
1809,2026-05-07 13:50:54,3993668625,9938677060,3002.63,UK pounds,UK pounds,UK,UK,Credit card,0,,0,LOW,,
1810,2026-05-07 13:50:55,1915450576,3772874052,11171.53,UK pounds,Turkish lira,UK,Turkey,Cross-border,0,Large-Cash-Transaction,25,LOW,LargeTransaction,"Transaction amount 11,171.53 UK pounds exceeds threshold of 8,000.00"
1811,2026-05-07 13:50:55,7614183548,1203937599,6105.09,UK pounds,UK pounds,UK,UK,Debit card,0,,0,LOW,,
1812,2026-05-07 13:50:57,9027878157,4958052537,903.35,UK pounds,UK pounds,UK,UK,ACH,0,,0,LOW,,
1813,2026-05-07 13:50:58,936440682,4336977506,7415.44,UK pounds,UK pounds,UK,UK,Credit card,0,,0,LOW,,
1814,2026-05-07 13:50:58,7021336271,8518184956,5031.12,UK pounds,UK pounds,UK,UK,Debit card,1,Structuring/Smurfing,40,MEDIUM,Smurfing,"Smurfing: account '7021336271' made 3 transactions totalling 15,059.12 within 24h (each below 9,999.00 threshold)"
1815,2026-05-07 13:51:00,5102544036,5109623450,6921.66,UK pounds,UK pounds,UK,UK,Credit card,0,,0,LOW,,
1816,2026-05-07 13:51:01,2133070589,1377603863,13978.07,UK pounds,UK pounds,UK,UK,Debit card,0,Large-Cash-Transaction,25,LOW,LargeTransaction,"Transaction amount 13,978.07 UK pounds exceeds threshold of 8,000.00"
1817,2026-05-07 13:51:03,7724710130,4270865741,11771.97,UK pounds,UK pounds,UK,UK,Debit card,0,Large-Cash-Transaction,25,LOW,LargeTransaction,"Transaction amount 11,771.97 UK pounds exceeds threshold of 8,000.00"
1818,2026-05-07 13:51:06,694264518,9146905847,348.87,UK pounds,UK pounds,UK,UK,Debit card,0,,0,LOW,,
1819,2026-05-07 13:51:06,9481318728,4270865741,8737.64,UK pounds,UK pounds,UK,UK,Credit card,0,Large-Cash-Transaction,25,LOW,LargeTransaction,"Transaction amount 8,737.64 UK pounds exceeds threshold of 8,000.00"
1820,2026-05-07 13:51:09,190346689,5103043844,6468.78,UK pounds,Naira,UK,Nigeria,Cross-border,0,,0,LOW,,
1821,2026-05-07 13:51:11,6061326781,6235177818,401942.97,UK pounds,UK pounds,UK,UK,ACH,0,Large-Cash-Transaction,25,LOW,LargeTransaction,"Transaction amount 401,942.97 UK pounds exceeds threshold of 8,000.00"
1822,2026-05-07 13:51:15,3168051873,9923312753,12315.25,UK pounds,UK pounds,UK,UK,Debit card,0,Large-Cash-Transaction,25,LOW,LargeTransaction,"Transaction amount 12,315.25 UK pounds exceeds threshold of 8,000.00"
1823,2026-05-07 13:51:19,2833895088,2407184317,5331.48,UK pounds,UK pounds,UK,UK,Credit card,0,,0,LOW,,
1824,2026-05-07 13:51:20,8038079242,2962963536,177.05,UK pounds,UK pounds,UK,UK,Debit card,0,,0,LOW,,
1825,2026-05-07 13:51:26,7669236826,2595978516,9605.09,UK pounds,UK pounds,UK,UK,Debit card,1,Large-Cash-Transaction; Structuring/Smurfing,65,HIGH,LargeTransaction|Smurfing,"Transaction amount 9,605.09 UK pounds exceeds threshold of 8,000.00; Smurfing: account '7669236826' made 10 transactions totalling 78,477.26 within 24h (each below 9,999.00 threshold)"
1826,2026-05-07 13:51:27,5270653383,9840357113,3434.8,UK pounds,UK pounds,UK,UK,Cheque,0,Fan-Out/Money-Mule,20,LOW,RapidMovement,RapidMovement: part of rapid fund re-dispatch from account '5270653383'
1827,2026-05-07 13:51:30,9460198888,9795634699,13140.42,UK pounds,UK pounds,UK,UK,Credit card,0,Large-Cash-Transaction,25,LOW,LargeTransaction,"Transaction amount 13,140.42 UK pounds exceeds threshold of 8,000.00"
1828,2026-05-07 13:51:30,8159151753,3262792587,3214.31,UK pounds,UK pounds,UK,UK,ACH,0,,0,LOW,,
1829,2026-05-07 13:51:38,183522828,1877197885,329.59,UK pounds,UK pounds,UK,UK,Cash Deposit,0,,0,LOW,,
1830,2026-05-07 13:51:46,7492806173,3030702297,10183.89,UK pounds,UK pounds,UK,UK,ACH,0,Large-Cash-Transaction,25,LOW,LargeTransaction,"Transaction amount 10,183.89 UK pounds exceeds threshold of 8,000.00"
1831,2026-05-07 13:51:47,7758268667,6000485397,9455.34,UK pounds,UK pounds,UK,UK,Cheque,1,Large-Cash-Transaction; Structuring/Smurfing,65,HIGH,LargeTransaction|Smurfing,"Transaction amount 9,455.34 UK pounds exceeds threshold of 8,000.00; Smurfing: account '7758268667' made 12 transactions totalling 96,611.48 within 24h (each below 9,999.00 threshold)"
1832,2026-05-07 13:51:48,9456514108,5109623450,8356.52,UK pounds,UK pounds,UK,UK,ACH,1,Large-Cash-Transaction; Structuring/Smurfing,65,HIGH,LargeTransaction|Smurfing,"Transaction amount 8,356.52 UK pounds exceeds threshold of 8,000.00; Smurfing: account '9456514108' made 3 transactions totalling 25,105.02 within 24h (each below 9,999.00 threshold)"
1833,2026-05-07 13:51:48,5982914936,9491670243,9691.33,UK pounds,UK pounds,UK,UK,Credit card,1,Large-Cash-Transaction; Structuring/Smurfing,65,HIGH,LargeTransaction|Smurfing,"Transaction amount 9,691.33 UK pounds exceeds threshold of 8,000.00; Smurfing: account '5982914936' made 7 transactions totalling 61,045.98 within 24h (each below 9,999.00 threshold)"
1834,2026-05-07 13:51:57,1418533873,8277177516,6490.45,UK pounds,UK pounds,UK,UK,Debit card,0,,0,LOW,,
1835,2026-05-07 13:52:03,4946119372,9901554130,233.31,UK pounds,UK pounds,UK,UK,Credit card,0,,0,LOW,,
1836,2026-05-07 13:52:05,9712102531,4416329891,9864.45,UK pounds,UK pounds,UK,UK,Cheque,0,Large-Cash-Transaction,25,LOW,LargeTransaction,"Transaction amount 9,864.45 UK pounds exceeds threshold of 8,000.00"
1837,2026-05-07 13:52:05,5648718332,6444220418,11275.11,UK pounds,UK pounds,UK,UK,Credit card,0,Large-Cash-Transaction,25,LOW,LargeTransaction,"Transaction amount 11,275.11 UK pounds exceeds threshold of 8,000.00"
1838,2026-05-07 13:52:05,6541552727,3844741692,11007.51,UK pounds,UK pounds,UK,UK,Debit card,0,Large-Cash-Transaction,25,LOW,LargeTransaction,"Transaction amount 11,007.51 UK pounds exceeds threshold of 8,000.00"
1839,2026-05-07 13:52:12,5488979111,3475568176,4519.62,UK pounds,UK pounds,UK,UK,Debit card,0,,0,LOW,,
1840,2026-05-07 13:52:15,6057444675,7534790776,5521.99,UK pounds,UK pounds,UK,UK,Debit card,1,Structuring/Smurfing,40,MEDIUM,Smurfing,"Smurfing: account '6057444675' made 6 transactions totalling 33,547.58 within 24h (each below 9,999.00 threshold)"
1841,2026-05-07 13:52:15,6301647599,6052974520,2950.75,UK pounds,UK pounds,UK,UK,Credit card,0,,0,LOW,,
1842,2026-05-07 13:52:16,3614082527,6066458462,5821.41,UK pounds,UK pounds,UK,UK,ACH,1,Structuring/Smurfing,40,MEDIUM,Smurfing,"Smurfing: account '3614082527' made 8 transactions totalling 60,269.34 within 24h (each below 9,999.00 threshold)"
1843,2026-05-07 13:52:17,8203229522,1470548333,5371.82,UK pounds,UK pounds,UK,UK,Credit card,1,Structuring/Smurfing,40,MEDIUM,Smurfing,"Smurfing: account '8203229522' made 6 transactions totalling 33,752.76 within 24h (each below 9,999.00 threshold)"
1844,2026-05-07 13:52:18,7348628821,3957787236,6330.41,UK pounds,UK pounds,UK,UK,Credit card,0,,0,LOW,,
1845,2026-05-07 13:52:20,4782781120,9788238076,1604.76,UK pounds,UK pounds,UK,UK,ACH,0,,0,LOW,,
1846,2026-05-07 13:52:24,8260512066,7754963977,4083.19,UK pounds,UK pounds,UK,UK,ACH,0,,0,LOW,,
1847,2026-05-07 13:52:25,4013801281,7312502538,9985.13,UK pounds,UK pounds,UK,UK,Debit card,0,Large-Cash-Transaction,25,LOW,LargeTransaction,"Transaction amount 9,985.13 UK pounds exceeds threshold of 8,000.00"
1848,2026-05-07 13:52:27,2040906068,3079238220,3522.91,UK pounds,UK pounds,UK,UK,ACH,0,,0,LOW,,
1849,2026-05-07 13:52:37,8203229522,8519194353,11221.94,UK pounds,Pakistani rupee,UK,Pakistan,Cross-border,0,Large-Cash-Transaction,25,LOW,LargeTransaction,"Transaction amount 11,221.94 UK pounds exceeds threshold of 8,000.00"
1850,2026-05-07 13:52:37,1049218260,8678802420,11154.75,UK pounds,UK pounds,UK,UK,ACH,0,Large-Cash-Transaction,25,LOW,LargeTransaction,"Transaction amount 11,154.75 UK pounds exceeds threshold of 8,000.00"
1851,2026-05-07 13:52:45,4109177160,4850566216,2720.41,UK pounds,UK pounds,UK,UK,Cheque,0,,0,LOW,,
1852,2026-05-07 13:52:46,9292017612,3429997864,11494.63,Moroccan dirham,UK pounds,Morocco,UK,Cross-border,0,Large-Cash-Transaction,25,LOW,LargeTransaction,"Transaction amount 11,494.63 Moroccan dirham exceeds threshold of 10,000.00"
1853,2026-05-07 13:52:49,5698602883,1431561040,11932.47,UK pounds,UK pounds,UK,UK,ACH,0,Large-Cash-Transaction,25,LOW,LargeTransaction,"Transaction amount 11,932.47 UK pounds exceeds threshold of 8,000.00"
1854,2026-05-07 13:52:51,1390806158,8673917867,8898.08,UK pounds,UK pounds,UK,UK,ACH,1,Large-Cash-Transaction; Structuring/Smurfing; Layering,90,CRITICAL,LargeTransaction|Smurfing|Layering,"Transaction amount 8,898.08 UK pounds exceeds threshold of 8,000.00; Smurfing: account '1390806158' made 3 transactions totalling 26,529.36 within 24h (each below 9,999.00 threshold); Fan-in: receiver 8673917867 received from 6 distinct senders within 72h (chain amount: 50,224.86, threshold: 10,000.00)"
1855,2026-05-07 13:52:53,5601326577,5858369125,4963.46,UK pounds,UK pounds,UK,UK,Cheque,0,,0,LOW,,
1856,2026-05-07 13:53:00,1039261140,1465487567,15825.79,UK pounds,UK pounds,UK,UK,Credit card,1,Large-Cash-Transaction; Layering,50,MEDIUM,LargeTransaction|Layering,"Transaction amount 15,825.79 UK pounds exceeds threshold of 8,000.00; Fan-in: receiver 1465487567 received from 11 distinct senders within 72h (chain amount: 217,999.62, threshold: 10,000.00)"
1857,2026-05-07 13:53:01,3283834928,6553917535,227.29,UK pounds,UK pounds,UK,UK,Cheque,0,,0,LOW,,
1858,2026-05-07 13:53:02,9162887426,7160736915,5235.41,UK pounds,UK pounds,UK,UK,Cheque,1,Structuring/Smurfing,40,MEDIUM,Smurfing,"Smurfing: account '9162887426' made 3 transactions totalling 15,697.72 within 24h (each below 9,999.00 threshold)"
1859,2026-05-07 13:53:06,3614082527,9145896387,8265.43,UK pounds,UK pounds,UK,UK,Debit card,1,Large-Cash-Transaction; Structuring/Smurfing,65,HIGH,LargeTransaction|Smurfing,"Transaction amount 8,265.43 UK pounds exceeds threshold of 8,000.00; Smurfing: account '3614082527' made 9 transactions totalling 68,534.77 within 24h (each below 9,999.00 threshold)"
1860,2026-05-07 13:53:06,4874797135,2986696745,632.75,UK pounds,UK pounds,UK,UK,Cash Deposit,0,,0,LOW,,
1861,2026-05-07 13:53:06,7265301740,1403065628,173.12,UK pounds,UK pounds,UK,UK,Cheque,0,,0,LOW,,
1862,2026-05-07 13:53:08,1241727668,9079890465,1348.32,UK pounds,UK pounds,UK,UK,Credit card,0,,0,LOW,,
1863,2026-05-07 13:53:09,8389148416,2753383263,5619.07,UK pounds,UK pounds,UK,UK,Cheque,1,Structuring/Smurfing,40,MEDIUM,Smurfing,"Smurfing: account '8389148416' made 6 transactions totalling 41,257.32 within 24h (each below 9,999.00 threshold)"
1864,2026-05-07 13:53:16,9874144088,2154215586,73431.92,UK pounds,UK pounds,UK,UK,Cheque,0,Large-Cash-Transaction,25,LOW,LargeTransaction,"Transaction amount 73,431.92 UK pounds exceeds threshold of 8,000.00"
1865,2026-05-07 13:53:17,8501920513,9722096196,6112.62,UK pounds,Naira,UK,Nigeria,Cross-border,0,,0,LOW,,
1866,2026-05-07 13:53:20,6928445759,8981192800,2808.14,UK pounds,UK pounds,UK,UK,Cheque,0,,0,LOW,,
1867,2026-05-07 13:53:21,6541552727,2877832458,6848.7,UK pounds,Moroccan dirham,UK,Morocco,Cross-border,1,Structuring/Smurfing,40,MEDIUM,Smurfing,"Smurfing: account '6541552727' made 8 transactions totalling 57,894.11 within 24h (each below 9,999.00 threshold)"
1868,2026-05-07 13:53:22,8389148416,721717864,16879.04,UK pounds,UK pounds,UK,UK,Credit card,0,Large-Cash-Transaction,25,LOW,LargeTransaction,"Transaction amount 16,879.04 UK pounds exceeds threshold of 8,000.00"
1869,2026-05-07 13:53:22,3454359066,7709890911,5249.59,UK pounds,UK pounds,UK,UK,ACH,0,,0,LOW,,
1870,2026-05-07 13:53:23,1613060776,7080357663,7550.58,UK pounds,UK pounds,UK,UK,ACH,1,Structuring/Smurfing,40,MEDIUM,Smurfing,"Smurfing: account '1613060776' made 3 transactions totalling 22,716.61 within 24h (each below 9,999.00 threshold)"
1871,2026-05-07 13:53:27,1378784400,9278521151,7036.98,UK pounds,UK pounds,UK,UK,ACH,1,Structuring/Smurfing,40,MEDIUM,Smurfing,"Smurfing: account '1378784400' made 8 transactions totalling 56,821.71 within 24h (each below 9,999.00 threshold)"
1872,2026-05-07 13:53:27,7816745157,8257636161,8092.22,UK pounds,UK pounds,UK,UK,ACH,0,Large-Cash-Transaction,25,LOW,LargeTransaction,"Transaction amount 8,092.22 UK pounds exceeds threshold of 8,000.00"
1873,2026-05-07 13:53:29,8952177221,4447848214,8008.48,UK pounds,UK pounds,UK,UK,Cheque,1,Large-Cash-Transaction; Structuring/Smurfing,65,HIGH,LargeTransaction|Smurfing,"Transaction amount 8,008.48 UK pounds exceeds threshold of 8,000.00; Smurfing: account '8952177221' made 10 transactions totalling 76,425.76 within 24h (each below 9,999.00 threshold)"
1874,2026-05-07 13:53:33,9975307042,1836520075,1039.1,UK pounds,UK pounds,UK,UK,ACH,0,,0,LOW,,
1875,2026-05-07 13:53:34,6044849806,9597135509,7618.43,UK pounds,UK pounds,UK,UK,Debit card,0,,0,LOW,,
1876,2026-05-07 13:53:36,4925047798,4270865741,9883.27,UK pounds,UK pounds,UK,UK,ACH,1,Large-Cash-Transaction; Structuring/Smurfing,65,HIGH,LargeTransaction|Smurfing,"Transaction amount 9,883.27 UK pounds exceeds threshold of 8,000.00; Smurfing: account '4925047798' made 3 transactions totalling 29,773.80 within 24h (each below 9,999.00 threshold)"
1877,2026-05-07 13:53:37,8929118755,2160780358,3888.91,UK pounds,UK pounds,UK,UK,Credit card,0,,0,LOW,,
1878,2026-05-07 13:53:37,7849241516,1465487567,7021.85,UK pounds,UK pounds,UK,UK,Credit card,1,Structuring/Smurfing; Layering,65,HIGH,Smurfing|Layering,"Smurfing: account '7849241516' made 3 transactions totalling 21,053.77 within 24h (each below 9,999.00 threshold); Fan-in: receiver 1465487567 received from 11 distinct senders within 72h (chain amount: 225,021.47, threshold: 10,000.00)"
1879,2026-05-07 13:53:37,9605552103,8446656063,1089.12,UK pounds,Mexican Peso,UK,UK,Cheque,0,,0,LOW,,
1880,2026-05-07 13:53:38,9584010516,5466123934,6428.86,UK pounds,UK pounds,UK,UK,Credit card,0,,0,LOW,,
1881,2026-05-07 13:53:41,9367923389,5649174207,1145.62,UK pounds,UK pounds,UK,UK,Credit card,0,,0,LOW,,
1882,2026-05-07 13:53:49,8650047437,37491898,1415.14,UK pounds,UK pounds,UK,UK,Credit card,0,,0,LOW,,
1883,2026-05-07 13:53:58,5637214862,7500256845,5219.23,UK pounds,UK pounds,UK,UK,Cheque,0,,0,LOW,,
1884,2026-05-07 13:53:59,877284810,6643588485,562.79,UK pounds,UK pounds,UK,UK,Debit card,0,,0,LOW,,
1885,2026-05-07 13:54:02,5159852797,6832440588,2404.48,UK pounds,UK pounds,UK,UK,Credit card,0,,0,LOW,,
1886,2026-05-07 13:54:04,1915450576,2088570270,18234.12,UK pounds,UK pounds,UK,UK,Credit card,0,Large-Cash-Transaction,25,LOW,LargeTransaction,"Transaction amount 18,234.12 UK pounds exceeds threshold of 8,000.00"
1887,2026-05-07 13:54:04,5152370034,2650583655,506.99,UK pounds,Yen,UK,Japan,Cross-border,0,,0,LOW,,
1888,2026-05-07 13:54:04,5364312169,9793885642,2155.57,UK pounds,UK pounds,UK,UK,Cash Deposit,0,,0,LOW,,
1889,2026-05-07 13:54:06,56694118,9526203667,1831.72,UK pounds,UK pounds,UK,UK,Cash Deposit,0,,0,LOW,,
1890,2026-05-07 13:54:06,3452368468,2111706195,14950.67,UK pounds,UK pounds,UK,UK,Debit card,0,Large-Cash-Transaction,25,LOW,LargeTransaction,"Transaction amount 14,950.67 UK pounds exceeds threshold of 8,000.00"
1891,2026-05-07 13:54:08,5631378216,5628674969,8950.24,UK pounds,UK pounds,UK,UK,Cheque,1,Large-Cash-Transaction; Structuring/Smurfing,65,HIGH,LargeTransaction|Smurfing,"Transaction amount 8,950.24 UK pounds exceeds threshold of 8,000.00; Smurfing: account '5631378216' made 3 transactions totalling 27,030.30 within 24h (each below 9,999.00 threshold)"
1892,2026-05-07 13:54:10,6123241092,8753784153,9259.37,UK pounds,UK pounds,UK,UK,ACH,0,Large-Cash-Transaction,25,LOW,LargeTransaction,"Transaction amount 9,259.37 UK pounds exceeds threshold of 8,000.00"
1893,2026-05-07 13:54:10,3041647183,5377813366,14524.76,UK pounds,UK pounds,UK,UK,Cheque,0,Large-Cash-Transaction,25,LOW,LargeTransaction,"Transaction amount 14,524.76 UK pounds exceeds threshold of 8,000.00"
1894,2026-05-07 13:54:12,3127266613,1210706784,355.54,UK pounds,UK pounds,UK,UK,ACH,0,,0,LOW,,
1895,2026-05-07 13:54:13,8501385131,4315012307,1467.61,UK pounds,UK pounds,UK,UK,Credit card,0,,0,LOW,,
1896,2026-05-07 13:54:14,327609046,6223365730,25077.54,UK pounds,UK pounds,UK,UK,Credit card,0,Large-Cash-Transaction,25,LOW,LargeTransaction,"Transaction amount 25,077.54 UK pounds exceeds threshold of 8,000.00"
1897,2026-05-07 13:54:15,6929600685,7336468158,1353.81,UK pounds,UK pounds,UK,UK,Cheque,0,,0,LOW,,
1898,2026-05-07 13:54:16,2365007895,7623292529,15843.33,UK pounds,UK pounds,UK,UK,ACH,0,Large-Cash-Transaction,25,LOW,LargeTransaction,"Transaction amount 15,843.33 UK pounds exceeds threshold of 8,000.00"
1899,2026-05-07 13:54:18,7082049882,9773798855,3219.87,UK pounds,UK pounds,UK,UK,Debit card,0,,0,LOW,,
1900,2026-05-07 13:54:18,3452368468,4536194683,11410.48,UK pounds,UK pounds,UK,UK,Debit card,0,Large-Cash-Transaction,25,LOW,LargeTransaction,"Transaction amount 11,410.48 UK pounds exceeds threshold of 8,000.00"
1901,2026-05-07 13:54:20,5607688477,5858369125,9180.02,UK pounds,UK pounds,UK,UK,Debit card,0,Large-Cash-Transaction,25,LOW,LargeTransaction,"Transaction amount 9,180.02 UK pounds exceeds threshold of 8,000.00"
1902,2026-05-07 13:54:23,223181098,9396942849,5838.03,UK pounds,Euro,UK,Italy,Cross-border,0,,0,LOW,,
1903,2026-05-07 13:54:23,7589906770,4724445469,2478.86,UK pounds,UK pounds,UK,UK,Credit card,0,,0,LOW,,
1904,2026-05-07 13:54:24,1491989064,8401255335,5973.47,UK pounds,Dirham,UK,UAE,Cross-border,1,Structuring/Smurfing,40,MEDIUM,Smurfing,"Smurfing: account '1491989064' made 5 transactions totalling 37,485.49 within 24h (each below 9,999.00 threshold)"
1905,2026-05-07 13:54:26,1814679992,861663321,855.35,UK pounds,UK pounds,UK,UK,Cash Deposit,0,,0,LOW,,
1906,2026-05-07 13:54:26,7112379017,5708936901,4555.23,UK pounds,UK pounds,UK,UK,Credit card,0,,0,LOW,,
1907,2026-05-07 13:54:33,7525571440,5061829789,5504.19,UK pounds,UK pounds,UK,UK,ACH,0,,0,LOW,,
1908,2026-05-07 13:54:40,4641606957,492230010,390.83,UK pounds,UK pounds,UK,UK,Debit card,0,,0,LOW,,
1909,2026-05-07 13:54:40,1645558162,8172080174,11021.79,UK pounds,UK pounds,UK,UK,Debit card,1,Large-Cash-Transaction; Layering,50,MEDIUM,LargeTransaction|Layering,"Transaction amount 11,021.79 UK pounds exceeds threshold of 8,000.00; Fan-in: receiver 8172080174 received from 11 distinct senders within 72h (chain amount: 141,444.27, threshold: 10,000.00)"
1910,2026-05-07 13:54:45,6299804098,7017214650,10994.86,UK pounds,UK pounds,UK,UK,ACH,0,Large-Cash-Transaction,25,LOW,LargeTransaction,"Transaction amount 10,994.86 UK pounds exceeds threshold of 8,000.00"
1911,2026-05-07 13:54:47,4957552805,1377603863,5219.36,UK pounds,UK pounds,UK,UK,Credit card,1,Structuring/Smurfing,40,MEDIUM,Smurfing,"Smurfing: account '4957552805' made 4 transactions totalling 20,942.26 within 24h (each below 9,999.00 threshold)"
1912,2026-05-07 13:54:49,3213805967,9600420260,14231.35,UK pounds,UK pounds,UK,UK,Credit card,0,Large-Cash-Transaction,25,LOW,LargeTransaction,"Transaction amount 14,231.35 UK pounds exceeds threshold of 8,000.00"
1913,2026-05-07 13:54:50,8978284738,5888167528,88.43,UK pounds,UK pounds,UK,UK,ACH,0,,0,LOW,,
1914,2026-05-07 13:54:50,9812137808,1658834746,230.91,UK pounds,UK pounds,UK,UK,Debit card,0,,0,LOW,,
1915,2026-05-07 13:55:01,9670851538,3555966786,2249.35,UK pounds,Swiss franc,UK,UK,Debit card,0,,0,LOW,,
1916,2026-05-07 13:55:09,7735611052,5894848837,389.68,UK pounds,UK pounds,UK,UK,ACH,0,,0,LOW,,
1917,2026-05-07 13:55:11,8487080282,5708936901,5759.45,UK pounds,UK pounds,UK,UK,Credit card,1,Structuring/Smurfing,40,MEDIUM,Smurfing,"Smurfing: account '8487080282' made 3 transactions totalling 17,216.95 within 24h (each below 9,999.00 threshold)"
1918,2026-05-07 13:55:16,2451228466,9343544605,1186.07,UK pounds,UK pounds,UK,UK,Cash Deposit,0,,0,LOW,,
1919,2026-05-07 13:55:19,5333549678,7160736915,13423.49,UK pounds,UK pounds,UK,UK,Credit card,0,Large-Cash-Transaction,25,LOW,LargeTransaction,"Transaction amount 13,423.49 UK pounds exceeds threshold of 8,000.00"
1920,2026-05-07 13:55:20,2158196009,2315116231,7111.97,UK pounds,UK pounds,UK,UK,Credit card,0,,0,LOW,,
1921,2026-05-07 13:55:22,675669049,4848113486,6860.79,UK pounds,UK pounds,UK,UK,ACH,1,Structuring/Smurfing,40,MEDIUM,Smurfing,"Smurfing: account '675669049' made 5 transactions totalling 34,235.73 within 24h (each below 9,999.00 threshold)"
1922,2026-05-07 13:55:25,9181221652,9606537579,7243.23,UK pounds,UK pounds,UK,UK,ACH,0,,0,LOW,,
1923,2026-05-07 13:55:27,6907986144,6983640925,1253.53,UK pounds,UK pounds,UK,UK,Credit card,0,,0,LOW,,
1924,2026-05-07 13:55:27,1310525716,9008738261,4008.23,UK pounds,UK pounds,UK,UK,ACH,0,,0,LOW,,
1925,2026-05-07 13:55:27,2876759814,3348167065,1754.52,UK pounds,Naira,UK,UK,Debit card,0,,0,LOW,,
1926,2026-05-07 13:55:28,8671683432,6646502650,7863.48,UK pounds,Euro,UK,France,Cross-border,0,,0,LOW,,
1927,2026-05-07 13:55:29,4218857996,9064299528,19444.83,UK pounds,UK pounds,UK,UK,Debit card,0,Large-Cash-Transaction,25,LOW,LargeTransaction,"Transaction amount 19,444.83 UK pounds exceeds threshold of 8,000.00"
1928,2026-05-07 13:55:30,2365007895,2166082350,4705.73,UK pounds,UK pounds,UK,UK,Credit card,1,Structuring/Smurfing,40,MEDIUM,Smurfing,"Smurfing: account '2365007895' made 8 transactions totalling 60,386.18 within 24h (each below 9,999.00 threshold)"
1929,2026-05-07 13:55:31,4884203204,1366985993,198.76,UK pounds,UK pounds,UK,UK,Cash Withdrawal,0,,0,LOW,,
1930,2026-05-07 13:55:31,8054751831,9162277346,2797.7,UK pounds,UK pounds,UK,UK,ACH,0,,0,LOW,,
1931,2026-05-07 13:55:36,3487003481,6915717702,2384.17,UK pounds,UK pounds,UK,UK,Cash Deposit,0,,0,LOW,,
1932,2026-05-07 13:55:36,5982914936,1509557999,15799.95,UK pounds,UK pounds,UK,UK,ACH,0,Large-Cash-Transaction,25,LOW,LargeTransaction,"Transaction amount 15,799.95 UK pounds exceeds threshold of 8,000.00"
1933,2026-05-07 13:55:37,8147726877,6646502650,11865.33,UK pounds,Euro,UK,France,Cross-border,0,Large-Cash-Transaction,25,LOW,LargeTransaction,"Transaction amount 11,865.33 UK pounds exceeds threshold of 8,000.00"
1934,2026-05-07 13:55:38,2518999092,6668835400,4483.66,UK pounds,UK pounds,UK,UK,Debit card,0,,0,LOW,,
1935,2026-05-07 13:55:40,5126390175,8518184956,5743.48,UK pounds,UK pounds,UK,UK,Debit card,1,Structuring/Smurfing,40,MEDIUM,Smurfing,"Smurfing: account '5126390175' made 3 transactions totalling 17,319.94 within 24h (each below 9,999.00 threshold)"
1936,2026-05-07 13:55:43,2724243020,4293580479,4874.21,UK pounds,UK pounds,UK,UK,Credit card,0,,0,LOW,,
1937,2026-05-07 13:55:47,8203229522,8519194353,11153.99,Mexican Peso,Pakistani rupee,UK,Pakistan,Cross-border,0,Large-Cash-Transaction,25,LOW,LargeTransaction,"Transaction amount 11,153.99 Mexican Peso exceeds threshold of 10,000.00"
1938,2026-05-07 13:55:50,2663845481,788435304,411534.08,UK pounds,UK pounds,UK,UK,Credit card,0,Large-Cash-Transaction,25,LOW,LargeTransaction,"Transaction amount 411,534.08 UK pounds exceeds threshold of 8,000.00"
1939,2026-05-07 13:55:50,3894570327,7657545175,4088.73,UK pounds,UK pounds,UK,UK,ACH,0,,0,LOW,,
1940,2026-05-07 13:55:51,2857741346,1380950284,51.15,UK pounds,UK pounds,UK,UK,Cheque,0,,0,LOW,,
1941,2026-05-07 13:55:52,138262055,1530097647,67.53,UK pounds,UK pounds,UK,UK,Cash Deposit,0,,0,LOW,,
1942,2026-05-07 13:55:53,4737367377,9600420260,7775.54,UK pounds,UK pounds,UK,UK,Debit card,1,Structuring/Smurfing,40,MEDIUM,Smurfing,"Smurfing: account '4737367377' made 3 transactions totalling 23,620.74 within 24h (each below 9,999.00 threshold)"
1943,2026-05-07 13:55:53,456548248,5179889523,1337.19,UK pounds,Mexican Peso,UK,Mexico,Cross-border,0,,0,LOW,,
1944,2026-05-07 13:55:55,3335133004,7983325258,3768.25,UK pounds,UK pounds,UK,UK,ACH,0,,0,LOW,,
1945,2026-05-07 13:55:55,7837354873,2534644942,7866.1,UK pounds,Euro,UK,France,Cross-border,0,,0,LOW,,
1946,2026-05-07 13:56:00,4615247185,1994002092,1154.29,UK pounds,UK pounds,UK,UK,Cash Deposit,0,,0,LOW,,
1947,2026-05-07 13:56:04,128573146,7084814851,4027.4,UK pounds,UK pounds,UK,UK,Credit card,0,,0,LOW,,
1948,2026-05-07 13:56:07,4003877995,6843574907,5194.82,UK pounds,UK pounds,UK,UK,Credit card,0,,0,LOW,,
1949,2026-05-07 13:56:11,9746384104,4106486424,5417.47,UK pounds,UK pounds,UK,UK,Credit card,1,Structuring/Smurfing,40,MEDIUM,Smurfing,"Smurfing: account '9746384104' made 4 transactions totalling 21,874.41 within 24h (each below 9,999.00 threshold)"
1950,2026-05-07 13:56:11,5703240025,9361030391,4539.33,UK pounds,UK pounds,UK,UK,Credit card,0,,0,LOW,,
1951,2026-05-07 13:56:12,5696016272,1972685385,6514.21,UK pounds,UK pounds,UK,UK,Cheque,0,,0,LOW,,
1952,2026-05-07 13:56:23,6086421020,7909637145,5791.82,UK pounds,UK pounds,UK,UK,Cheque,1,Structuring/Smurfing,40,MEDIUM,Smurfing,"Smurfing: account '6086421020' made 16 transactions totalling 114,351.86 within 24h (each below 9,999.00 threshold)"
1953,2026-05-07 13:56:24,1419661241,409707192,15532.94,UK pounds,UK pounds,UK,UK,Debit card,0,Large-Cash-Transaction,25,LOW,LargeTransaction,"Transaction amount 15,532.94 UK pounds exceeds threshold of 8,000.00"
1954,2026-05-07 13:56:25,9231706301,1496063415,3442.67,UK pounds,UK pounds,UK,UK,Cash Deposit,0,,0,LOW,,
1955,2026-05-07 13:56:27,8456279067,330109509,11309.54,UK pounds,UK pounds,UK,UK,Cheque,0,Large-Cash-Transaction,25,LOW,LargeTransaction,"Transaction amount 11,309.54 UK pounds exceeds threshold of 8,000.00"
1956,2026-05-07 13:56:28,6606414227,3266531987,4806.57,UK pounds,UK pounds,UK,UK,Debit card,0,,0,LOW,,
1957,2026-05-07 13:56:29,9654728418,6383820790,80.89,UK pounds,UK pounds,UK,UK,Cash Withdrawal,0,,0,LOW,,
1958,2026-05-07 13:56:42,4332882742,5858369125,13195.73,UK pounds,UK pounds,UK,UK,ACH,0,Large-Cash-Transaction,25,LOW,LargeTransaction,"Transaction amount 13,195.73 UK pounds exceeds threshold of 8,000.00"
1959,2026-05-07 13:56:46,1878887231,2758101139,718.47,UK pounds,UK pounds,UK,UK,ACH,0,,0,LOW,,
1960,2026-05-07 13:56:52,1727863210,290027633,714.1,UK pounds,UK pounds,UK,UK,Cheque,0,,0,LOW,,
1961,2026-05-07 13:56:53,6060108025,7214677639,1469.96,UK pounds,UK pounds,UK,UK,Credit card,0,,0,LOW,,
1962,2026-05-07 13:56:54,1378784400,9278521151,7012.66,UK pounds,UK pounds,UK,UK,ACH,1,Structuring/Smurfing,40,MEDIUM,Smurfing,"Smurfing: account '1378784400' made 9 transactions totalling 63,834.37 within 24h (each below 9,999.00 threshold)"
1963,2026-05-07 13:56:54,9820402258,5472441915,2091.89,UK pounds,UK pounds,UK,UK,ACH,0,,0,LOW,,
1964,2026-05-07 13:56:55,7695306517,1320927231,9624.79,UK pounds,UK pounds,UK,UK,Debit card,1,Large-Cash-Transaction; Structuring/Smurfing,65,HIGH,LargeTransaction|Smurfing,"Transaction amount 9,624.79 UK pounds exceeds threshold of 8,000.00; Smurfing: account '7695306517' made 3 transactions totalling 28,645.80 within 24h (each below 9,999.00 threshold)"
1965,2026-05-07 13:56:57,9462616105,6734902083,207.6,UK pounds,UK pounds,UK,UK,Cheque,0,,0,LOW,,
1966,2026-05-07 13:57:02,3616692801,5220830087,36.36,UK pounds,UK pounds,UK,UK,Cash Withdrawal,0,,0,LOW,,
1967,2026-05-07 13:57:03,6320582455,8673917867,8413.45,UK pounds,UK pounds,UK,UK,Debit card,1,Large-Cash-Transaction; Layering,50,MEDIUM,LargeTransaction|Layering,"Transaction amount 8,413.45 UK pounds exceeds threshold of 8,000.00; Fan-in: receiver 8673917867 received from 6 distinct senders within 72h (chain amount: 58,638.31, threshold: 10,000.00)"
1968,2026-05-07 13:57:04,4468160023,6399586084,149.19,UK pounds,UK pounds,UK,UK,Cash Deposit,0,,0,LOW,,
1969,2026-05-07 13:57:06,7133027548,4336977506,4601.59,UK pounds,UK pounds,UK,UK,Cheque,1,Structuring/Smurfing,40,MEDIUM,Smurfing,"Smurfing: account '7133027548' made 3 transactions totalling 13,840.80 within 24h (each below 9,999.00 threshold)"
1970,2026-05-07 13:57:06,8193697726,1100298585,1469.99,UK pounds,UK pounds,UK,UK,Cheque,0,,0,LOW,,
1971,2026-05-07 13:57:06,4999680285,6372271909,44.19,UK pounds,UK pounds,UK,UK,Cash Withdrawal,0,,0,LOW,,
1972,2026-05-07 13:57:06,6692260943,2789711382,1247.42,UK pounds,UK pounds,UK,UK,Credit card,0,,0,LOW,,
1973,2026-05-07 13:57:11,8080955019,7248805230,11290.75,UK pounds,Euro,UK,Germany,Cross-border,0,Large-Cash-Transaction,25,LOW,LargeTransaction,"Transaction amount 11,290.75 UK pounds exceeds threshold of 8,000.00"
1974,2026-05-07 13:57:12,992507383,4807360301,10283.46,UK pounds,UK pounds,UK,UK,Cheque,0,Large-Cash-Transaction,25,LOW,LargeTransaction,"Transaction amount 10,283.46 UK pounds exceeds threshold of 8,000.00"
1975,2026-05-07 13:57:12,3510078932,1625701030,6341.08,UK pounds,UK pounds,UK,UK,Credit card,1,Structuring/Smurfing,40,MEDIUM,Smurfing,"Smurfing: account '3510078932' made 10 transactions totalling 59,237.58 within 24h (each below 9,999.00 threshold)"
1976,2026-05-07 13:57:15,5383111930,9061930543,736.33,UK pounds,UK pounds,UK,UK,Cheque,0,,0,LOW,,
1977,2026-05-07 13:57:20,9696157978,6622770593,82.05,UK pounds,UK pounds,UK,UK,ACH,0,,0,LOW,,
1978,2026-05-07 13:57:22,3452368468,2111706195,15067.21,UK pounds,UK pounds,UK,UK,Credit card,0,Large-Cash-Transaction,25,LOW,LargeTransaction,"Transaction amount 15,067.21 UK pounds exceeds threshold of 8,000.00"
1979,2026-05-07 13:57:23,6989271965,8305241523,920.81,UK pounds,UK pounds,UK,UK,Debit card,0,,0,LOW,,
1980,2026-05-07 13:57:24,3868587578,7080357663,12581.87,UK pounds,UK pounds,UK,UK,ACH,0,Large-Cash-Transaction,25,LOW,LargeTransaction,"Transaction amount 12,581.87 UK pounds exceeds threshold of 8,000.00"
1981,2026-05-07 13:57:25,2479984730,4241933250,4452.49,UK pounds,UK pounds,UK,UK,Debit card,0,,0,LOW,,
1982,2026-05-07 13:57:25,7427843110,6018648917,658.01,UK pounds,UK pounds,UK,UK,Cheque,0,,0,LOW,,
1983,2026-05-07 13:57:29,4063651580,9117528015,3308.66,UK pounds,UK pounds,UK,UK,ACH,0,,0,LOW,,
1984,2026-05-07 13:57:29,7306138016,3552833428,6302.76,UK pounds,UK pounds,UK,UK,ACH,0,,0,LOW,,
1985,2026-05-07 13:57:30,6541552727,1547154408,5450.09,UK pounds,UK pounds,UK,UK,Cheque,1,Structuring/Smurfing,40,MEDIUM,Smurfing,"Smurfing: account '6541552727' made 9 transactions totalling 63,344.20 within 24h (each below 9,999.00 threshold)"
1986,2026-05-07 13:57:33,2432879658,2612558772,817.06,UK pounds,UK pounds,UK,UK,Debit card,0,,0,LOW,,
1987,2026-05-07 13:57:34,4775429005,7405986836,65.43,UK pounds,UK pounds,UK,UK,Cash Withdrawal,0,,0,LOW,,
1988,2026-05-07 13:57:35,8456279067,3889335486,14597.73,UK pounds,UK pounds,UK,UK,Cheque,0,Large-Cash-Transaction,25,LOW,LargeTransaction,"Transaction amount 14,597.73 UK pounds exceeds threshold of 8,000.00"
1989,2026-05-07 13:57:35,3221443060,9601457773,16113.55,Turkish lira,UK pounds,UK,UK,Credit card,0,Large-Cash-Transaction,25,LOW,LargeTransaction,"Transaction amount 16,113.55 Turkish lira exceeds threshold of 10,000.00"
1990,2026-05-07 13:57:39,9744328675,8678802420,4454.19,UK pounds,UK pounds,UK,UK,Cheque,1,Structuring/Smurfing,40,MEDIUM,Smurfing,"Smurfing: account '9744328675' made 3 transactions totalling 13,331.07 within 24h (each below 9,999.00 threshold)"
1991,2026-05-07 13:57:40,8456279067,1212654276,6854.29,UK pounds,UK pounds,UK,UK,Debit card,1,Structuring/Smurfing,40,MEDIUM,Smurfing,"Smurfing: account '8456279067' made 11 transactions totalling 77,779.04 within 24h (each below 9,999.00 threshold)"
1992,2026-05-07 13:57:41,6418774208,2980873343,1746.62,UK pounds,UK pounds,UK,UK,Cash Deposit,0,,0,LOW,,
1993,2026-05-07 13:57:41,710283640,4837946321,15532.42,UK pounds,UK pounds,UK,UK,Credit card,0,Large-Cash-Transaction,25,LOW,LargeTransaction,"Transaction amount 15,532.42 UK pounds exceeds threshold of 8,000.00"
1994,2026-05-07 13:57:43,4471161681,1555807041,1701.66,UK pounds,Euro,UK,UK,Cheque,0,,0,LOW,,
1995,2026-05-07 13:57:48,9838067088,6954897667,1514.14,UK pounds,UK pounds,UK,UK,Cash Deposit,0,,0,LOW,,
1996,2026-05-07 13:57:56,7758268667,4389103342,9360.92,UK pounds,UK pounds,UK,UK,Cheque,1,Large-Cash-Transaction; Structuring/Smurfing,65,HIGH,LargeTransaction|Smurfing,"Transaction amount 9,360.92 UK pounds exceeds threshold of 8,000.00; Smurfing: account '7758268667' made 13 transactions totalling 105,972.40 within 24h (each below 9,999.00 threshold)"
1997,2026-05-07 13:57:56,1420214713,6514324496,5284.84,UK pounds,UK pounds,UK,UK,Debit card,0,,0,LOW,,
1998,2026-05-07 13:57:59,9762796943,1493436023,7889.32,UK pounds,UK pounds,UK,UK,Credit card,1,Structuring/Smurfing,40,MEDIUM,Smurfing,"Smurfing: account '9762796943' made 3 transactions totalling 23,718.64 within 24h (each below 9,999.00 threshold)"
1999,2026-05-07 13:58:01,2365007895,6618026760,11935.49,UK pounds,UK pounds,UK,UK,ACH,0,Large-Cash-Transaction,25,LOW,LargeTransaction,"Transaction amount 11,935.49 UK pounds exceeds threshold of 8,000.00"
2000,2026-05-07 13:58:06,6421474785,7199625988,10590.16,UK pounds,UK pounds,UK,UK,Cheque,0,Large-Cash-Transaction,25,LOW,LargeTransaction,"Transaction amount 10,590.16 UK pounds exceeds threshold of 8,000.00"
2001,2026-05-07 13:58:08,1915450576,9391166135,17753.15,UK pounds,UK pounds,UK,UK,Credit card,0,Large-Cash-Transaction,25,LOW,LargeTransaction,"Transaction amount 17,753.15 UK pounds exceeds threshold of 8,000.00"
2002,2026-05-07 13:58:13,1789877728,6962466566,240.21,UK pounds,UK pounds,UK,UK,Cheque,0,,0,LOW,,
2003,2026-05-07 13:58:14,8708658679,1904702194,766.03,UK pounds,UK pounds,UK,UK,Credit card,0,,0,LOW,,
2004,2026-05-07 13:58:14,4119695889,8879599410,416.73,Dirham,UK pounds,UAE,UK,Cross-border,0,,0,LOW,,
2005,2026-05-07 13:58:19,3432416988,4352819336,567.0,UK pounds,UK pounds,UK,UK,Debit card,0,,0,LOW,,
2006,2026-05-07 13:58:21,6681851159,8426398960,6792.76,UK pounds,UK pounds,UK,UK,ACH,0,,0,LOW,,
2007,2026-05-07 13:58:24,9039181033,467457955,1039.9,UK pounds,UK pounds,UK,UK,Cheque,0,,0,LOW,,
2008,2026-05-07 13:58:25,2412955813,5103043844,42357.89,UK pounds,Naira,UK,Nigeria,Cross-border,0,Large-Cash-Transaction,25,LOW,LargeTransaction,"Transaction amount 42,357.89 UK pounds exceeds threshold of 8,000.00"
2009,2026-05-07 13:58:26,9583093659,9114092471,192.95,UK pounds,UK pounds,UK,UK,Cheque,0,,0,LOW,,
2010,2026-05-07 13:58:27,3709430533,8223450970,5091.74,UK pounds,UK pounds,UK,UK,ACH,1,Structuring/Smurfing,40,MEDIUM,Smurfing,"Smurfing: account '3709430533' made 10 transactions totalling 76,172.69 within 24h (each below 9,999.00 threshold)"
2011,2026-05-07 13:58:28,6086421020,8140432476,7768.74,UK pounds,UK pounds,UK,UK,ACH,1,Structuring/Smurfing,40,MEDIUM,Smurfing,"Smurfing: account '6086421020' made 17 transactions totalling 122,120.60 within 24h (each below 9,999.00 threshold)"
2012,2026-05-07 13:58:28,1304411851,5708936901,10434.93,UK pounds,UK pounds,UK,UK,Cheque,0,Large-Cash-Transaction,25,LOW,LargeTransaction,"Transaction amount 10,434.93 UK pounds exceeds threshold of 8,000.00"
2013,2026-05-07 13:58:29,2595670415,6223365730,14850.51,UK pounds,UK pounds,UK,UK,ACH,0,Large-Cash-Transaction,25,LOW,LargeTransaction,"Transaction amount 14,850.51 UK pounds exceeds threshold of 8,000.00"
2014,2026-05-07 13:58:31,3465671884,6034997194,5889.17,UK pounds,UK pounds,UK,UK,ACH,1,Structuring/Smurfing,40,MEDIUM,Smurfing,"Smurfing: account '3465671884' made 3 transactions totalling 17,550.74 within 24h (each below 9,999.00 threshold)"
2015,2026-05-07 13:58:31,9534729015,8950761727,6926.83,UK pounds,UK pounds,UK,UK,Credit card,1,Structuring/Smurfing,40,MEDIUM,Smurfing,"Smurfing: account '9534729015' made 4 transactions totalling 29,020.28 within 24h (each below 9,999.00 threshold)"
2016,2026-05-07 13:58:31,3709430533,9172843471,5353.14,UK pounds,UK pounds,UK,UK,ACH,1,Structuring/Smurfing,40,MEDIUM,Smurfing,"Smurfing: account '3709430533' made 11 transactions totalling 81,525.83 within 24h (each below 9,999.00 threshold)"
2017,2026-05-07 13:58:34,4480547692,1843451099,3574.02,UK pounds,UK pounds,UK,UK,ACH,0,,0,LOW,,
2018,2026-05-07 13:58:35,5470113126,3661025271,8719.77,Euro,UK pounds,Italy,UK,Cross-border,0,,0,LOW,,
2019,2026-05-07 13:58:37,3790547430,9308047305,404.95,UK pounds,UK pounds,UK,UK,Credit card,0,,0,LOW,,
2020,2026-05-07 13:58:39,4920020885,3532524664,256.08,UK pounds,UK pounds,UK,UK,Cheque,0,,0,LOW,,
2021,2026-05-07 13:58:40,5079114409,6216917084,1792.83,UK pounds,UK pounds,UK,UK,ACH,0,,0,LOW,,
2022,2026-05-07 13:58:41,7774176446,6160604945,6145.06,UK pounds,UK pounds,UK,UK,Credit card,0,,0,LOW,,
2023,2026-05-07 13:58:49,703647888,1431561040,19875.44,UK pounds,UK pounds,UK,UK,Debit card,0,Large-Cash-Transaction,25,LOW,LargeTransaction,"Transaction amount 19,875.44 UK pounds exceeds threshold of 8,000.00"
2024,2026-05-07 13:58:49,5021785800,4135708880,7894.92,UK pounds,UK pounds,UK,UK,Credit card,1,Structuring/Smurfing,40,MEDIUM,Smurfing,"Smurfing: account '5021785800' made 8 transactions totalling 53,360.06 within 24h (each below 9,999.00 threshold)"
2025,2026-05-07 13:58:49,5402012266,4738710363,26979.62,UK pounds,UK pounds,UK,UK,Debit card,0,Large-Cash-Transaction,25,LOW,LargeTransaction,"Transaction amount 26,979.62 UK pounds exceeds threshold of 8,000.00"
2026,2026-05-07 13:58:49,4763305803,8172080174,7525.75,UK pounds,UK pounds,UK,UK,ACH,1,Structuring/Smurfing; Layering,65,HIGH,Smurfing|Layering,"Smurfing: account '4763305803' made 3 transactions totalling 22,445.26 within 24h (each below 9,999.00 threshold); Fan-in: receiver 8172080174 received from 11 distinct senders within 72h (chain amount: 148,970.02, threshold: 10,000.00)"
2027,2026-05-07 13:58:49,3967122805,1493436023,5246.83,UK pounds,UK pounds,UK,UK,Cheque,0,,0,LOW,,
2028,2026-05-07 13:58:51,8854146908,9600420260,5141.39,UK pounds,UK pounds,UK,UK,Debit card,1,Structuring/Smurfing,40,MEDIUM,Smurfing,"Smurfing: account '8854146908' made 3 transactions totalling 15,327.13 within 24h (each below 9,999.00 threshold)"
2029,2026-05-07 13:58:52,2678253709,1818428378,14545.88,UK pounds,US dollar,UK,USA,Cross-border,0,Large-Cash-Transaction,25,LOW,LargeTransaction,"Transaction amount 14,545.88 UK pounds exceeds threshold of 8,000.00"
2030,2026-05-07 13:58:58,2365007895,2166082350,4675.2,UK pounds,UK pounds,UK,UK,Cheque,1,Structuring/Smurfing,40,MEDIUM,Smurfing,"Smurfing: account '2365007895' made 9 transactions totalling 65,061.38 within 24h (each below 9,999.00 threshold)"
2031,2026-05-07 13:59:01,9348189078,1296842778,1450.21,UK pounds,UK pounds,UK,UK,Debit card,0,,0,LOW,,
2032,2026-05-07 13:59:02,8992084779,37955440,113.16,UK pounds,UK pounds,UK,UK,ACH,0,,0,LOW,,
2033,2026-05-07 13:59:03,2824990926,5407690388,4773.0,UK pounds,UK pounds,UK,UK,Debit card,0,,0,LOW,,
2034,2026-05-07 13:59:06,1122741396,6529498875,6691.08,UK pounds,UK pounds,UK,UK,Credit card,0,,0,LOW,,
2035,2026-05-07 13:59:11,9440317379,2091006268,188.22,UK pounds,UK pounds,UK,UK,Credit card,0,,0,LOW,,
2036,2026-05-07 13:59:11,9124475264,7144771565,18.32,UK pounds,UK pounds,UK,UK,Credit card,0,,0,LOW,,
2037,2026-05-07 13:59:12,6726011110,4315686440,1375.24,UK pounds,UK pounds,UK,UK,Credit card,0,,0,LOW,,
2038,2026-05-07 13:59:12,9536387399,4256941663,5423.19,UK pounds,UK pounds,UK,UK,Cheque,0,,0,LOW,,
2039,2026-05-07 13:59:13,7343374794,1362100496,909.42,UK pounds,UK pounds,UK,UK,Credit card,0,,0,LOW,,
2040,2026-05-07 13:59:17,3613219601,3220735304,17405.96,UK pounds,UK pounds,UK,UK,Credit card,0,Large-Cash-Transaction,25,LOW,LargeTransaction,"Transaction amount 17,405.96 UK pounds exceeds threshold of 8,000.00"
2041,2026-05-07 13:59:18,2126388140,5568678767,618.99,UK pounds,UK pounds,UK,UK,Cheque,0,,0,LOW,,
2042,2026-05-07 13:59:18,5444712556,7199625988,9162.53,UK pounds,UK pounds,UK,UK,ACH,0,Large-Cash-Transaction,25,LOW,LargeTransaction,"Transaction amount 9,162.53 UK pounds exceeds threshold of 8,000.00"
2043,2026-05-07 13:59:19,3751230784,8660747923,54496.38,UK pounds,UK pounds,UK,UK,Debit card,0,Large-Cash-Transaction,25,LOW,LargeTransaction,"Transaction amount 54,496.38 UK pounds exceeds threshold of 8,000.00"
2044,2026-05-07 13:59:19,8187481126,7103036993,3197.99,UK pounds,UK pounds,UK,UK,Cash Deposit,0,,0,LOW,,
2045,2026-05-07 13:59:21,3614082527,4917300261,6107.28,UK pounds,UK pounds,UK,UK,ACH,1,Structuring/Smurfing,40,MEDIUM,Smurfing,"Smurfing: account '3614082527' made 10 transactions totalling 74,642.05 within 24h (each below 9,999.00 threshold)"
2046,2026-05-07 13:59:21,538730932,4493314988,2104.07,UK pounds,UK pounds,UK,UK,Debit card,0,,0,LOW,,
2047,2026-05-07 13:59:30,6717960462,5603364902,28684.62,UK pounds,UK pounds,UK,UK,Debit card,0,Large-Cash-Transaction,25,LOW,LargeTransaction,"Transaction amount 28,684.62 UK pounds exceeds threshold of 8,000.00"
2048,2026-05-07 13:59:30,2826317502,4270865741,4870.77,UK pounds,UK pounds,UK,UK,Cheque,1,Structuring/Smurfing,40,MEDIUM,Smurfing,"Smurfing: account '2826317502' made 3 transactions totalling 14,626.67 within 24h (each below 9,999.00 threshold)"
2049,2026-05-07 13:59:30,5066571839,5047612238,117.63,UK pounds,UK pounds,UK,UK,Cash Deposit,0,,0,LOW,,
2050,2026-05-07 13:59:35,9312861244,409707192,24428.86,UK pounds,UK pounds,UK,UK,Cheque,0,Large-Cash-Transaction,25,LOW,LargeTransaction,"Transaction amount 24,428.86 UK pounds exceeds threshold of 8,000.00"
2051,2026-05-07 13:59:36,3923048808,8650919435,1017.32,UK pounds,UK pounds,UK,UK,ACH,0,,0,LOW,,
2052,2026-05-07 13:59:38,4972689673,2542398564,1218.07,UK pounds,UK pounds,UK,UK,Credit card,0,,0,LOW,,
2053,2026-05-07 13:59:41,4077353464,5585446951,124.39,UK pounds,UK pounds,UK,UK,Credit card,0,,0,LOW,,
2054,2026-05-07 13:59:47,1915450576,5162401694,10445.1,UK pounds,UK pounds,UK,UK,Debit card,0,Large-Cash-Transaction,25,LOW,LargeTransaction,"Transaction amount 10,445.10 UK pounds exceeds threshold of 8,000.00"
2055,2026-05-07 13:59:49,2365007895,5042424090,10417.01,UK pounds,UK pounds,UK,UK,ACH,0,Large-Cash-Transaction,25,LOW,LargeTransaction,"Transaction amount 10,417.01 UK pounds exceeds threshold of 8,000.00"
2056,2026-05-07 13:59:51,602348327,6034997194,7382.3,Euro,UK pounds,Spain,UK,Cross-border,0,,0,LOW,,
2057,2026-05-07 13:59:52,675669049,4348868412,7273.12,Swiss franc,UK pounds,UK,UK,Credit card,1,Structuring/Smurfing,40,MEDIUM,Smurfing,"Smurfing: account '675669049' made 6 transactions totalling 41,508.85 within 24h (each below 9,999.00 threshold)"
2058,2026-05-07 13:59:55,9746384104,8292743930,13024.21,UK pounds,UK pounds,UK,UK,Cheque,0,Large-Cash-Transaction,25,LOW,LargeTransaction,"Transaction amount 13,024.21 UK pounds exceeds threshold of 8,000.00"
2059,2026-05-07 13:59:58,9734083970,7428731807,5070.84,UK pounds,Yen,UK,UK,ACH,1,Structuring/Smurfing,40,MEDIUM,Smurfing,"Smurfing: account '9734083970' made 7 transactions totalling 42,460.63 within 24h (each below 9,999.00 threshold)"
2060,2026-05-07 13:59:58,7758268667,3795566341,6219.53,UK pounds,UK pounds,UK,UK,Cheque,1,Structuring/Smurfing,40,MEDIUM,Smurfing,"Smurfing: account '7758268667' made 14 transactions totalling 112,191.93 within 24h (each below 9,999.00 threshold)"
2061,2026-05-07 14:00:01,1491989064,2482957386,26823.5,UK pounds,UK pounds,UK,UK,Debit card,0,Large-Cash-Transaction,25,LOW,LargeTransaction,"Transaction amount 26,823.50 UK pounds exceeds threshold of 8,000.00"
2062,2026-05-07 14:00:02,7630213932,5714240543,631.04,UK pounds,UK pounds,UK,UK,Cash Deposit,0,,0,LOW,,
2063,2026-05-07 14:00:04,2257253852,7146046579,12331.02,UK pounds,UK pounds,UK,UK,Cheque,0,Large-Cash-Transaction,25,LOW,LargeTransaction,"Transaction amount 12,331.02 UK pounds exceeds threshold of 8,000.00"
2064,2026-05-07 14:00:05,7756271379,3559355150,3123.7,UK pounds,UK pounds,UK,UK,Debit card,0,,0,LOW,,
2065,2026-05-07 14:00:06,6465379597,4804843547,9751.37,UK pounds,UK pounds,UK,UK,Cheque,0,Large-Cash-Transaction,25,LOW,LargeTransaction,"Transaction amount 9,751.37 UK pounds exceeds threshold of 8,000.00"
2066,2026-05-07 14:00:06,5354297720,5628674969,8515.56,Mexican Peso,UK pounds,Mexico,UK,Cross-border,0,,0,LOW,,
2067,2026-05-07 14:00:07,4209680242,2415599111,14982.77,UK pounds,UK pounds,UK,UK,Credit card,0,Large-Cash-Transaction,25,LOW,LargeTransaction,"Transaction amount 14,982.77 UK pounds exceeds threshold of 8,000.00"
2068,2026-05-07 14:00:08,3440654296,8172080174,5617.21,UK pounds,UK pounds,UK,UK,Cheque,0,Layering,25,LOW,Layering,"Fan-in: receiver 8172080174 received from 12 distinct senders within 72h (chain amount: 154,587.23, threshold: 10,000.00)"
2069,2026-05-07 14:00:12,8836701826,8663189295,10790.88,UK pounds,Yen,UK,Japan,Cross-border,0,Large-Cash-Transaction,25,LOW,LargeTransaction,"Transaction amount 10,790.88 UK pounds exceeds threshold of 8,000.00"
2070,2026-05-07 14:00:27,5982914936,9386007080,9034.66,UK pounds,UK pounds,UK,UK,ACH,1,Large-Cash-Transaction; Structuring/Smurfing,65,HIGH,LargeTransaction|Smurfing,"Transaction amount 9,034.66 UK pounds exceeds threshold of 8,000.00; Smurfing: account '5982914936' made 8 transactions totalling 70,080.64 within 24h (each below 9,999.00 threshold)"
2071,2026-05-07 14:00:29,5021785800,5064372260,10092.04,UK pounds,UK pounds,UK,UK,Debit card,0,Large-Cash-Transaction,25,LOW,LargeTransaction,"Transaction amount 10,092.04 UK pounds exceeds threshold of 8,000.00"
2072,2026-05-07 14:00:30,2797271466,9268354965,5091.18,UK pounds,UK pounds,UK,UK,Cheque,1,Structuring/Smurfing,40,MEDIUM,Smurfing,"Smurfing: account '2797271466' made 6 transactions totalling 43,165.47 within 24h (each below 9,999.00 threshold)"
2073,2026-05-07 14:00:33,8611925503,8702346756,7990.61,UK pounds,UK pounds,UK,UK,Cheque,0,,0,LOW,,
2074,2026-05-07 14:00:33,4095587231,16066429,21510.6,UK pounds,Euro,UK,Germany,Cross-border,0,Large-Cash-Transaction,25,LOW,LargeTransaction,"Transaction amount 21,510.60 UK pounds exceeds threshold of 8,000.00"
2075,2026-05-07 14:00:35,9541087936,4432690383,7869.28,UK pounds,UK pounds,UK,UK,Cheque,1,Structuring/Smurfing,40,MEDIUM,Smurfing,"Smurfing: account '9541087936' made 3 transactions totalling 24,081.93 within 24h (each below 9,999.00 threshold)"
2076,2026-05-07 14:00:36,3614082527,3099235880,8894.13,UK pounds,UK pounds,UK,UK,Cheque,1,Large-Cash-Transaction; Structuring/Smurfing,65,HIGH,LargeTransaction|Smurfing,"Transaction amount 8,894.13 UK pounds exceeds threshold of 8,000.00; Smurfing: account '3614082527' made 11 transactions totalling 83,536.18 within 24h (each below 9,999.00 threshold)"
2077,2026-05-07 14:00:38,511037666,8678802420,8580.62,UK pounds,UK pounds,UK,UK,Credit card,1,Large-Cash-Transaction; Structuring/Smurfing,65,HIGH,LargeTransaction|Smurfing,"Transaction amount 8,580.62 UK pounds exceeds threshold of 8,000.00; Smurfing: account '511037666' made 3 transactions totalling 25,765.76 within 24h (each below 9,999.00 threshold)"
2078,2026-05-07 14:00:41,4344759414,2138505015,10122.81,UK pounds,Dirham,UK,UAE,Cross-border,0,Large-Cash-Transaction,25,LOW,LargeTransaction,"Transaction amount 10,122.81 UK pounds exceeds threshold of 8,000.00"
2079,2026-05-07 14:00:42,109525315,8518184956,38943.18,UK pounds,UK pounds,UK,UK,Credit card,0,Large-Cash-Transaction,25,LOW,LargeTransaction,"Transaction amount 38,943.18 UK pounds exceeds threshold of 8,000.00"
2080,2026-05-07 14:00:47,4717777592,6006732709,2138.46,UK pounds,UK pounds,UK,UK,ACH,0,,0,LOW,,
2081,2026-05-07 14:00:49,4270545621,6455925177,7601.36,UK pounds,UK pounds,UK,UK,Credit card,0,,0,LOW,,
2082,2026-05-07 14:00:50,3475449069,2421425462,4494.26,UK pounds,UK pounds,UK,UK,Debit card,0,,0,LOW,,
2083,2026-05-07 14:00:51,6086421020,6624920676,6173.86,UK pounds,UK pounds,UK,UK,Credit card,1,Structuring/Smurfing,40,MEDIUM,Smurfing,"Smurfing: account '6086421020' made 18 transactions totalling 128,294.46 within 24h (each below 9,999.00 threshold)"
2084,2026-05-07 14:00:52,9737815066,4293580479,11069.12,UK pounds,UK pounds,UK,UK,ACH,0,Large-Cash-Transaction,25,LOW,LargeTransaction,"Transaction amount 11,069.12 UK pounds exceeds threshold of 8,000.00"
2085,2026-05-07 14:00:54,2576623544,621060264,10659.29,UK pounds,UK pounds,UK,UK,ACH,0,Large-Cash-Transaction,25,LOW,LargeTransaction,"Transaction amount 10,659.29 UK pounds exceeds threshold of 8,000.00"
2086,2026-05-07 14:00:55,5218904199,6646502650,6703.62,UK pounds,Euro,UK,France,Cross-border,0,,0,LOW,,
2087,2026-05-07 14:00:59,4678874499,3220735304,9754.11,UK pounds,UK pounds,UK,UK,Credit card,0,Large-Cash-Transaction,25,LOW,LargeTransaction,"Transaction amount 9,754.11 UK pounds exceeds threshold of 8,000.00"
2088,2026-05-07 14:00:59,2797271466,4528663768,7512.9,UK pounds,UK pounds,UK,UK,Cheque,1,Structuring/Smurfing,40,MEDIUM,Smurfing,"Smurfing: account '2797271466' made 7 transactions totalling 50,678.37 within 24h (each below 9,999.00 threshold)"
2089,2026-05-07 14:01:01,3709430533,8716511495,9576.63,UK pounds,UK pounds,UK,UK,Credit card,1,Large-Cash-Transaction; Structuring/Smurfing,65,HIGH,LargeTransaction|Smurfing,"Transaction amount 9,576.63 UK pounds exceeds threshold of 8,000.00; Smurfing: account '3709430533' made 12 transactions totalling 91,102.46 within 24h (each below 9,999.00 threshold)"
2090,2026-05-07 14:01:02,8456279067,8078722188,10116.87,UK pounds,UK pounds,UK,UK,Cheque,0,Large-Cash-Transaction,25,LOW,LargeTransaction,"Transaction amount 10,116.87 UK pounds exceeds threshold of 8,000.00"
2091,2026-05-07 14:01:02,1088200294,191156838,1582.58,UK pounds,UK pounds,UK,UK,Cash Deposit,0,,0,LOW,,
2092,2026-05-07 14:01:10,7060433286,7160736915,5070.88,UK pounds,UK pounds,UK,UK,Credit card,0,,0,LOW,,
2093,2026-05-07 14:01:12,400579639,6744500013,106.17,UK pounds,UK pounds,UK,UK,Credit card,0,,0,LOW,,
2094,2026-05-07 14:01:12,5297253641,8330529899,2225.84,UK pounds,UK pounds,UK,UK,Debit card,0,,0,LOW,,
2095,2026-05-07 14:01:13,4143453021,180359752,13457.48,UK pounds,UK pounds,UK,UK,Debit card,0,Large-Cash-Transaction,25,LOW,LargeTransaction,"Transaction amount 13,457.48 UK pounds exceeds threshold of 8,000.00"
2096,2026-05-07 14:01:14,2837695520,4878978810,698.55,UK pounds,UK pounds,UK,UK,Debit card,0,,0,LOW,,
2097,2026-05-07 14:01:17,9254992785,6661043129,7579.78,UK pounds,UK pounds,UK,UK,Cheque,0,,0,LOW,,
2098,2026-05-07 14:01:20,3894781714,8172080174,5485.38,UK pounds,UK pounds,UK,UK,ACH,1,Structuring/Smurfing; Layering,65,HIGH,Smurfing|Layering,"Smurfing: account '3894781714' made 4 transactions totalling 21,898.55 within 24h (each below 9,999.00 threshold); Fan-in: receiver 8172080174 received from 12 distinct senders within 72h (chain amount: 160,072.61, threshold: 10,000.00)"
2099,2026-05-07 14:01:29,7021336271,8518184956,5030.46,UK pounds,UK pounds,UK,UK,ACH,1,Structuring/Smurfing,40,MEDIUM,Smurfing,"Smurfing: account '7021336271' made 3 transactions totalling 15,059.12 within 24h (each below 9,999.00 threshold)"
2100,2026-05-07 14:01:30,6086421020,1253036863,23614.83,UK pounds,Mexican Peso,UK,Mexico,Cross-border,0,Large-Cash-Transaction,25,LOW,LargeTransaction,"Transaction amount 23,614.83 UK pounds exceeds threshold of 8,000.00"
2101,2026-05-07 14:01:34,3864734019,3348723692,1569.04,UK pounds,UK pounds,UK,UK,ACH,0,,0,LOW,,
2102,2026-05-07 14:01:36,1298071427,645183952,6876.28,UK pounds,UK pounds,UK,UK,Cheque,0,,0,LOW,,
2103,2026-05-07 14:01:40,1973127846,3138327572,141.7,Mexican Peso,UK pounds,UK,UK,ACH,0,,0,LOW,,
2104,2026-05-07 14:01:40,9734650784,5047593235,1847.19,UK pounds,UK pounds,UK,UK,ACH,0,,0,LOW,,
2105,2026-05-07 14:01:42,4568481423,6589378502,14138.2,UK pounds,UK pounds,UK,UK,Debit card,0,Large-Cash-Transaction,25,LOW,LargeTransaction,"Transaction amount 14,138.20 UK pounds exceeds threshold of 8,000.00"
2106,2026-05-07 14:01:45,4090925094,3851067952,254.01,UK pounds,UK pounds,UK,UK,Debit card,0,,0,LOW,,
2107,2026-05-07 14:01:49,1670948762,6444220418,17774.01,UK pounds,UK pounds,UK,UK,Credit card,0,Large-Cash-Transaction,25,LOW,LargeTransaction,"Transaction amount 17,774.01 UK pounds exceeds threshold of 8,000.00"
2108,2026-05-07 14:01:49,2365007895,8015553278,6874.29,UK pounds,UK pounds,UK,UK,Credit card,1,Structuring/Smurfing,40,MEDIUM,Smurfing,"Smurfing: account '2365007895' made 10 transactions totalling 71,935.67 within 24h (each below 9,999.00 threshold)"
2109,2026-05-07 14:01:51,2869450762,2193040503,1438.11,UK pounds,Euro,UK,Germany,Cross-border,0,,0,LOW,,
2110,2026-05-07 14:01:53,2972193348,5103043844,6470.34,UK pounds,Naira,UK,Nigeria,Cross-border,1,Structuring/Smurfing,40,MEDIUM,Smurfing,"Smurfing: account '2972193348' made 3 transactions totalling 19,354.72 within 24h (each below 9,999.00 threshold)"
2111,2026-05-07 14:01:57,582717708,7892884492,17940.19,UK pounds,US dollar,UK,USA,Cross-border,0,Large-Cash-Transaction,25,LOW,LargeTransaction,"Transaction amount 17,940.19 UK pounds exceeds threshold of 8,000.00"
2112,2026-05-07 14:01:59,7617315686,9142843211,1622.23,UK pounds,UK pounds,UK,UK,Credit card,0,,0,LOW,,
2113,2026-05-07 14:02:01,6127879172,7602270505,694.09,UK pounds,UK pounds,UK,UK,ACH,0,,0,LOW,,
2114,2026-05-07 14:02:01,7012967496,6855935396,5484.57,UK pounds,UK pounds,UK,UK,Cheque,0,,0,LOW,,
2115,2026-05-07 14:02:02,3411753947,4539623506,874.88,UK pounds,UK pounds,UK,UK,Credit card,0,,0,LOW,,
2116,2026-05-07 14:02:03,2671456948,8673917867,9594.74,UK pounds,UK pounds,UK,UK,ACH,1,Large-Cash-Transaction; Structuring/Smurfing; Layering,90,CRITICAL,LargeTransaction|Smurfing|Layering,"Transaction amount 9,594.74 UK pounds exceeds threshold of 8,000.00; Smurfing: account '2671456948' made 3 transactions totalling 28,714.22 within 24h (each below 9,999.00 threshold); Fan-in: receiver 8673917867 received from 6 distinct senders within 72h (chain amount: 68,233.05, threshold: 10,000.00)"
2117,2026-05-07 14:02:04,924968370,5973346465,3469.4,UK pounds,UK pounds,UK,UK,ACH,0,,0,LOW,,
2118,2026-05-07 14:02:10,7421451752,6790400322,11905.34,UK pounds,UK pounds,UK,UK,Cheque,0,Large-Cash-Transaction,25,LOW,LargeTransaction,"Transaction amount 11,905.34 UK pounds exceeds threshold of 8,000.00"
2119,2026-05-07 14:02:11,9807807108,4515093207,1583.64,UK pounds,UK pounds,UK,UK,Cash Deposit,0,,0,LOW,,
2120,2026-05-07 14:02:11,5313080705,5807056513,2440.89,UK pounds,UK pounds,UK,UK,Cash Deposit,0,,0,LOW,,
2121,2026-05-07 14:02:11,3846724104,3066321263,7500.66,UK pounds,UK pounds,UK,UK,Debit card,0,,0,LOW,,
2122,2026-05-07 14:02:13,4103180751,8737110627,1550.36,UK pounds,UK pounds,UK,UK,Cheque,0,,0,LOW,,
2123,2026-05-07 14:02:17,4353995266,6646502650,5173.4,UK pounds,Euro,UK,France,Cross-border,1,Structuring/Smurfing,40,MEDIUM,Smurfing,"Smurfing: account '4353995266' made 3 transactions totalling 15,486.38 within 24h (each below 9,999.00 threshold)"
2124,2026-05-07 14:02:18,4525246031,3155222347,251.49,UK pounds,UK pounds,UK,UK,Debit card,0,,0,LOW,,
2125,2026-05-07 14:02:22,7293565263,2499071595,446.21,UK pounds,UK pounds,UK,UK,Cash Deposit,0,,0,LOW,,
2126,2026-05-07 14:02:24,9746384104,6973117783,4609.86,UK pounds,Mexican Peso,UK,Mexico,Cross-border,1,Structuring/Smurfing,40,MEDIUM,Smurfing,"Smurfing: account '9746384104' made 5 transactions totalling 26,484.27 within 24h (each below 9,999.00 threshold)"
2127,2026-05-07 14:02:24,3050015080,3706844167,58.62,UK pounds,UK pounds,UK,UK,Cash Withdrawal,0,,0,LOW,,
2128,2026-05-07 14:02:27,6116657264,1509953998,7895.03,UK pounds,UK pounds,UK,UK,Credit card,1,Structuring/Smurfing,40,MEDIUM,Smurfing,"Smurfing: account '6116657264' made 11 transactions totalling 66,179.98 within 24h (each below 9,999.00 threshold)"
2129,2026-05-07 14:02:32,4330799930,3633153404,375.04,UK pounds,UK pounds,UK,UK,ACH,0,,0,LOW,,
2130,2026-05-07 14:02:37,4473647189,7892884492,11933.54,UK pounds,US dollar,UK,USA,Cross-border,0,Large-Cash-Transaction,25,LOW,LargeTransaction,"Transaction amount 11,933.54 UK pounds exceeds threshold of 8,000.00"
2131,2026-05-07 14:02:38,1088949328,6444220418,4741.24,UK pounds,UK pounds,UK,UK,Debit card,1,Structuring/Smurfing,40,MEDIUM,Smurfing,"Smurfing: account '1088949328' made 3 transactions totalling 14,320.10 within 24h (each below 9,999.00 threshold)"
2132,2026-05-07 14:02:40,136050916,2534644942,5953.78,UK pounds,Euro,UK,France,Cross-border,0,,0,LOW,,
2133,2026-05-07 14:02:43,4136537011,1194128142,15606.0,UK pounds,UK pounds,UK,UK,Debit card,0,Large-Cash-Transaction,25,LOW,LargeTransaction,"Transaction amount 15,606.00 UK pounds exceeds threshold of 8,000.00"
2134,2026-05-07 14:02:43,1706196950,3695545812,4874.06,UK pounds,UK pounds,UK,UK,ACH,1,Structuring/Smurfing,40,MEDIUM,Smurfing,"Smurfing: account '1706196950' made 3 transactions totalling 14,665.04 within 24h (each below 9,999.00 threshold)"
2135,2026-05-07 14:02:45,7168988566,9789578277,423.67,UK pounds,UK pounds,UK,UK,Debit card,0,,0,LOW,,
2136,2026-05-07 14:02:50,1526403963,1086374823,31667.49,UK pounds,UK pounds,UK,UK,ACH,0,Large-Cash-Transaction,25,LOW,LargeTransaction,"Transaction amount 31,667.49 UK pounds exceeds threshold of 8,000.00"
2137,2026-05-07 14:02:51,2972193348,5103043844,6468.39,UK pounds,Naira,UK,Nigeria,Cross-border,1,Structuring/Smurfing,40,MEDIUM,Smurfing,"Smurfing: account '2972193348' made 4 transactions totalling 25,823.11 within 24h (each below 9,999.00 threshold)"
2138,2026-05-07 14:02:53,5141977196,632062521,11800.1,UK pounds,UK pounds,UK,UK,ACH,0,Large-Cash-Transaction,25,LOW,LargeTransaction,"Transaction amount 11,800.10 UK pounds exceeds threshold of 8,000.00"
2139,2026-05-07 14:02:55,9124494911,9438894739,4167.91,Albanian lek,UK pounds,UK,UK,Cash Deposit,0,,0,LOW,,
2140,2026-05-07 14:02:56,6370368761,6065166589,202.93,UK pounds,UK pounds,UK,UK,Cheque,0,,0,LOW,,
2141,2026-05-07 14:02:58,9534729015,7689295746,5356.5,UK pounds,UK pounds,UK,UK,Cheque,1,Structuring/Smurfing,40,MEDIUM,Smurfing,"Smurfing: account '9534729015' made 5 transactions totalling 34,376.78 within 24h (each below 9,999.00 threshold)"
2142,2026-05-07 14:03:03,1915450576,2877524268,6338.63,UK pounds,UK pounds,UK,UK,Credit card,1,Structuring/Smurfing,40,MEDIUM,Smurfing,"Smurfing: account '1915450576' made 13 transactions totalling 79,139.62 within 24h (each below 9,999.00 threshold)"
2143,2026-05-07 14:03:04,7669236826,4294761058,7368.88,UK pounds,Euro,UK,Austria,Cross-border,1,Structuring/Smurfing,40,MEDIUM,Smurfing,"Smurfing: account '7669236826' made 11 transactions totalling 85,846.14 within 24h (each below 9,999.00 threshold)"
2144,2026-05-07 14:03:10,1483277195,4320287485,9418.91,UK pounds,UK pounds,UK,UK,Debit card,0,Large-Cash-Transaction,25,LOW,LargeTransaction,"Transaction amount 9,418.91 UK pounds exceeds threshold of 8,000.00"
2145,2026-05-07 14:03:15,3571106053,9410909154,934.35,UK pounds,UK pounds,UK,UK,Debit card,0,,0,LOW,,
2146,2026-05-07 14:03:16,4445307770,7892884492,8989.69,UK pounds,US dollar,UK,USA,Cross-border,0,Large-Cash-Transaction,25,LOW,LargeTransaction,"Transaction amount 8,989.69 UK pounds exceeds threshold of 8,000.00"
2147,2026-05-07 14:03:20,3748489503,8827542129,198.01,UK pounds,UK pounds,UK,UK,Debit card,0,,0,LOW,,
2148,2026-05-07 14:03:22,1981026325,5076955556,12550.91,UK pounds,UK pounds,UK,UK,Cheque,0,Large-Cash-Transaction,25,LOW,LargeTransaction,"Transaction amount 12,550.91 UK pounds exceeds threshold of 8,000.00"
2149,2026-05-07 14:03:35,3302018051,187895276,5915.99,UK pounds,UK pounds,UK,UK,Cheque,0,,0,LOW,,
2150,2026-05-07 14:03:36,2745587504,6889441933,3396.1,UK pounds,UK pounds,UK,UK,Cheque,0,,0,LOW,,
2151,2026-05-07 14:03:41,6606910149,3405588224,105.88,UK pounds,UK pounds,UK,UK,Cash Withdrawal,0,,0,LOW,,
2152,2026-05-07 14:03:42,843888715,9562186135,1765.45,UK pounds,UK pounds,UK,UK,Debit card,0,,0,LOW,,
2153,2026-05-07 14:03:42,1597507543,7800597966,45.95,UK pounds,UK pounds,UK,UK,Cash Withdrawal,0,,0,LOW,,
2154,2026-05-07 14:03:44,5648718332,6444220418,11323.68,UK pounds,UK pounds,UK,UK,ACH,0,Large-Cash-Transaction,25,LOW,LargeTransaction,"Transaction amount 11,323.68 UK pounds exceeds threshold of 8,000.00"
2155,2026-05-07 14:03:47,5894860557,2077414252,504724.12,UK pounds,UK pounds,UK,UK,ACH,0,Large-Cash-Transaction,25,LOW,LargeTransaction,"Transaction amount 504,724.12 UK pounds exceeds threshold of 8,000.00"
2156,2026-05-07 14:03:48,6401579612,8678802420,10609.65,UK pounds,UK pounds,UK,UK,Cheque,0,Large-Cash-Transaction,25,LOW,LargeTransaction,"Transaction amount 10,609.65 UK pounds exceeds threshold of 8,000.00"
2157,2026-05-07 14:03:49,5084461027,6953672776,9485.83,UK pounds,Mexican Peso,UK,Mexico,Cross-border,0,Large-Cash-Transaction,25,LOW,LargeTransaction,"Transaction amount 9,485.83 UK pounds exceeds threshold of 8,000.00"
2158,2026-05-07 14:03:50,2218014074,991108020,13551.36,UK pounds,UK pounds,UK,UK,Debit card,0,Large-Cash-Transaction,25,LOW,LargeTransaction,"Transaction amount 13,551.36 UK pounds exceeds threshold of 8,000.00"
2159,2026-05-07 14:03:54,5628974687,2803251649,67530.48,UK pounds,UK pounds,UK,UK,Credit card,0,Large-Cash-Transaction,25,LOW,LargeTransaction,"Transaction amount 67,530.48 UK pounds exceeds threshold of 8,000.00"
2160,2026-05-07 14:03:55,4991853308,6432729715,1111.28,UK pounds,UK pounds,UK,UK,ACH,0,,0,LOW,,
2161,2026-05-07 14:03:56,9588577727,3220735304,8007.9,UK pounds,UK pounds,UK,UK,Debit card,0,Large-Cash-Transaction,25,LOW,LargeTransaction,"Transaction amount 8,007.90 UK pounds exceeds threshold of 8,000.00"
2162,2026-05-07 14:03:56,6303992479,5628674969,13251.88,UK pounds,UK pounds,UK,UK,ACH,0,Large-Cash-Transaction,25,LOW,LargeTransaction,"Transaction amount 13,251.88 UK pounds exceeds threshold of 8,000.00"
2163,2026-05-07 14:03:57,6210735085,7013165944,2942.78,UK pounds,UK pounds,UK,UK,ACH,0,,0,LOW,,
2164,2026-05-07 14:03:58,3345960944,4123069329,6489.11,UK pounds,UK pounds,UK,UK,Credit card,0,,0,LOW,,
2165,2026-05-07 14:04:04,109525315,8518184956,38654.66,UK pounds,UK pounds,UK,UK,Credit card,0,Large-Cash-Transaction,25,LOW,LargeTransaction,"Transaction amount 38,654.66 UK pounds exceeds threshold of 8,000.00"
2166,2026-05-07 14:04:04,9757832519,4418575196,1587.65,UK pounds,UK pounds,UK,UK,Debit card,0,,0,LOW,,
2167,2026-05-07 14:04:05,8456279067,2341493832,7897.54,UK pounds,UK pounds,UK,UK,Credit card,1,Structuring/Smurfing,40,MEDIUM,Smurfing,"Smurfing: account '8456279067' made 12 transactions totalling 85,676.58 within 24h (each below 9,999.00 threshold)"
2168,2026-05-07 14:04:05,9767764025,6527493202,1497.05,UK pounds,UK pounds,UK,UK,Debit card,0,,0,LOW,,
2169,2026-05-07 14:04:07,7501327339,8562263055,6233.46,UK pounds,UK pounds,UK,UK,ACH,1,Structuring/Smurfing,40,MEDIUM,Smurfing,"Smurfing: account '7501327339' made 13 transactions totalling 93,638.86 within 24h (each below 9,999.00 threshold)"
2170,2026-05-07 14:04:09,2797271466,9982628328,7273.87,UK pounds,UK pounds,UK,UK,Credit card,1,Structuring/Smurfing,40,MEDIUM,Smurfing,"Smurfing: account '2797271466' made 8 transactions totalling 57,952.24 within 24h (each below 9,999.00 threshold)"
2171,2026-05-07 14:04:10,2293047645,7673088391,329.58,Naira,UK pounds,Nigeria,UK,Cross-border,0,,0,LOW,,
2172,2026-05-07 14:04:13,8987160101,7611020824,359.92,UK pounds,UK pounds,UK,UK,Debit card,0,,0,LOW,,
2173,2026-05-07 14:04:14,1216395576,8153976306,1497.61,UK pounds,UK pounds,UK,UK,Cheque,0,,0,LOW,,
2174,2026-05-07 14:04:15,5263982631,7080357663,27442.6,Yen,UK pounds,Japan,UK,Cross-border,0,Large-Cash-Transaction,25,LOW,LargeTransaction,"Transaction amount 27,442.60 Yen exceeds threshold of 10,000.00"
2175,2026-05-07 14:04:18,60640744,5341008723,1590.5,UK pounds,UK pounds,UK,UK,Cash Deposit,0,,0,LOW,,
2176,2026-05-07 14:04:25,7669236826,9544469020,7287.7,UK pounds,UK pounds,UK,UK,Cheque,1,Structuring/Smurfing,40,MEDIUM,Smurfing,"Smurfing: account '7669236826' made 12 transactions totalling 93,133.84 within 24h (each below 9,999.00 threshold)"
2177,2026-05-07 14:04:25,4463649252,5011895286,6564.96,UK pounds,UK pounds,UK,UK,Credit card,0,,0,LOW,,
2178,2026-05-07 14:04:27,5489618609,2387281294,2044.99,UK pounds,UK pounds,UK,UK,Cheque,0,,0,LOW,,
2179,2026-05-07 14:04:27,8203229522,7963107269,8594.81,UK pounds,UK pounds,UK,UK,Debit card,1,Large-Cash-Transaction; Structuring/Smurfing,65,HIGH,LargeTransaction|Smurfing,"Transaction amount 8,594.81 UK pounds exceeds threshold of 8,000.00; Smurfing: account '8203229522' made 7 transactions totalling 42,347.57 within 24h (each below 9,999.00 threshold)"
2180,2026-05-07 14:04:28,1239577273,4336977506,7970.29,UK pounds,UK pounds,UK,UK,ACH,0,,0,LOW,,
2181,2026-05-07 14:04:29,7920064384,9132886451,471.54,UK pounds,UK pounds,UK,UK,Credit card,0,,0,LOW,,
2182,2026-05-07 14:04:29,2365007895,5042424090,10589.05,UK pounds,UK pounds,UK,UK,ACH,0,Large-Cash-Transaction,25,LOW,LargeTransaction,"Transaction amount 10,589.05 UK pounds exceeds threshold of 8,000.00"
2183,2026-05-07 14:04:31,7758268667,7778416970,7235.67,UK pounds,UK pounds,UK,UK,Debit card,1,Structuring/Smurfing,40,MEDIUM,Smurfing,"Smurfing: account '7758268667' made 15 transactions totalling 119,427.60 within 24h (each below 9,999.00 threshold)"
2184,2026-05-07 14:04:33,677914604,9165128551,1510.11,UK pounds,UK pounds,UK,UK,Credit card,0,,0,LOW,,
2185,2026-05-07 14:04:34,5982914936,6615626527,22088.25,UK pounds,UK pounds,UK,UK,Debit card,0,Large-Cash-Transaction,25,LOW,LargeTransaction,"Transaction amount 22,088.25 UK pounds exceeds threshold of 8,000.00"
2186,2026-05-07 14:04:37,5183637991,1660853759,946.06,UK pounds,UK pounds,UK,UK,Credit card,0,,0,LOW,,
2187,2026-05-07 14:04:40,806476926,1377603863,14017.46,UK pounds,UK pounds,UK,UK,Cheque,0,Large-Cash-Transaction,25,LOW,LargeTransaction,"Transaction amount 14,017.46 UK pounds exceeds threshold of 8,000.00"
2188,2026-05-07 14:04:44,3266580283,7273696755,3404.14,UK pounds,UK pounds,UK,UK,Cheque,0,,0,LOW,,
2189,2026-05-07 14:04:51,5545052233,8499690329,166.38,UK pounds,UK pounds,UK,UK,Cash Withdrawal,0,,0,LOW,,
2190,2026-05-07 14:04:51,4859639903,5814282290,453.13,UK pounds,UK pounds,UK,UK,Credit card,0,,0,LOW,,
2191,2026-05-07 14:04:53,5184963234,1277775819,1144.59,UK pounds,UK pounds,UK,UK,Debit card,0,,0,LOW,,
2192,2026-05-07 14:04:55,2655552102,5628674969,14582.09,UK pounds,UK pounds,UK,UK,Debit card,0,Large-Cash-Transaction,25,LOW,LargeTransaction,"Transaction amount 14,582.09 UK pounds exceeds threshold of 8,000.00"
2193,2026-05-07 14:04:57,5742417996,4234027508,7943.36,UK pounds,UK pounds,UK,UK,ACH,0,,0,LOW,,
2194,2026-05-07 14:05:00,9599009457,8402697545,12859.33,UK pounds,UK pounds,UK,UK,Debit card,0,Large-Cash-Transaction,25,LOW,LargeTransaction,"Transaction amount 12,859.33 UK pounds exceeds threshold of 8,000.00"
2195,2026-05-07 14:05:02,3452368468,8619713223,14199.79,UK pounds,UK pounds,UK,UK,Cheque,0,Large-Cash-Transaction,25,LOW,LargeTransaction,"Transaction amount 14,199.79 UK pounds exceeds threshold of 8,000.00"
2196,2026-05-07 14:05:04,5544372349,621060264,12189.07,UK pounds,UK pounds,UK,UK,Credit card,0,Large-Cash-Transaction,25,LOW,LargeTransaction,"Transaction amount 12,189.07 UK pounds exceeds threshold of 8,000.00"
2197,2026-05-07 14:05:04,4111999698,5508616860,1541.5,UK pounds,UK pounds,UK,UK,Credit card,0,,0,LOW,,
2198,2026-05-07 14:05:04,304952273,5575967113,2788.32,UK pounds,UK pounds,UK,UK,Credit card,0,,0,LOW,,
2199,2026-05-07 14:05:08,7036019108,5858369125,6851.86,UK pounds,UK pounds,UK,UK,ACH,0,,0,LOW,,
2200,2026-05-07 14:05:08,1996835505,7328937805,9936.3,UK pounds,UK pounds,UK,UK,Cheque,0,Large-Cash-Transaction,25,LOW,LargeTransaction,"Transaction amount 9,936.30 UK pounds exceeds threshold of 8,000.00"
2201,2026-05-07 14:05:09,3205409503,7779709330,3925.89,US dollar,UK pounds,USA,UK,Cross-border,0,,0,LOW,,
2202,2026-05-07 14:05:10,3952347143,7892884492,8737.95,UK pounds,US dollar,UK,USA,Cross-border,1,Large-Cash-Transaction; Structuring/Smurfing,65,HIGH,LargeTransaction|Smurfing,"Transaction amount 8,737.95 UK pounds exceeds threshold of 8,000.00; Smurfing: account '3952347143' made 3 transactions totalling 26,344.12 within 24h (each below 9,999.00 threshold)"
2203,2026-05-07 14:05:11,1365245330,9640187662,444.78,UK pounds,UK pounds,UK,UK,Debit card,0,,0,LOW,,
2204,2026-05-07 14:05:11,7935557854,4896624094,2173.51,UK pounds,Euro,UK,Germany,Cross-border,0,,0,LOW,,
2205,2026-05-07 14:05:12,4788148990,8136641177,1317.41,UK pounds,UK pounds,UK,UK,Cheque,0,,0,LOW,,
2206,2026-05-07 14:05:12,8441492491,7947587583,4412.52,UK pounds,UK pounds,UK,UK,Debit card,0,,0,LOW,,
2207,2026-05-07 14:05:12,6354136969,7080357663,19797.92,UK pounds,UK pounds,UK,UK,Cheque,0,Large-Cash-Transaction,25,LOW,LargeTransaction,"Transaction amount 19,797.92 UK pounds exceeds threshold of 8,000.00"
2208,2026-05-07 14:05:15,1615142471,6034997194,5756.45,Albanian lek,UK pounds,Albania,UK,Cross-border,1,Structuring/Smurfing,40,MEDIUM,Smurfing,"Smurfing: account '1615142471' made 4 transactions totalling 23,052.97 within 24h (each below 9,999.00 threshold)"
2209,2026-05-07 14:05:17,2790502538,1832375861,9341.12,UK pounds,UK pounds,UK,UK,Debit card,0,Large-Cash-Transaction,25,LOW,LargeTransaction,"Transaction amount 9,341.12 UK pounds exceeds threshold of 8,000.00"
2210,2026-05-07 14:05:18,3140372565,663212034,2315.38,UK pounds,UK pounds,UK,UK,ACH,0,,0,LOW,,
2211,2026-05-07 14:05:24,3144426548,818830460,773.97,UK pounds,UK pounds,UK,UK,Debit card,0,,0,LOW,,
2212,2026-05-07 14:05:28,778474018,6034997194,15628.47,UK pounds,UK pounds,UK,UK,Cheque,0,Large-Cash-Transaction,25,LOW,LargeTransaction,"Transaction amount 15,628.47 UK pounds exceeds threshold of 8,000.00"
2213,2026-05-07 14:05:35,158969641,5073968918,2698.91,UK pounds,UK pounds,UK,UK,Debit card,0,,0,LOW,,
2214,2026-05-07 14:05:35,1424693007,6559860014,2521.63,UK pounds,UK pounds,UK,UK,Cheque,0,Fan-Out/Money-Mule,20,LOW,RapidMovement,RapidMovement: part of rapid fund re-dispatch from account '1424693007'
2215,2026-05-07 14:05:38,5019961553,5466123934,8444.59,UK pounds,UK pounds,UK,UK,Credit card,0,Large-Cash-Transaction,25,LOW,LargeTransaction,"Transaction amount 8,444.59 UK pounds exceeds threshold of 8,000.00"
2216,2026-05-07 14:05:48,3711017685,5896180453,11010.62,UK pounds,UK pounds,UK,UK,Cheque,0,Large-Cash-Transaction,25,LOW,LargeTransaction,"Transaction amount 11,010.62 UK pounds exceeds threshold of 8,000.00"
2217,2026-05-07 14:05:49,3510078932,8841984234,8137.56,UK pounds,UK pounds,UK,UK,Credit card,1,Large-Cash-Transaction; Structuring/Smurfing,65,HIGH,LargeTransaction|Smurfing,"Transaction amount 8,137.56 UK pounds exceeds threshold of 8,000.00; Smurfing: account '3510078932' made 11 transactions totalling 67,375.14 within 24h (each below 9,999.00 threshold)"
2218,2026-05-07 14:05:49,2797271466,5633100295,8696.25,UK pounds,UK pounds,UK,UK,Debit card,1,Large-Cash-Transaction; Structuring/Smurfing,65,HIGH,LargeTransaction|Smurfing,"Transaction amount 8,696.25 UK pounds exceeds threshold of 8,000.00; Smurfing: account '2797271466' made 9 transactions totalling 66,648.49 within 24h (each below 9,999.00 threshold)"
2219,2026-05-07 14:05:50,3614082527,7050565101,12472.17,UK pounds,UK pounds,UK,UK,Credit card,0,Large-Cash-Transaction,25,LOW,LargeTransaction,"Transaction amount 12,472.17 UK pounds exceeds threshold of 8,000.00"
2220,2026-05-07 14:05:50,7421451752,2376022691,4802.72,UK pounds,UK pounds,UK,UK,Credit card,1,Structuring/Smurfing,40,MEDIUM,Smurfing,"Smurfing: account '7421451752' made 10 transactions totalling 58,178.92 within 24h (each below 9,999.00 threshold)"
2221,2026-05-07 14:05:51,7501327339,1073749339,15818.8,UK pounds,UK pounds,UK,UK,Cheque,0,Large-Cash-Transaction,25,LOW,LargeTransaction,"Transaction amount 15,818.80 UK pounds exceeds threshold of 8,000.00"
2222,2026-05-07 14:05:58,144148532,6770825970,19176.88,UK pounds,UK pounds,UK,UK,Credit card,0,Large-Cash-Transaction,25,LOW,LargeTransaction,"Transaction amount 19,176.88 UK pounds exceeds threshold of 8,000.00"
2223,2026-05-07 14:06:05,4855546080,9113167064,15360.93,UK pounds,UK pounds,UK,UK,ACH,0,Large-Cash-Transaction,25,LOW,LargeTransaction,"Transaction amount 15,360.93 UK pounds exceeds threshold of 8,000.00"
2224,2026-05-07 14:06:07,1551228889,9105769228,5932.0,UK pounds,UK pounds,UK,UK,Cheque,1,Structuring/Smurfing,40,MEDIUM,Smurfing,"Smurfing: account '1551228889' made 3 transactions totalling 17,776.19 within 24h (each below 9,999.00 threshold)"
2225,2026-05-07 14:06:08,9147775163,9516378543,81.51,UK pounds,UK pounds,UK,UK,Cash Withdrawal,0,,0,LOW,,
2226,2026-05-07 14:06:14,3661955783,1899499788,42541.03,UK pounds,UK pounds,UK,UK,Cheque,0,Large-Cash-Transaction,25,LOW,LargeTransaction,"Transaction amount 42,541.03 UK pounds exceeds threshold of 8,000.00"
2227,2026-05-07 14:06:21,9296204139,8494600637,6059.16,UK pounds,UK pounds,UK,UK,ACH,0,Fan-Out/Money-Mule,20,LOW,RapidMovement,"RapidMovement: account '8494600637' received 6,059.16 then re-sent 5,538.37 (91.4%) within 24h"
2228,2026-05-07 14:06:27,8407702990,1320927231,11107.99,UK pounds,UK pounds,UK,UK,Cheque,0,Large-Cash-Transaction,25,LOW,LargeTransaction,"Transaction amount 11,107.99 UK pounds exceeds threshold of 8,000.00"
2229,2026-05-07 14:06:27,6541552727,8678069851,4818.6,UK pounds,UK pounds,UK,UK,ACH,1,Structuring/Smurfing,40,MEDIUM,Smurfing,"Smurfing: account '6541552727' made 10 transactions totalling 68,162.80 within 24h (each below 9,999.00 threshold)"
2230,2026-05-07 14:06:28,2365007895,5866348729,16061.94,UK pounds,UK pounds,UK,UK,Credit card,0,Large-Cash-Transaction,25,LOW,LargeTransaction,"Transaction amount 16,061.94 UK pounds exceeds threshold of 8,000.00"
2231,2026-05-07 14:06:30,6909330077,3207496098,652.43,UK pounds,UK pounds,UK,UK,Debit card,0,,0,LOW,,
2232,2026-05-07 14:06:31,1708796825,4593519952,1113.65,UK pounds,UK pounds,UK,UK,Debit card,0,,0,LOW,,
2233,2026-05-07 14:06:32,4119450931,2177761081,646.69,UK pounds,UK pounds,UK,UK,Cash Deposit,0,,0,LOW,,
2234,2026-05-07 14:06:38,3709430533,1421203789,7962.04,UK pounds,UK pounds,UK,UK,Debit card,1,Structuring/Smurfing,40,MEDIUM,Smurfing,"Smurfing: account '3709430533' made 13 transactions totalling 99,064.50 within 24h (each below 9,999.00 threshold)"
2235,2026-05-07 14:06:40,8766769999,3958280082,13795.21,UK pounds,UK pounds,UK,UK,Debit card,0,Large-Cash-Transaction,25,LOW,LargeTransaction,"Transaction amount 13,795.21 UK pounds exceeds threshold of 8,000.00"
2236,2026-05-07 14:06:40,7323084173,7080357663,18103.06,UK pounds,UK pounds,UK,UK,ACH,0,Large-Cash-Transaction,25,LOW,LargeTransaction,"Transaction amount 18,103.06 UK pounds exceeds threshold of 8,000.00"
2237,2026-05-07 14:06:43,2365007895,4301159904,5671.45,UK pounds,UK pounds,UK,UK,ACH,1,Structuring/Smurfing,40,MEDIUM,Smurfing,"Smurfing: account '2365007895' made 11 transactions totalling 77,607.12 within 24h (each below 9,999.00 threshold)"
2238,2026-05-07 14:06:47,8533172238,5659528867,232.31,UK pounds,UK pounds,UK,UK,Cheque,0,,0,LOW,,
2239,2026-05-07 14:06:49,3080888596,1951754169,4801.89,UK pounds,UK pounds,UK,UK,ACH,0,,0,LOW,,
2240,2026-05-07 14:06:51,6904668523,9136460589,13924.83,UK pounds,UK pounds,UK,UK,Debit card,0,Large-Cash-Transaction,25,LOW,LargeTransaction,"Transaction amount 13,924.83 UK pounds exceeds threshold of 8,000.00"
2241,2026-05-07 14:06:56,9810891111,9728487540,7978.15,UK pounds,UK pounds,UK,UK,Credit card,0,,0,LOW,,
2242,2026-05-07 14:06:57,4264806366,2056828650,335.0,UK pounds,UK pounds,UK,UK,ACH,0,,0,LOW,,
2243,2026-05-07 14:06:58,3510078932,651572065,9311.51,UK pounds,UK pounds,UK,UK,Credit card,1,Large-Cash-Transaction; Structuring/Smurfing,65,HIGH,LargeTransaction|Smurfing,"Transaction amount 9,311.51 UK pounds exceeds threshold of 8,000.00; Smurfing: account '3510078932' made 12 transactions totalling 76,686.65 within 24h (each below 9,999.00 threshold)"
2244,2026-05-07 14:07:01,8730244405,7080357663,6725.18,UK pounds,UK pounds,UK,UK,Cheque,1,Structuring/Smurfing,40,MEDIUM,Smurfing,"Smurfing: account '8730244405' made 3 transactions totalling 20,133.83 within 24h (each below 9,999.00 threshold)"
2245,2026-05-07 14:07:02,1409868025,5273744242,6634.12,UK pounds,UK pounds,UK,UK,Debit card,0,,0,LOW,,
2246,2026-05-07 14:07:03,7074098867,1122754671,19311.51,UK pounds,UK pounds,UK,UK,Credit card,0,Large-Cash-Transaction,25,LOW,LargeTransaction,"Transaction amount 19,311.51 UK pounds exceeds threshold of 8,000.00"
2247,2026-05-07 14:07:06,2826317502,4270865741,4833.52,UK pounds,UK pounds,UK,UK,Cheque,1,Structuring/Smurfing,40,MEDIUM,Smurfing,"Smurfing: account '2826317502' made 4 transactions totalling 19,460.19 within 24h (each below 9,999.00 threshold)"
2248,2026-05-07 14:07:06,4652896235,7080357663,5836.77,UK pounds,UK pounds,UK,UK,ACH,0,,0,LOW,,
2249,2026-05-07 14:07:07,6660473040,8212818798,8477.17,UK pounds,UK pounds,UK,UK,Debit card,0,Large-Cash-Transaction,25,LOW,LargeTransaction,"Transaction amount 8,477.17 UK pounds exceeds threshold of 8,000.00"
2250,2026-05-07 14:07:09,9450607514,8172080174,6812.95,UK pounds,UK pounds,UK,UK,Debit card,1,Structuring/Smurfing; Layering,65,HIGH,Smurfing|Layering,"Smurfing: account '9450607514' made 3 transactions totalling 20,474.17 within 24h (each below 9,999.00 threshold); Fan-in: receiver 8172080174 received from 13 distinct senders within 72h (chain amount: 166,885.56, threshold: 10,000.00)"
2251,2026-05-07 14:07:11,2072285984,3758422333,4573.51,UK pounds,UK pounds,UK,UK,Credit card,0,,0,LOW,,
2252,2026-05-07 14:07:13,1526487978,6526082094,2368.17,UK pounds,UK pounds,UK,UK,Credit card,0,,0,LOW,,
2253,2026-05-07 14:07:14,9445269520,1218178203,5778.62,UK pounds,UK pounds,UK,UK,Cash Deposit,0,,0,LOW,,
2254,2026-05-07 14:07:15,3709430533,2002969578,6401.51,UK pounds,UK pounds,UK,UK,ACH,1,Structuring/Smurfing,40,MEDIUM,Smurfing,"Smurfing: account '3709430533' made 14 transactions totalling 105,466.01 within 24h (each below 9,999.00 threshold)"
2255,2026-05-07 14:07:16,7240386948,2904327648,357.16,UK pounds,UK pounds,UK,UK,ACH,0,,0,LOW,,
2256,2026-05-07 14:07:17,831298072,3042740013,5080.92,US dollar,UK pounds,UK,UK,ACH,0,,0,LOW,,
2257,2026-05-07 14:07:20,4851909377,1536739631,4791.01,UK pounds,UK pounds,UK,UK,Cash Deposit,0,,0,LOW,,
2258,2026-05-07 14:07:24,8177127544,5363117119,19903.11,UK pounds,Naira,UK,UK,Debit card,0,Large-Cash-Transaction,25,LOW,LargeTransaction,"Transaction amount 19,903.11 UK pounds exceeds threshold of 8,000.00"
2259,2026-05-07 14:07:25,7539982502,2138505015,5069.62,UK pounds,Dirham,UK,UAE,Cross-border,0,,0,LOW,,
2260,2026-05-07 14:07:27,1946099401,845932827,1366.08,UK pounds,UK pounds,UK,UK,ACH,0,,0,LOW,,
2261,2026-05-07 14:07:28,5992929221,4741545115,628.29,UK pounds,UK pounds,UK,UK,Credit card,0,,0,LOW,,
2262,2026-05-07 14:07:30,8687407314,1493436023,20748.01,UK pounds,UK pounds,UK,UK,Debit card,0,Large-Cash-Transaction,25,LOW,LargeTransaction,"Transaction amount 20,748.01 UK pounds exceeds threshold of 8,000.00"
2263,2026-05-07 14:07:36,2576623544,621060264,10619.85,UK pounds,UK pounds,UK,UK,Credit card,0,Large-Cash-Transaction,25,LOW,LargeTransaction,"Transaction amount 10,619.85 UK pounds exceeds threshold of 8,000.00"
2264,2026-05-07 14:07:37,3057117609,4173195094,11768.16,UK pounds,UK pounds,UK,UK,Debit card,0,Large-Cash-Transaction,25,LOW,LargeTransaction,"Transaction amount 11,768.16 UK pounds exceeds threshold of 8,000.00"
2265,2026-05-07 14:07:38,3810634422,9600420260,6151.03,UK pounds,UK pounds,UK,UK,Debit card,0,,0,LOW,,
2266,2026-05-07 14:07:42,5345734817,4270865741,7004.66,UK pounds,UK pounds,UK,UK,Debit card,0,,0,LOW,,
2267,2026-05-07 14:07:42,8386202710,9229304564,18867.48,UK pounds,UK pounds,UK,UK,Cheque,0,Large-Cash-Transaction,25,LOW,LargeTransaction,"Transaction amount 18,867.48 UK pounds exceeds threshold of 8,000.00"
2268,2026-05-07 14:07:43,5126390175,8518184956,5799.54,UK pounds,UK pounds,UK,UK,ACH,1,Structuring/Smurfing,40,MEDIUM,Smurfing,"Smurfing: account '5126390175' made 3 transactions totalling 17,319.94 within 24h (each below 9,999.00 threshold)"
2269,2026-05-07 14:07:46,237682274,5109623450,7118.81,UK pounds,UK pounds,UK,UK,Cheque,0,,0,LOW,,
2270,2026-05-07 14:07:48,5316799267,6803235610,993.29,UK pounds,UK pounds,UK,UK,Debit card,0,,0,LOW,,
2271,2026-05-07 14:07:48,1388172926,7928405925,903.43,UK pounds,UK pounds,UK,UK,ACH,0,,0,LOW,,
2272,2026-05-07 14:07:49,1820824817,1936462079,2180.04,UK pounds,UK pounds,UK,UK,Cheque,0,,0,LOW,,
2273,2026-05-07 14:07:52,7789432460,3417067765,9040.65,UK pounds,Moroccan dirham,UK,Morocco,Cross-border,0,Large-Cash-Transaction,25,LOW,LargeTransaction,"Transaction amount 9,040.65 UK pounds exceeds threshold of 8,000.00"
2274,2026-05-07 14:07:55,7239180502,8673917867,7050.22,UK pounds,UK pounds,UK,UK,Cheque,0,Layering,25,LOW,Layering,"Fan-in: receiver 8673917867 received from 6 distinct senders within 72h (chain amount: 75,283.27, threshold: 10,000.00)"
2275,2026-05-07 14:07:57,6401579612,8678802420,10667.59,UK pounds,UK pounds,UK,UK,Credit card,0,Large-Cash-Transaction,25,LOW,LargeTransaction,"Transaction amount 10,667.59 UK pounds exceeds threshold of 8,000.00"
2276,2026-05-07 14:07:57,5363364893,2964607986,7828.16,UK pounds,Euro,UK,France,Cross-border,0,,0,LOW,,
2277,2026-05-07 14:07:58,7759451467,6534409879,2475.81,UK pounds,UK pounds,UK,UK,ACH,0,,0,LOW,,
2278,2026-05-07 14:08:00,1644729543,8160295994,1908.67,UK pounds,UK pounds,UK,UK,Credit card,0,,0,LOW,,
2279,2026-05-07 14:08:04,2446822729,5708936901,5057.09,UK pounds,UK pounds,UK,UK,Debit card,0,,0,LOW,,
2280,2026-05-07 14:08:04,2736859177,7733987506,301.86,UK pounds,UK pounds,UK,UK,Debit card,0,,0,LOW,,
2281,2026-05-07 14:08:11,4121324384,3732455271,9674.27,Euro,UK pounds,Spain,UK,Cross-border,1,Large-Cash-Transaction; Structuring/Smurfing,65,HIGH,LargeTransaction|Smurfing,"Transaction amount 9,674.27 Euro exceeds threshold of 9,000.00; Smurfing: account '4121324384' made 5 transactions totalling 39,861.34 within 24h (each below 9,999.00 threshold)"
2282,2026-05-07 14:08:12,3510078932,2436228903,7116.45,UK pounds,Mexican Peso,UK,Mexico,Cross-border,1,Structuring/Smurfing,40,MEDIUM,Smurfing,"Smurfing: account '3510078932' made 13 transactions totalling 83,803.10 within 24h (each below 9,999.00 threshold)"
2283,2026-05-07 14:08:18,8413340671,2138505015,6726.22,UK pounds,Dirham,UK,UAE,Cross-border,0,,0,LOW,,
2284,2026-05-07 14:08:18,2416180733,8441589829,368.15,UK pounds,UK pounds,UK,UK,Credit card,0,,0,LOW,,
2285,2026-05-07 14:08:22,8952177221,6424463145,12607.29,UK pounds,UK pounds,UK,UK,ACH,0,Large-Cash-Transaction,25,LOW,LargeTransaction,"Transaction amount 12,607.29 UK pounds exceeds threshold of 8,000.00"
2286,2026-05-07 14:08:25,810154078,921857264,1790.47,Pakistani rupee,UK pounds,UK,UK,Cheque,0,,0,LOW,,
2287,2026-05-07 14:08:31,4941016574,5103043844,16078.18,UK pounds,Naira,UK,Nigeria,Cross-border,0,Large-Cash-Transaction,25,LOW,LargeTransaction,"Transaction amount 16,078.18 UK pounds exceeds threshold of 8,000.00"
2288,2026-05-07 14:08:31,2618676189,1947491599,8338.53,UK pounds,UK pounds,UK,UK,ACH,1,Large-Cash-Transaction; Structuring/Smurfing,65,HIGH,LargeTransaction|Smurfing,"Transaction amount 8,338.53 UK pounds exceeds threshold of 8,000.00; Smurfing: account '2618676189' made 3 transactions totalling 14,311.93 within 24h (each below 9,999.00 threshold)"
2289,2026-05-07 14:08:37,8912772142,9393752443,11505.82,UK pounds,UK pounds,UK,UK,Debit card,0,Large-Cash-Transaction,25,LOW,LargeTransaction,"Transaction amount 11,505.82 UK pounds exceeds threshold of 8,000.00"
2290,2026-05-07 14:08:39,4973818872,6720648949,1456.07,UK pounds,UK pounds,UK,UK,Cheque,0,,0,LOW,,
2291,2026-05-07 14:08:39,581778780,5466123934,5303.52,UK pounds,UK pounds,UK,UK,ACH,0,,0,LOW,,
2292,2026-05-07 14:08:43,5321651029,8749215628,19918.62,UK pounds,UK pounds,UK,UK,Debit card,0,Large-Cash-Transaction,25,LOW,LargeTransaction,"Transaction amount 19,918.62 UK pounds exceeds threshold of 8,000.00"
2293,2026-05-07 14:08:45,9734083970,6917865488,13717.89,UK pounds,UK pounds,UK,UK,Cheque,0,Large-Cash-Transaction,25,LOW,LargeTransaction,"Transaction amount 13,717.89 UK pounds exceeds threshold of 8,000.00"
2294,2026-05-07 14:08:45,6057444675,8861171324,10702.18,UK pounds,UK pounds,UK,UK,Debit card,0,Large-Cash-Transaction,25,LOW,LargeTransaction,"Transaction amount 10,702.18 UK pounds exceeds threshold of 8,000.00"
2295,2026-05-07 14:08:46,1065297480,6119591959,32.94,UK pounds,UK pounds,UK,UK,Cash Withdrawal,0,,0,LOW,,
2296,2026-05-07 14:08:53,8523021855,2534644942,13441.18,UK pounds,Euro,UK,France,Cross-border,0,Large-Cash-Transaction,25,LOW,LargeTransaction,"Transaction amount 13,441.18 UK pounds exceeds threshold of 8,000.00"
2297,2026-05-07 14:08:53,6741147793,587855779,3567.93,UK pounds,Dirham,UK,France,Cross-border,0,,0,LOW,,
2298,2026-05-07 14:08:58,5187359383,5226679628,1250.87,UK pounds,UK pounds,UK,UK,Credit card,0,,0,LOW,,
2299,2026-05-07 14:08:58,6216316627,5466123934,7906.46,UK pounds,UK pounds,UK,UK,Debit card,1,Structuring/Smurfing,40,MEDIUM,Smurfing,"Smurfing: account '6216316627' made 4 transactions totalling 31,699.49 within 24h (each below 9,999.00 threshold)"
2300,2026-05-07 14:08:59,8406225208,6223258098,740.93,UK pounds,UK pounds,UK,UK,ACH,0,,0,LOW,,
2301,2026-05-07 14:08:59,8473871613,1801202686,15600.2,UK pounds,UK pounds,UK,UK,Credit card,0,Large-Cash-Transaction,25,LOW,LargeTransaction,"Transaction amount 15,600.20 UK pounds exceeds threshold of 8,000.00"
2302,2026-05-07 14:09:00,2949513346,6021051123,4755.1,UK pounds,UK pounds,UK,UK,ACH,0,,0,LOW,,
2303,2026-05-07 14:09:01,5385654131,7280426720,23389.87,UK pounds,UK pounds,UK,UK,ACH,0,Large-Cash-Transaction,25,LOW,LargeTransaction,"Transaction amount 23,389.87 UK pounds exceeds threshold of 8,000.00"
2304,2026-05-07 14:09:01,3792189465,7080357663,5390.17,Mexican Peso,UK pounds,Mexico,UK,Cross-border,0,,0,LOW,,
2305,2026-05-07 14:09:02,2765327741,9610196111,4379.7,UK pounds,UK pounds,UK,UK,Cash Deposit,0,,0,LOW,,
2306,2026-05-07 14:09:05,8943157074,1330403013,2041.64,UK pounds,UK pounds,UK,UK,Debit card,0,,0,LOW,,
2307,2026-05-07 14:09:06,6116657264,2283849585,4337.3,UK pounds,UK pounds,UK,UK,Credit card,1,Structuring/Smurfing,40,MEDIUM,Smurfing,"Smurfing: account '6116657264' made 12 transactions totalling 70,517.28 within 24h (each below 9,999.00 threshold)"
2308,2026-05-07 14:09:07,4913362755,9991774065,2516.66,UK pounds,UK pounds,UK,UK,ACH,0,,0,LOW,,
2309,2026-05-07 14:09:09,1491989064,478973149,6490.9,UK pounds,UK pounds,UK,UK,Credit card,1,Structuring/Smurfing,40,MEDIUM,Smurfing,"Smurfing: account '1491989064' made 6 transactions totalling 43,976.39 within 24h (each below 9,999.00 threshold)"
2310,2026-05-07 14:09:11,3808389654,1431561040,9108.47,UK pounds,UK pounds,UK,UK,ACH,0,Large-Cash-Transaction,25,LOW,LargeTransaction,"Transaction amount 9,108.47 UK pounds exceeds threshold of 8,000.00"
2311,2026-05-07 14:09:11,7504755224,1361076665,687.73,UK pounds,UK pounds,UK,UK,Cash Deposit,0,,0,LOW,,
2312,2026-05-07 14:09:12,1790329027,5801455343,1839.12,UK pounds,UK pounds,UK,UK,Cash Deposit,0,Fan-Out/Money-Mule,20,LOW,RapidMovement,"RapidMovement: account '5801455343' received 1,839.12 then re-sent 15,242.38 (828.8%) within 24h"
2313,2026-05-07 14:09:15,9584123190,3339962568,12715.17,UK pounds,UK pounds,UK,UK,Credit card,0,Large-Cash-Transaction,25,LOW,LargeTransaction,"Transaction amount 12,715.17 UK pounds exceeds threshold of 8,000.00"
2314,2026-05-07 14:09:21,6834477393,6444220418,8195.08,UK pounds,UK pounds,UK,UK,Cheque,1,Large-Cash-Transaction; Structuring/Smurfing,65,HIGH,LargeTransaction|Smurfing,"Transaction amount 8,195.08 UK pounds exceeds threshold of 8,000.00; Smurfing: account '6834477393' made 3 transactions totalling 24,515.46 within 24h (each below 9,999.00 threshold)"
2315,2026-05-07 14:09:24,9853775637,9341071779,2130.93,UK pounds,UK pounds,UK,UK,Debit card,0,,0,LOW,,
2316,2026-05-07 14:09:25,6216316627,5466123934,7953.09,UK pounds,UK pounds,UK,UK,Credit card,1,Structuring/Smurfing,40,MEDIUM,Smurfing,"Smurfing: account '6216316627' made 5 transactions totalling 39,652.58 within 24h (each below 9,999.00 threshold)"
2317,2026-05-07 14:09:29,7108683404,7498972417,1454.41,UK pounds,UK pounds,UK,UK,ACH,0,,0,LOW,,
2318,2026-05-07 14:09:30,1378784400,8436759372,6186.8,UK pounds,UK pounds,UK,UK,ACH,1,Structuring/Smurfing,40,MEDIUM,Smurfing,"Smurfing: account '1378784400' made 10 transactions totalling 70,021.17 within 24h (each below 9,999.00 threshold)"
2319,2026-05-07 14:09:30,7515750718,8776175971,10308.67,UK pounds,UK pounds,UK,UK,Credit card,0,Large-Cash-Transaction,25,LOW,LargeTransaction,"Transaction amount 10,308.67 UK pounds exceeds threshold of 8,000.00"
2320,2026-05-07 14:09:31,9248338532,5490540282,592.34,Euro,UK pounds,Austria,UK,Cross-border,0,,0,LOW,,
2321,2026-05-07 14:09:35,7501327339,3546968911,5092.25,UK pounds,Euro,UK,Germany,Cross-border,1,Structuring/Smurfing,40,MEDIUM,Smurfing,"Smurfing: account '7501327339' made 14 transactions totalling 98,731.11 within 24h (each below 9,999.00 threshold)"
2322,2026-05-07 14:09:38,2768066268,6174306361,1823.86,UK pounds,UK pounds,UK,UK,Credit card,0,Fan-Out/Money-Mule,20,LOW,RapidMovement,"RapidMovement: account '6174306361' received 1,823.86 then re-sent 1,957.51 (107.3%) within 24h"
2323,2026-05-07 14:09:40,382301928,132540540,8074.45,UK pounds,UK pounds,UK,UK,Debit card,0,Large-Cash-Transaction,25,LOW,LargeTransaction,"Transaction amount 8,074.45 UK pounds exceeds threshold of 8,000.00"
2324,2026-05-07 14:09:41,9051006413,8352571580,9844.82,UK pounds,UK pounds,UK,UK,Cheque,0,Large-Cash-Transaction,25,LOW,LargeTransaction,"Transaction amount 9,844.82 UK pounds exceeds threshold of 8,000.00"
2325,2026-05-07 14:09:42,1254775139,2446766738,465.1,UK pounds,UK pounds,UK,UK,Cheque,0,,0,LOW,,
2326,2026-05-07 14:09:44,1491989064,8401255335,5978.9,UK pounds,Dirham,UK,UAE,Cross-border,1,Structuring/Smurfing,40,MEDIUM,Smurfing,"Smurfing: account '1491989064' made 7 transactions totalling 49,955.29 within 24h (each below 9,999.00 threshold)"
2327,2026-05-07 14:09:45,2365007895,5391949334,9223.59,UK pounds,UK pounds,UK,UK,Cheque,1,Large-Cash-Transaction; Structuring/Smurfing,65,HIGH,LargeTransaction|Smurfing,"Transaction amount 9,223.59 UK pounds exceeds threshold of 8,000.00; Smurfing: account '2365007895' made 12 transactions totalling 86,830.71 within 24h (each below 9,999.00 threshold)"
2328,2026-05-07 14:09:47,5313485292,9105769228,19656.52,UK pounds,UK pounds,UK,UK,Debit card,0,Large-Cash-Transaction,25,LOW,LargeTransaction,"Transaction amount 19,656.52 UK pounds exceeds threshold of 8,000.00"
2329,2026-05-07 14:09:47,1789877728,537498790,1689.58,UK pounds,UK pounds,UK,UK,Cheque,0,,0,LOW,,
2330,2026-05-07 14:09:49,6743376113,621060264,25963.82,UK pounds,UK pounds,UK,UK,Credit card,0,Large-Cash-Transaction,25,LOW,LargeTransaction,"Transaction amount 25,963.82 UK pounds exceeds threshold of 8,000.00"
2331,2026-05-07 14:09:49,4765718769,7768531408,4876.58,UK pounds,UK pounds,UK,UK,Debit card,0,,0,LOW,,
2332,2026-05-07 14:09:56,3168051873,5311176192,8398.14,UK pounds,US dollar,UK,USA,Cross-border,1,Large-Cash-Transaction; Structuring/Smurfing,65,HIGH,LargeTransaction|Smurfing,"Transaction amount 8,398.14 UK pounds exceeds threshold of 8,000.00; Smurfing: account '3168051873' made 6 transactions totalling 38,903.32 within 24h (each below 9,999.00 threshold)"
2333,2026-05-07 14:09:56,7673084360,6444220418,9826.14,UK pounds,UK pounds,UK,UK,Cheque,0,Large-Cash-Transaction,25,LOW,LargeTransaction,"Transaction amount 9,826.14 UK pounds exceeds threshold of 8,000.00"
2334,2026-05-07 14:09:56,8691503268,3259734434,4872.75,UK pounds,UK pounds,UK,UK,Cheque,0,,0,LOW,,
2335,2026-05-07 14:09:57,8487080282,5708936901,5761.02,UK pounds,UK pounds,UK,UK,Debit card,1,Structuring/Smurfing,40,MEDIUM,Smurfing,"Smurfing: account '8487080282' made 3 transactions totalling 17,216.95 within 24h (each below 9,999.00 threshold)"
2336,2026-05-07 14:09:57,8646744730,11194105,13928.48,UK pounds,UK pounds,UK,UK,Debit card,0,Large-Cash-Transaction,25,LOW,LargeTransaction,"Transaction amount 13,928.48 UK pounds exceeds threshold of 8,000.00"
2337,2026-05-07 14:09:58,3614082527,6066458462,5782.24,UK pounds,UK pounds,UK,UK,Cheque,1,Structuring/Smurfing,40,MEDIUM,Smurfing,"Smurfing: account '3614082527' made 12 transactions totalling 89,318.42 within 24h (each below 9,999.00 threshold)"
2338,2026-05-07 14:09:59,5332388948,3087946555,2026.29,UK pounds,UK pounds,UK,UK,ACH,0,,0,LOW,,
2339,2026-05-07 14:10:02,2206902878,5109623450,9856.37,UK pounds,UK pounds,UK,UK,Cheque,0,Large-Cash-Transaction,25,LOW,LargeTransaction,"Transaction amount 9,856.37 UK pounds exceeds threshold of 8,000.00"
2340,2026-05-07 14:10:02,1939247394,8813013400,2286.78,UK pounds,UK pounds,UK,UK,Cash Deposit,0,,0,LOW,,
2341,2026-05-07 14:10:07,3146144627,8352571580,9837.55,UK pounds,UK pounds,UK,UK,ACH,0,Large-Cash-Transaction,25,LOW,LargeTransaction,"Transaction amount 9,837.55 UK pounds exceeds threshold of 8,000.00"
2342,2026-05-07 14:10:08,7326442087,1493436023,7623.28,UK pounds,UK pounds,UK,UK,Debit card,0,,0,LOW,,
2343,2026-05-07 14:10:09,4332882742,5858369125,13382.31,UK pounds,UK pounds,UK,UK,Debit card,0,Large-Cash-Transaction,25,LOW,LargeTransaction,"Transaction amount 13,382.31 UK pounds exceeds threshold of 8,000.00"
2344,2026-05-07 14:10:10,2848829138,3170775385,7086.9,UK pounds,UK pounds,UK,UK,Debit card,0,,0,LOW,,
2345,2026-05-07 14:10:12,2294025022,5858369125,8818.18,UK pounds,UK pounds,UK,UK,Cheque,0,Large-Cash-Transaction,25,LOW,LargeTransaction,"Transaction amount 8,818.18 UK pounds exceeds threshold of 8,000.00"
2346,2026-05-07 14:10:17,297565041,4586285506,1133.92,UK pounds,UK pounds,UK,UK,ACH,0,,0,LOW,,
2347,2026-05-07 14:10:23,7850962863,6297186233,317801.99,UK pounds,UK pounds,UK,UK,Cheque,0,Large-Cash-Transaction,25,LOW,LargeTransaction,"Transaction amount 317,801.99 UK pounds exceeds threshold of 8,000.00"
2348,2026-05-07 14:10:23,6541552727,1547154408,5475.48,UK pounds,UK pounds,UK,UK,Debit card,1,Structuring/Smurfing,40,MEDIUM,Smurfing,"Smurfing: account '6541552727' made 11 transactions totalling 73,638.28 within 24h (each below 9,999.00 threshold)"
2349,2026-05-07 14:10:24,8678080711,3695545812,8682.97,UK pounds,UK pounds,UK,UK,ACH,0,Large-Cash-Transaction,25,LOW,LargeTransaction,"Transaction amount 8,682.97 UK pounds exceeds threshold of 8,000.00"
2350,2026-05-07 14:10:25,7860334742,960080488,3974.45,UK pounds,UK pounds,UK,UK,Debit card,0,,0,LOW,,
2351,2026-05-07 14:10:29,8171620699,3370106452,73476.1,UK pounds,UK pounds,UK,UK,ACH,0,Large-Cash-Transaction,25,LOW,LargeTransaction,"Transaction amount 73,476.10 UK pounds exceeds threshold of 8,000.00"
2352,2026-05-07 14:10:31,4121351921,2445125378,4867.62,UK pounds,UK pounds,UK,UK,Credit card,0,,0,LOW,,
2353,2026-05-07 14:10:32,3790550887,5513961106,5257.17,UK pounds,UK pounds,UK,UK,Debit card,0,,0,LOW,,
2354,2026-05-07 14:10:32,9524699578,7815302114,10851.14,UK pounds,UK pounds,UK,UK,Cheque,0,Large-Cash-Transaction,25,LOW,LargeTransaction,"Transaction amount 10,851.14 UK pounds exceeds threshold of 8,000.00"
2355,2026-05-07 14:10:35,4543731721,6455150443,4546.32,UK pounds,UK pounds,UK,UK,ACH,0,,0,LOW,,
2356,2026-05-07 14:10:41,1843365823,5466123934,9185.07,UK pounds,UK pounds,UK,UK,Debit card,0,Large-Cash-Transaction,25,LOW,LargeTransaction,"Transaction amount 9,185.07 UK pounds exceeds threshold of 8,000.00"
2357,2026-05-07 14:10:43,1490260385,1377603863,7370.0,UK pounds,UK pounds,UK,UK,ACH,0,,0,LOW,,
2358,2026-05-07 14:10:44,6904169843,4270865741,6190.52,UK pounds,UK pounds,UK,UK,Cheque,0,,0,LOW,,
2359,2026-05-07 14:10:48,1021067959,8508733578,5763.57,UK pounds,UK pounds,UK,UK,Cash Deposit,0,,0,LOW,,
2360,2026-05-07 14:10:50,2642812525,1675575867,191.85,UK pounds,UK pounds,UK,UK,Debit card,0,,0,LOW,,
2361,2026-05-07 14:10:52,2706001337,5858369125,12184.22,Dirham,UK pounds,UAE,UK,Cross-border,0,Large-Cash-Transaction,25,LOW,LargeTransaction,"Transaction amount 12,184.22 Dirham exceeds threshold of 10,000.00"
2362,2026-05-07 14:10:55,6086421020,8140432476,7923.92,UK pounds,UK pounds,UK,UK,Debit card,1,Structuring/Smurfing,40,MEDIUM,Smurfing,"Smurfing: account '6086421020' made 19 transactions totalling 136,218.38 within 24h (each below 9,999.00 threshold)"
2363,2026-05-07 14:10:56,7501327339,7122039154,5356.7,UK pounds,UK pounds,UK,UK,Credit card,1,Structuring/Smurfing,40,MEDIUM,Smurfing,"Smurfing: account '7501327339' made 15 transactions totalling 104,087.81 within 24h (each below 9,999.00 threshold)"
2364,2026-05-07 14:11:00,5390311085,6871577374,7447.44,UK pounds,UK pounds,UK,UK,Cheque,0,,0,LOW,,
2365,2026-05-07 14:11:02,4074980498,6864596395,706.17,UK pounds,Euro,UK,Germany,Cross-border,0,,0,LOW,,
2366,2026-05-07 14:11:03,1352768610,5636542108,17347.35,UK pounds,UK pounds,UK,UK,Cheque,0,Large-Cash-Transaction,25,LOW,LargeTransaction,"Transaction amount 17,347.35 UK pounds exceeds threshold of 8,000.00"
2367,2026-05-07 14:11:12,4909239868,4237920741,176.6,UK pounds,UK pounds,UK,UK,Cash Withdrawal,0,,0,LOW,,
2368,2026-05-07 14:11:16,8082544359,664157046,130.89,UK pounds,UK pounds,UK,UK,ACH,0,,0,LOW,,
2369,2026-05-07 14:11:23,9648057381,161535688,18314.37,UK pounds,UK pounds,UK,UK,Cheque,0,Large-Cash-Transaction,25,LOW,LargeTransaction,"Transaction amount 18,314.37 UK pounds exceeds threshold of 8,000.00"
2370,2026-05-07 14:11:26,1782263940,41351359,4288.7,UK pounds,UK pounds,UK,UK,ACH,0,,0,LOW,,
2371,2026-05-07 14:11:28,7095120400,423780375,1894.5,UK pounds,UK pounds,UK,UK,Cash Deposit,0,,0,LOW,,
2372,2026-05-07 14:11:29,918178079,4848233791,1323.71,UK pounds,UK pounds,UK,UK,Cheque,0,,0,LOW,,
2373,2026-05-07 14:11:33,6904668523,545403361,5857.52,UK pounds,UK pounds,UK,UK,Credit card,1,Structuring/Smurfing,40,MEDIUM,Smurfing,"Smurfing: account '6904668523' made 9 transactions totalling 66,552.14 within 24h (each below 9,999.00 threshold)"
2374,2026-05-07 14:11:35,3299961738,8352571580,10738.06,UK pounds,UK pounds,UK,UK,ACH,0,Large-Cash-Transaction,25,LOW,LargeTransaction,"Transaction amount 10,738.06 UK pounds exceeds threshold of 8,000.00"
2375,2026-05-07 14:11:37,8465013530,2534644942,16933.81,UK pounds,Euro,UK,France,Cross-border,0,Large-Cash-Transaction,25,LOW,LargeTransaction,"Transaction amount 16,933.81 UK pounds exceeds threshold of 8,000.00"
2376,2026-05-07 14:11:37,3683639470,3066321263,12944.7,UK pounds,UK pounds,UK,UK,Credit card,0,Large-Cash-Transaction,25,LOW,LargeTransaction,"Transaction amount 12,944.70 UK pounds exceeds threshold of 8,000.00"
2377,2026-05-07 14:11:38,2047410771,6646502650,7988.56,UK pounds,Euro,UK,France,Cross-border,0,,0,LOW,,
2378,2026-05-07 14:11:42,5982914936,9386007080,8998.21,UK pounds,UK pounds,UK,UK,Cheque,1,Large-Cash-Transaction; Structuring/Smurfing,65,HIGH,LargeTransaction|Smurfing,"Transaction amount 8,998.21 UK pounds exceeds threshold of 8,000.00; Smurfing: account '5982914936' made 9 transactions totalling 79,078.85 within 24h (each below 9,999.00 threshold)"
2379,2026-05-07 14:11:45,6764518163,386274054,2983.77,UK pounds,UK pounds,UK,UK,ACH,0,,0,LOW,,
2380,2026-05-07 14:11:45,922331203,9514376146,3050.42,UK pounds,UK pounds,UK,UK,Credit card,0,,0,LOW,,
2381,2026-05-07 14:11:45,6174306361,2768066268,1957.51,UK pounds,UK pounds,UK,UK,Credit card,0,Fan-Out/Money-Mule,20,LOW,RapidMovement,RapidMovement: part of rapid fund re-dispatch from account '6174306361'
2382,2026-05-07 14:11:49,3510078932,2436228903,7069.96,UK pounds,Mexican Peso,UK,Mexico,Cross-border,1,Structuring/Smurfing,40,MEDIUM,Smurfing,"Smurfing: account '3510078932' made 14 transactions totalling 90,873.06 within 24h (each below 9,999.00 threshold)"
2383,2026-05-07 14:11:51,2797271466,5633100295,8758.01,UK pounds,UK pounds,UK,UK,Cheque,1,Large-Cash-Transaction; Structuring/Smurfing,65,HIGH,LargeTransaction|Smurfing,"Transaction amount 8,758.01 UK pounds exceeds threshold of 8,000.00; Smurfing: account '2797271466' made 10 transactions totalling 75,406.50 within 24h (each below 9,999.00 threshold)"
2384,2026-05-07 14:11:55,5544372349,621060264,12155.4,UK pounds,UK pounds,UK,UK,Credit card,0,Large-Cash-Transaction,25,LOW,LargeTransaction,"Transaction amount 12,155.40 UK pounds exceeds threshold of 8,000.00"
2385,2026-05-07 14:11:58,6086421020,3819548816,4774.76,UK pounds,UK pounds,UK,UK,Debit card,1,Structuring/Smurfing,40,MEDIUM,Smurfing,"Smurfing: account '6086421020' made 20 transactions totalling 140,993.14 within 24h (each below 9,999.00 threshold)"
2386,2026-05-07 14:11:59,2724414698,2802328576,1005.24,UK pounds,UK pounds,UK,UK,Debit card,0,,0,LOW,,
2387,2026-05-07 14:12:01,6541552727,9694142477,6025.55,UK pounds,UK pounds,UK,UK,ACH,1,Structuring/Smurfing,40,MEDIUM,Smurfing,"Smurfing: account '6541552727' made 12 transactions totalling 79,663.83 within 24h (each below 9,999.00 threshold)"
2388,2026-05-07 14:12:01,7758268667,9609750441,16887.39,UK pounds,Naira,UK,Nigeria,Cross-border,0,Large-Cash-Transaction,25,LOW,LargeTransaction,"Transaction amount 16,887.39 UK pounds exceeds threshold of 8,000.00"
2389,2026-05-07 14:12:05,1878247156,5061520742,7817.32,UK pounds,UK pounds,UK,UK,Cheque,0,,0,LOW,,
2390,2026-05-07 14:12:05,1723045971,4868906526,2522.94,UK pounds,UK pounds,UK,UK,Credit card,0,,0,LOW,,
2391,2026-05-07 14:12:07,6116657264,7749320382,10926.94,UK pounds,UK pounds,UK,UK,Credit card,0,Large-Cash-Transaction,25,LOW,LargeTransaction,"Transaction amount 10,926.94 UK pounds exceeds threshold of 8,000.00"
2392,2026-05-07 14:12:12,5807746710,2207144112,1389.36,UK pounds,UK pounds,UK,UK,Debit card,0,Fan-Out/Money-Mule,20,LOW,RapidMovement,"RapidMovement: account '2207144112' received 1,389.36 then re-sent 6,759.84 (486.5%) within 24h"
2393,2026-05-07 14:12:14,2429123128,5450354006,1240.34,UK pounds,Euro,UK,France,Cross-border,0,,0,LOW,,
2394,2026-05-07 14:12:17,2446604226,3854333155,17018.54,UK pounds,UK pounds,UK,UK,Cheque,0,Large-Cash-Transaction,25,LOW,LargeTransaction,"Transaction amount 17,018.54 UK pounds exceeds threshold of 8,000.00"
2395,2026-05-07 14:12:17,4758401069,7747649042,323.24,UK pounds,UK pounds,UK,UK,Cash Withdrawal,0,,0,LOW,,
2396,2026-05-07 14:12:18,4875006777,127584886,1721.29,UK pounds,UK pounds,UK,UK,ACH,0,,0,LOW,,
2397,2026-05-07 14:12:24,11999416,6223365730,5910.07,UK pounds,UK pounds,UK,UK,Debit card,0,,0,LOW,,
2398,2026-05-07 14:12:24,6116657264,2283849585,4316.34,UK pounds,UK pounds,UK,UK,Credit card,1,Structuring/Smurfing,40,MEDIUM,Smurfing,"Smurfing: account '6116657264' made 13 transactions totalling 74,833.62 within 24h (each below 9,999.00 threshold)"
2399,2026-05-07 14:12:25,6541552727,5393260130,8140.93,UK pounds,Swiss franc,UK,Switzerland,Cross-border,1,Large-Cash-Transaction; Structuring/Smurfing,65,HIGH,LargeTransaction|Smurfing,"Transaction amount 8,140.93 UK pounds exceeds threshold of 8,000.00; Smurfing: account '6541552727' made 13 transactions totalling 87,804.76 within 24h (each below 9,999.00 threshold)"
2400,2026-05-07 14:12:28,7084814851,6206407074,1235.65,UK pounds,UK pounds,UK,UK,Cheque,0,,0,LOW,,
2401,2026-05-07 14:12:29,3973799849,8087106292,56.64,UK pounds,UK pounds,UK,UK,Cash Withdrawal,0,,0,LOW,,
2402,2026-05-07 14:12:44,6057444675,9106702668,11968.42,UK pounds,UK pounds,UK,UK,Cheque,0,Large-Cash-Transaction,25,LOW,LargeTransaction,"Transaction amount 11,968.42 UK pounds exceeds threshold of 8,000.00"
2403,2026-05-07 14:12:45,2101877453,621060264,10637.25,UK pounds,UK pounds,UK,UK,ACH,0,Large-Cash-Transaction,25,LOW,LargeTransaction,"Transaction amount 10,637.25 UK pounds exceeds threshold of 8,000.00"
2404,2026-05-07 14:12:46,4769338617,8022537707,7704.91,UK pounds,UK pounds,UK,UK,ACH,0,,0,LOW,,
2405,2026-05-07 14:12:46,7501327339,2477870427,5336.58,UK pounds,UK pounds,UK,UK,Cheque,1,Structuring/Smurfing,40,MEDIUM,Smurfing,"Smurfing: account '7501327339' made 16 transactions totalling 109,424.39 within 24h (each below 9,999.00 threshold)"
2406,2026-05-07 14:12:48,315737488,8048071901,9250.49,UK pounds,UK pounds,UK,UK,Cheque,0,Large-Cash-Transaction,25,LOW,LargeTransaction,"Transaction amount 9,250.49 UK pounds exceeds threshold of 8,000.00"
2407,2026-05-07 14:12:54,7206745434,7062616288,117.62,UK pounds,UK pounds,UK,UK,Cash Withdrawal,0,,0,LOW,,
2408,2026-05-07 14:12:55,1237100004,6393585758,918.77,UK pounds,UK pounds,UK,UK,Cheque,0,,0,LOW,,
2409,2026-05-07 14:12:57,2321611797,9545985504,6131.63,UK pounds,UK pounds,UK,UK,Debit card,0,,0,LOW,,
2410,2026-05-07 14:12:58,3369932750,3852354537,35912.53,Euro,UK pounds,Germany,UK,Cross-border,0,Large-Cash-Transaction,25,LOW,LargeTransaction,"Transaction amount 35,912.53 Euro exceeds threshold of 9,000.00"
2411,2026-05-07 14:12:58,6380185082,1316458123,4601.99,UK pounds,Mexican Peso,UK,Mexico,Cross-border,1,Structuring/Smurfing,40,MEDIUM,Smurfing,"Smurfing: account '6380185082' made 3 transactions totalling 13,742.62 within 24h (each below 9,999.00 threshold)"
2412,2026-05-07 14:13:00,5868277189,4621276676,13041.58,UK pounds,UK pounds,UK,UK,Cheque,0,Large-Cash-Transaction,25,LOW,LargeTransaction,"Transaction amount 13,041.58 UK pounds exceeds threshold of 8,000.00"
2413,2026-05-07 14:13:02,1199680782,7911349997,2291.91,UK pounds,UK pounds,UK,UK,Cash Deposit,0,,0,LOW,,
2414,2026-05-07 14:13:03,3510078932,2749487707,7999.09,UK pounds,Euro,UK,France,Cross-border,1,Structuring/Smurfing,40,MEDIUM,Smurfing,"Smurfing: account '3510078932' made 15 transactions totalling 98,872.15 within 24h (each below 9,999.00 threshold)"
2415,2026-05-07 14:13:06,2365007895,2812285491,13047.47,UK pounds,UK pounds,UK,UK,Credit card,0,Large-Cash-Transaction,25,LOW,LargeTransaction,"Transaction amount 13,047.47 UK pounds exceeds threshold of 8,000.00"
2416,2026-05-07 14:13:09,7973127556,8839170863,65.8,UK pounds,UK pounds,UK,UK,Cash Withdrawal,0,,0,LOW,,
2417,2026-05-07 14:13:09,9629713976,8172080174,4897.97,UK pounds,UK pounds,UK,UK,Debit card,0,Layering,25,LOW,Layering,"Fan-in: receiver 8172080174 received from 13 distinct senders within 72h (chain amount: 171,783.53, threshold: 10,000.00)"
2418,2026-05-07 14:13:11,4651195630,8354178595,2738.52,UK pounds,Albanian lek,UK,Albania,Cross-border,0,,0,LOW,,
2419,2026-05-07 14:13:12,8410434333,8518184956,10813.19,UK pounds,UK pounds,UK,UK,Debit card,0,Large-Cash-Transaction,25,LOW,LargeTransaction,"Transaction amount 10,813.19 UK pounds exceeds threshold of 8,000.00"
2420,2026-05-07 14:13:12,5598377657,3674712470,18842.59,UK pounds,UK pounds,UK,UK,Debit card,0,Large-Cash-Transaction,25,LOW,LargeTransaction,"Transaction amount 18,842.59 UK pounds exceeds threshold of 8,000.00"
2421,2026-05-07 14:13:15,6905042765,8686333670,4101.33,UK pounds,UK pounds,UK,UK,Cheque,0,,0,LOW,,
2422,2026-05-07 14:13:21,5801455343,7615208114,15242.38,UK pounds,UK pounds,UK,UK,Cheque,1,Large-Cash-Transaction; Fan-Out/Money-Mule,45,MEDIUM,LargeTransaction|RapidMovement,"Transaction amount 15,242.38 UK pounds exceeds threshold of 8,000.00; RapidMovement: part of rapid fund re-dispatch from account '5801455343'"
2423,2026-05-07 14:13:22,1394177372,1465487567,11571.79,UK pounds,UK pounds,UK,UK,Debit card,1,Large-Cash-Transaction; Layering,50,MEDIUM,LargeTransaction|Layering,"Transaction amount 11,571.79 UK pounds exceeds threshold of 8,000.00; Fan-in: receiver 1465487567 received from 11 distinct senders within 72h (chain amount: 236,593.26, threshold: 10,000.00)"
2424,2026-05-07 14:13:24,9481666533,4898171721,632.09,UK pounds,UK pounds,UK,UK,Cheque,0,,0,LOW,,
2425,2026-05-07 14:13:32,2391437347,2085944355,5082.91,Mexican Peso,UK pounds,UK,UK,Credit card,0,,0,LOW,,
2426,2026-05-07 14:13:32,4700418700,5313805569,4926.45,Swiss franc,UK pounds,UK,UK,Credit card,0,,0,LOW,,
2427,2026-05-07 14:13:36,2365007895,3353965610,7073.77,UK pounds,UK pounds,UK,UK,Credit card,1,Structuring/Smurfing,40,MEDIUM,Smurfing,"Smurfing: account '2365007895' made 13 transactions totalling 93,904.48 within 24h (each below 9,999.00 threshold)"
2428,2026-05-07 14:13:37,6014470066,1132071202,10138.27,UK pounds,UK pounds,UK,UK,Debit card,0,Large-Cash-Transaction,25,LOW,LargeTransaction,"Transaction amount 10,138.27 UK pounds exceeds threshold of 8,000.00"
2429,2026-05-07 14:13:40,7669236826,2595978516,9553.78,UK pounds,UK pounds,UK,UK,ACH,1,Large-Cash-Transaction; Structuring/Smurfing,65,HIGH,LargeTransaction|Smurfing,"Transaction amount 9,553.78 UK pounds exceeds threshold of 8,000.00; Smurfing: account '7669236826' made 13 transactions totalling 102,687.62 within 24h (each below 9,999.00 threshold)"
2430,2026-05-07 14:13:40,3741000234,1377603863,22066.35,UK pounds,UK pounds,UK,UK,Debit card,0,Large-Cash-Transaction,25,LOW,LargeTransaction,"Transaction amount 22,066.35 UK pounds exceeds threshold of 8,000.00"
2431,2026-05-07 14:13:42,2556990831,1609738665,720.87,UK pounds,UK pounds,UK,UK,Cheque,0,,0,LOW,,
2432,2026-05-07 14:13:43,6295391887,7081010846,292.45,UK pounds,UK pounds,UK,UK,ACH,0,,0,LOW,,
2433,2026-05-07 14:13:48,9625477861,9836516869,10605.22,UK pounds,UK pounds,UK,UK,Credit card,0,Large-Cash-Transaction,25,LOW,LargeTransaction,"Transaction amount 10,605.22 UK pounds exceeds threshold of 8,000.00"
2434,2026-05-07 14:13:51,283212952,5103043844,9098.49,UK pounds,Naira,UK,Nigeria,Cross-border,0,Large-Cash-Transaction,25,LOW,LargeTransaction,"Transaction amount 9,098.49 UK pounds exceeds threshold of 8,000.00"
2435,2026-05-07 14:13:51,6109062028,1320927231,10329.89,UK pounds,UK pounds,UK,UK,ACH,0,Large-Cash-Transaction,25,LOW,LargeTransaction,"Transaction amount 10,329.89 UK pounds exceeds threshold of 8,000.00"
2436,2026-05-07 14:13:52,5027255141,4270865741,6270.56,UK pounds,UK pounds,UK,UK,ACH,1,Structuring/Smurfing,40,MEDIUM,Smurfing,"Smurfing: account '5027255141' made 3 transactions totalling 18,779.26 within 24h (each below 9,999.00 threshold)"
2437,2026-05-07 14:13:54,9502706473,1472090594,2626.03,UK pounds,UK pounds,UK,UK,Debit card,0,,0,LOW,,
2438,2026-05-07 14:13:55,1163488941,7748168341,100.12,UK pounds,UK pounds,UK,UK,Cash Withdrawal,0,,0,LOW,,
2439,2026-05-07 14:13:55,5979365359,409707192,9660.0,UK pounds,UK pounds,UK,UK,Debit card,0,Large-Cash-Transaction,25,LOW,LargeTransaction,"Transaction amount 9,660.00 UK pounds exceeds threshold of 8,000.00"
2440,2026-05-07 14:14:00,8097496413,1801964367,1796.18,UK pounds,Pakistani rupee,UK,UK,Credit card,0,,0,LOW,,
2441,2026-05-07 14:14:02,5894860557,8180668777,1898.98,UK pounds,UK pounds,UK,UK,ACH,0,,0,LOW,,
2442,2026-05-07 14:14:06,3709430533,2273742965,17750.49,UK pounds,UK pounds,UK,UK,Debit card,0,Large-Cash-Transaction,25,LOW,LargeTransaction,"Transaction amount 17,750.49 UK pounds exceeds threshold of 8,000.00"
2443,2026-05-07 14:14:07,8952498088,1462987440,91.5,UK pounds,Euro,UK,Germany,Cross-border,0,,0,LOW,,
2444,2026-05-07 14:14:08,150912203,1473971214,3879.3,UK pounds,UK pounds,UK,UK,Debit card,0,,0,LOW,,
2445,2026-05-07 14:14:12,2941574985,1788664684,13315.01,UK pounds,UK pounds,UK,UK,ACH,0,Large-Cash-Transaction,25,LOW,LargeTransaction,"Transaction amount 13,315.01 UK pounds exceeds threshold of 8,000.00"
2446,2026-05-07 14:14:13,8456279067,1194597483,9292.37,UK pounds,UK pounds,UK,UK,ACH,1,Large-Cash-Transaction; Structuring/Smurfing,65,HIGH,LargeTransaction|Smurfing,"Transaction amount 9,292.37 UK pounds exceeds threshold of 8,000.00; Smurfing: account '8456279067' made 13 transactions totalling 94,968.95 within 24h (each below 9,999.00 threshold)"
2447,2026-05-07 14:14:13,685984605,7527054041,1169.94,UK pounds,UK pounds,UK,UK,Credit card,0,,0,LOW,,
2448,2026-05-07 14:14:22,675669049,3559090340,11067.96,UK pounds,UK pounds,UK,UK,Credit card,0,Large-Cash-Transaction,25,LOW,LargeTransaction,"Transaction amount 11,067.96 UK pounds exceeds threshold of 8,000.00"
2449,2026-05-07 14:14:23,7228171825,7153858951,1423.26,UK pounds,UK pounds,UK,UK,Cheque,0,Fan-Out/Money-Mule,20,LOW,RapidMovement,RapidMovement: part of rapid fund re-dispatch from account '7228171825'
2450,2026-05-07 14:14:24,8952498088,1179729991,3082.02,UK pounds,UK pounds,UK,UK,Credit card,0,,0,LOW,,
2451,2026-05-07 14:14:25,1843365823,5466123934,9181.83,UK pounds,UK pounds,UK,UK,Credit card,0,Large-Cash-Transaction,25,LOW,LargeTransaction,"Transaction amount 9,181.83 UK pounds exceeds threshold of 8,000.00"
2452,2026-05-07 14:14:29,3686931597,731490931,72.67,UK pounds,UK pounds,UK,UK,Credit card,0,,0,LOW,,
2453,2026-05-07 14:14:29,8987848252,6000919396,10462.99,UK pounds,UK pounds,UK,UK,Cheque,0,Large-Cash-Transaction,25,LOW,LargeTransaction,"Transaction amount 10,462.99 UK pounds exceeds threshold of 8,000.00"
2454,2026-05-07 14:14:29,3452368468,5517479211,13434.39,UK pounds,UK pounds,UK,UK,ACH,0,Large-Cash-Transaction,25,LOW,LargeTransaction,"Transaction amount 13,434.39 UK pounds exceeds threshold of 8,000.00"
2455,2026-05-07 14:14:29,3534391988,526237838,444.89,UK pounds,UK pounds,UK,UK,Cheque,0,,0,LOW,,
2456,2026-05-07 14:14:32,5550354567,6953672776,7757.82,Turkish lira,Mexican Peso,Turkey,Mexico,Cross-border,0,,0,LOW,,
2457,2026-05-07 14:14:33,9327083401,1758697495,905.45,UK pounds,UK pounds,UK,UK,ACH,0,,0,LOW,,
2458,2026-05-07 14:14:43,7849241516,1465487567,7035.53,UK pounds,UK pounds,UK,UK,Credit card,1,Structuring/Smurfing; Layering,65,HIGH,Smurfing|Layering,"Smurfing: account '7849241516' made 3 transactions totalling 21,053.77 within 24h (each below 9,999.00 threshold); Fan-in: receiver 1465487567 received from 11 distinct senders within 72h (chain amount: 243,628.79, threshold: 10,000.00)"
2459,2026-05-07 14:14:43,7159623557,2932229843,281.77,UK pounds,UK pounds,UK,UK,Credit card,0,,0,LOW,,
2460,2026-05-07 14:14:50,2088375118,3635233887,1526.07,UK pounds,UK pounds,UK,UK,Cash Deposit,0,,0,LOW,,
2461,2026-05-07 14:14:51,4978397216,8930559737,8415.2,UK pounds,UK pounds,UK,UK,Cheque,0,Large-Cash-Transaction,25,LOW,LargeTransaction,"Transaction amount 8,415.20 UK pounds exceeds threshold of 8,000.00"
2462,2026-05-07 14:14:53,8459501061,8449101551,2626.6,UK pounds,UK pounds,UK,UK,Debit card,0,,0,LOW,,
2463,2026-05-07 14:14:53,798082205,7247407453,3051.29,UK pounds,UK pounds,UK,UK,Cheque,0,,0,LOW,,
2464,2026-05-07 14:14:56,1378784400,7897279705,5338.43,UK pounds,UK pounds,UK,UK,Debit card,1,Structuring/Smurfing,40,MEDIUM,Smurfing,"Smurfing: account '1378784400' made 11 transactions totalling 75,359.60 within 24h (each below 9,999.00 threshold)"
2465,2026-05-07 14:14:56,3299961738,8352571580,10943.96,UK pounds,UK pounds,UK,UK,Debit card,0,Large-Cash-Transaction,25,LOW,LargeTransaction,"Transaction amount 10,943.96 UK pounds exceeds threshold of 8,000.00"
2466,2026-05-07 14:14:59,9534729015,6566600689,20520.21,UK pounds,UK pounds,UK,UK,Cheque,0,Large-Cash-Transaction,25,LOW,LargeTransaction,"Transaction amount 20,520.21 UK pounds exceeds threshold of 8,000.00"
2467,2026-05-07 14:15:00,7758268667,8992041252,7774.6,UK pounds,UK pounds,UK,UK,Credit card,1,Structuring/Smurfing,40,MEDIUM,Smurfing,"Smurfing: account '7758268667' made 16 transactions totalling 127,202.20 within 24h (each below 9,999.00 threshold)"
2468,2026-05-07 14:15:01,7421451752,6790400322,11906.32,UK pounds,UK pounds,UK,UK,Cheque,0,Large-Cash-Transaction,25,LOW,LargeTransaction,"Transaction amount 11,906.32 UK pounds exceeds threshold of 8,000.00"
2469,2026-05-07 14:15:04,8513630384,8401906350,464.09,UK pounds,UK pounds,UK,UK,Debit card,0,,0,LOW,,
2470,2026-05-07 14:15:10,7323693663,7480657080,219.04,UK pounds,UK pounds,UK,UK,Cash Withdrawal,0,,0,LOW,,
2471,2026-05-07 14:15:10,7474613980,8352571580,11995.34,UK pounds,UK pounds,UK,UK,ACH,0,Large-Cash-Transaction,25,LOW,LargeTransaction,"Transaction amount 11,995.34 UK pounds exceeds threshold of 8,000.00"
2472,2026-05-07 14:15:11,9136318143,2138505015,7235.53,UK pounds,Dirham,UK,UAE,Cross-border,1,Structuring/Smurfing,40,MEDIUM,Smurfing,"Smurfing: account '9136318143' made 3 transactions totalling 21,630.00 within 24h (each below 9,999.00 threshold)"
2473,2026-05-07 14:15:15,7020788892,3943551864,2120.5,UK pounds,UK pounds,UK,UK,ACH,0,,0,LOW,,
2474,2026-05-07 14:15:18,764654039,7870238243,2857.06,UK pounds,UK pounds,UK,UK,Cash Deposit,0,,0,LOW,,
2475,2026-05-07 14:15:19,9734083970,2792106785,7995.28,UK pounds,UK pounds,UK,UK,Credit card,1,Structuring/Smurfing,40,MEDIUM,Smurfing,"Smurfing: account '9734083970' made 8 transactions totalling 50,455.91 within 24h (each below 9,999.00 threshold)"
2476,2026-05-07 14:15:28,2457069376,8673917867,7632.06,UK pounds,UK pounds,UK,UK,Cheque,1,Structuring/Smurfing; Layering,65,HIGH,Smurfing|Layering,"Smurfing: account '2457069376' made 3 transactions totalling 23,020.52 within 24h (each below 9,999.00 threshold); Fan-in: receiver 8673917867 received from 6 distinct senders within 72h (chain amount: 82,915.33, threshold: 10,000.00)"
2477,2026-05-07 14:15:28,9352048807,605904743,72.5,UK pounds,UK pounds,UK,UK,Cash Withdrawal,0,,0,LOW,,
2478,2026-05-07 14:15:30,7941686958,286088618,5856.84,UK pounds,UK pounds,UK,UK,Debit card,0,,0,LOW,,
2479,2026-05-07 14:15:31,3556772030,409707192,8585.59,UK pounds,UK pounds,UK,UK,Debit card,0,Large-Cash-Transaction,25,LOW,LargeTransaction,"Transaction amount 8,585.59 UK pounds exceeds threshold of 8,000.00"
2480,2026-05-07 14:15:38,6137051251,2403186083,1755.48,UK pounds,UK pounds,UK,UK,Debit card,0,,0,LOW,,
2481,2026-05-07 14:15:40,4418870109,53523648,914.45,UK pounds,UK pounds,UK,UK,Credit card,0,,0,LOW,,
2482,2026-05-07 14:15:42,328612805,997621089,2371.29,UK pounds,UK pounds,UK,UK,ACH,0,,0,LOW,,
2483,2026-05-07 14:15:43,5007881669,6949300930,4069.78,UK pounds,UK pounds,UK,UK,Cheque,0,,0,LOW,,
2484,2026-05-07 14:15:45,822257434,6765252270,419.5,UK pounds,UK pounds,UK,UK,Debit card,0,,0,LOW,,
2485,2026-05-07 14:15:47,4486248597,8535122087,7101.58,UK pounds,UK pounds,UK,UK,Debit card,0,,0,LOW,,
2486,2026-05-07 14:15:51,9474817546,1493436023,32880.33,UK pounds,UK pounds,UK,UK,ACH,0,Large-Cash-Transaction,25,LOW,LargeTransaction,"Transaction amount 32,880.33 UK pounds exceeds threshold of 8,000.00"
2487,2026-05-07 14:15:53,7009730597,1431561040,13580.69,UK pounds,UK pounds,UK,UK,Credit card,0,Large-Cash-Transaction,25,LOW,LargeTransaction,"Transaction amount 13,580.69 UK pounds exceeds threshold of 8,000.00"
2488,2026-05-07 14:15:54,4899332114,6034997194,10108.52,UK pounds,UK pounds,UK,UK,ACH,0,Large-Cash-Transaction,25,LOW,LargeTransaction,"Transaction amount 10,108.52 UK pounds exceeds threshold of 8,000.00"
2489,2026-05-07 14:15:59,1559173194,1174928644,21932.76,UK pounds,UK pounds,UK,UK,ACH,0,Large-Cash-Transaction,25,LOW,LargeTransaction,"Transaction amount 21,932.76 UK pounds exceeds threshold of 8,000.00"
2490,2026-05-07 14:16:09,1090428439,6853979409,2569.47,UK pounds,UK pounds,UK,UK,ACH,0,,0,LOW,,
2491,2026-05-07 14:16:09,8952177221,6345374341,8129.52,UK pounds,UK pounds,UK,UK,ACH,1,Large-Cash-Transaction; Structuring/Smurfing,65,HIGH,LargeTransaction|Smurfing,"Transaction amount 8,129.52 UK pounds exceeds threshold of 8,000.00; Smurfing: account '8952177221' made 11 transactions totalling 84,555.28 within 24h (each below 9,999.00 threshold)"
2492,2026-05-07 14:16:09,3709430533,7543250720,6864.48,UK pounds,UK pounds,UK,UK,Credit card,1,Structuring/Smurfing,40,MEDIUM,Smurfing,"Smurfing: account '3709430533' made 15 transactions totalling 112,330.49 within 24h (each below 9,999.00 threshold)"
2493,2026-05-07 14:16:11,8620546903,3066321263,5149.75,UK pounds,UK pounds,UK,UK,Cheque,0,,0,LOW,,
2494,2026-05-07 14:16:12,5888673072,2569782845,273.32,UK pounds,UK pounds,UK,UK,Cash Withdrawal,0,,0,LOW,,
2495,2026-05-07 14:16:18,4332882742,5858369125,13187.79,UK pounds,UK pounds,UK,UK,Cheque,0,Large-Cash-Transaction,25,LOW,LargeTransaction,"Transaction amount 13,187.79 UK pounds exceeds threshold of 8,000.00"
2496,2026-05-07 14:16:21,1033504981,8078584932,30017.28,UK pounds,UK pounds,UK,UK,Debit card,0,Large-Cash-Transaction,25,LOW,LargeTransaction,"Transaction amount 30,017.28 UK pounds exceeds threshold of 8,000.00"
2497,2026-05-07 14:16:21,4965369447,9407021102,1598.49,UK pounds,UK pounds,UK,UK,ACH,0,,0,LOW,,
2498,2026-05-07 14:16:23,2055549144,2774889925,9216.76,UK pounds,UK pounds,UK,UK,Cheque,0,Large-Cash-Transaction,25,LOW,LargeTransaction,"Transaction amount 9,216.76 UK pounds exceeds threshold of 8,000.00"
2499,2026-05-07 14:16:24,8987848252,4344045246,9796.13,UK pounds,Swiss franc,UK,Switzerland,Cross-border,1,Large-Cash-Transaction; Structuring/Smurfing,65,HIGH,LargeTransaction|Smurfing,"Transaction amount 9,796.13 UK pounds exceeds threshold of 8,000.00; Smurfing: account '8987848252' made 7 transactions totalling 45,657.22 within 24h (each below 9,999.00 threshold)"
2500,2026-05-07 14:16:24,9835856922,9216862356,3102.65,UK pounds,UK pounds,UK,UK,Cash Deposit,0,,0,LOW,,
2501,2026-05-07 14:16:26,525950594,409707192,6122.88,UK pounds,UK pounds,UK,UK,ACH,0,,0,LOW,,
2502,2026-05-07 14:16:28,27949202,7651810013,1214.22,UK pounds,UK pounds,UK,UK,Cheque,0,,0,LOW,,
2503,2026-05-07 14:16:35,9222757302,5109623450,9100.16,UK pounds,UK pounds,UK,UK,ACH,1,Large-Cash-Transaction; Structuring/Smurfing,65,HIGH,LargeTransaction|Smurfing,"Transaction amount 9,100.16 UK pounds exceeds threshold of 8,000.00; Smurfing: account '9222757302' made 3 transactions totalling 27,451.01 within 24h (each below 9,999.00 threshold)"
2504,2026-05-07 14:16:38,9746384104,8107460466,5179.35,UK pounds,UK pounds,UK,UK,Debit card,1,Structuring/Smurfing,40,MEDIUM,Smurfing,"Smurfing: account '9746384104' made 6 transactions totalling 31,663.62 within 24h (each below 9,999.00 threshold)"
2505,2026-05-07 14:16:41,2736512144,5896180453,10519.11,UK pounds,UK pounds,UK,UK,Cheque,0,Large-Cash-Transaction,25,LOW,LargeTransaction,"Transaction amount 10,519.11 UK pounds exceeds threshold of 8,000.00"
2506,2026-05-07 14:16:42,1972457200,8241661094,2443.2,Turkish lira,UK pounds,Turkey,UK,Cross-border,0,,0,LOW,,
2507,2026-05-07 14:16:43,6904668523,3087234008,5052.04,UK pounds,UK pounds,UK,UK,Cheque,1,Structuring/Smurfing,40,MEDIUM,Smurfing,"Smurfing: account '6904668523' made 10 transactions totalling 71,604.18 within 24h (each below 9,999.00 threshold)"
2508,2026-05-07 14:16:45,4379393333,8869350666,5331.42,UK pounds,UK pounds,UK,UK,Credit card,0,,0,LOW,,
2509,2026-05-07 14:16:45,3342827051,409707192,5834.2,UK pounds,UK pounds,UK,UK,ACH,0,,0,LOW,,
2510,2026-05-07 14:16:46,8539953506,9855504386,1261.95,UK pounds,UK pounds,UK,UK,Debit card,0,,0,LOW,,
2511,2026-05-07 14:16:47,8857802476,4808614002,3373.1,UK pounds,UK pounds,UK,UK,ACH,0,,0,LOW,,
2512,2026-05-07 14:16:51,8389148416,6314435734,6799.16,UK pounds,Indian rupee,UK,India,Cross-border,1,Structuring/Smurfing,40,MEDIUM,Smurfing,"Smurfing: account '8389148416' made 7 transactions totalling 48,056.48 within 24h (each below 9,999.00 threshold)"
2513,2026-05-07 14:16:51,5396748228,9105769228,25177.88,UK pounds,Moroccan dirham,UK,UK,Credit card,0,Large-Cash-Transaction,25,LOW,LargeTransaction,"Transaction amount 25,177.88 UK pounds exceeds threshold of 8,000.00"
2514,2026-05-07 14:16:51,4445307770,7892884492,9018.77,UK pounds,US dollar,UK,USA,Cross-border,0,Large-Cash-Transaction,25,LOW,LargeTransaction,"Transaction amount 9,018.77 UK pounds exceeds threshold of 8,000.00"
2515,2026-05-07 14:16:51,6628929693,133396548,4226.22,UK pounds,UK pounds,UK,UK,Credit card,0,,0,LOW,,
2516,2026-05-07 14:16:53,1710329832,8172080174,5252.3,UK pounds,UK pounds,UK,UK,Cheque,1,Structuring/Smurfing; Layering,65,HIGH,Smurfing|Layering,"Smurfing: account '1710329832' made 3 transactions totalling 15,763.81 within 24h (each below 9,999.00 threshold); Fan-in: receiver 8172080174 received from 13 distinct senders within 72h (chain amount: 177,035.83, threshold: 10,000.00)"
2517,2026-05-07 14:16:58,300815762,1431561040,5709.02,UK pounds,UK pounds,UK,UK,Debit card,0,,0,LOW,,
2518,2026-05-07 14:16:58,5838935257,7261767653,368.35,UK pounds,UK pounds,UK,UK,Cash Deposit,0,,0,LOW,,
2519,2026-05-07 14:16:58,8331805391,8729011682,2140.43,UK pounds,UK pounds,UK,UK,Debit card,0,,0,LOW,,
2520,2026-05-07 14:17:00,581151126,6855935396,5048.6,UK pounds,UK pounds,UK,UK,Credit card,1,Structuring/Smurfing,40,MEDIUM,Smurfing,"Smurfing: account '581151126' made 3 transactions totalling 15,141.85 within 24h (each below 9,999.00 threshold)"
2521,2026-05-07 14:17:00,8842654492,8172080174,20499.77,UK pounds,UK pounds,UK,UK,Cheque,1,Large-Cash-Transaction; Layering,50,MEDIUM,LargeTransaction|Layering,"Transaction amount 20,499.77 UK pounds exceeds threshold of 8,000.00; Fan-in: receiver 8172080174 received from 14 distinct senders within 72h (chain amount: 197,535.60, threshold: 10,000.00)"
2522,2026-05-07 14:17:02,8456279067,1212654276,6930.89,UK pounds,UK pounds,UK,UK,Cheque,1,Structuring/Smurfing,40,MEDIUM,Smurfing,"Smurfing: account '8456279067' made 14 transactions totalling 101,899.84 within 24h (each below 9,999.00 threshold)"
2523,2026-05-07 14:17:03,1491989064,478973149,6526.1,UK pounds,UK pounds,UK,UK,Debit card,1,Structuring/Smurfing,40,MEDIUM,Smurfing,"Smurfing: account '1491989064' made 8 transactions totalling 56,481.39 within 24h (each below 9,999.00 threshold)"
2524,2026-05-07 14:17:03,2491859309,9737340447,4879.81,UK pounds,UK pounds,UK,UK,Credit card,0,,0,LOW,,
2525,2026-05-07 14:17:11,7475885831,8063440965,1643.17,UK pounds,UK pounds,UK,UK,Credit card,0,,0,LOW,,
2526,2026-05-07 14:17:14,6988324584,2792716945,9738.54,UK pounds,UK pounds,UK,UK,Credit card,0,Large-Cash-Transaction,25,LOW,LargeTransaction,"Transaction amount 9,738.54 UK pounds exceeds threshold of 8,000.00"
2527,2026-05-07 14:17:15,6541552727,5240847125,6168.41,UK pounds,UK pounds,UK,UK,Debit card,1,Structuring/Smurfing,40,MEDIUM,Smurfing,"Smurfing: account '6541552727' made 14 transactions totalling 93,973.17 within 24h (each below 9,999.00 threshold)"
2528,2026-05-07 14:17:17,6207748796,1597361156,1354.34,UK pounds,UK pounds,UK,UK,Cash Deposit,0,,0,LOW,,
2529,2026-05-07 14:17:20,8389148416,3487686607,8412.16,UK pounds,UK pounds,UK,UK,ACH,1,Large-Cash-Transaction; Structuring/Smurfing,65,HIGH,LargeTransaction|Smurfing,"Transaction amount 8,412.16 UK pounds exceeds threshold of 8,000.00; Smurfing: account '8389148416' made 8 transactions totalling 56,468.64 within 24h (each below 9,999.00 threshold)"
2530,2026-05-07 14:17:21,749315581,8673917867,8548.94,UK pounds,UK pounds,UK,UK,ACH,1,Large-Cash-Transaction; Layering,50,MEDIUM,LargeTransaction|Layering,"Transaction amount 8,548.94 UK pounds exceeds threshold of 8,000.00; Fan-in: receiver 8673917867 received from 7 distinct senders within 72h (chain amount: 91,464.27, threshold: 10,000.00)"
2531,2026-05-07 14:17:23,2203595646,1323075232,45.38,UK pounds,UK pounds,UK,UK,Cash Withdrawal,0,,0,LOW,,
2532,2026-05-07 14:17:23,7732762685,2255532323,1138.58,UK pounds,UK pounds,UK,UK,Cheque,0,,0,LOW,,
2533,2026-05-07 14:17:24,3510078932,2749487707,8195.42,UK pounds,Euro,UK,France,Cross-border,1,Large-Cash-Transaction; Structuring/Smurfing,65,HIGH,LargeTransaction|Smurfing,"Transaction amount 8,195.42 UK pounds exceeds threshold of 8,000.00; Smurfing: account '3510078932' made 16 transactions totalling 107,067.57 within 24h (each below 9,999.00 threshold)"
2534,2026-05-07 14:17:26,8572310683,5896180453,6076.1,UK pounds,UK pounds,UK,UK,ACH,1,Structuring/Smurfing,40,MEDIUM,Smurfing,"Smurfing: account '8572310683' made 4 transactions totalling 24,423.79 within 24h (each below 9,999.00 threshold)"
2535,2026-05-07 14:17:27,991135777,7089596543,758.86,UK pounds,UK pounds,UK,UK,Debit card,0,,0,LOW,,
2536,2026-05-07 14:17:28,8456279067,8078722188,10103.73,UK pounds,UK pounds,UK,UK,Debit card,0,Large-Cash-Transaction,25,LOW,LargeTransaction,"Transaction amount 10,103.73 UK pounds exceeds threshold of 8,000.00"
2537,2026-05-07 14:17:29,5579952282,6595959368,4642.19,Indian rupee,UK pounds,India,UK,Cross-border,0,,0,LOW,,
2538,2026-05-07 14:17:30,1390806158,8673917867,8756.17,UK pounds,UK pounds,UK,UK,ACH,1,Large-Cash-Transaction; Structuring/Smurfing; Layering,90,CRITICAL,LargeTransaction|Smurfing|Layering,"Transaction amount 8,756.17 UK pounds exceeds threshold of 8,000.00; Smurfing: account '1390806158' made 3 transactions totalling 26,529.36 within 24h (each below 9,999.00 threshold); Fan-in: receiver 8673917867 received from 7 distinct senders within 72h (chain amount: 100,220.44, threshold: 10,000.00)"
2539,2026-05-07 14:17:32,3510078932,8841984234,8144.6,UK pounds,UK pounds,UK,UK,Credit card,1,Large-Cash-Transaction; Structuring/Smurfing,65,HIGH,LargeTransaction|Smurfing,"Transaction amount 8,144.60 UK pounds exceeds threshold of 8,000.00; Smurfing: account '3510078932' made 17 transactions totalling 115,212.17 within 24h (each below 9,999.00 threshold)"
2540,2026-05-07 14:17:34,2547342518,8518184956,20236.48,UK pounds,UK pounds,UK,UK,Cheque,0,Large-Cash-Transaction,25,LOW,LargeTransaction,"Transaction amount 20,236.48 UK pounds exceeds threshold of 8,000.00"
2541,2026-05-07 14:17:35,4123588389,1627126836,507.95,UK pounds,UK pounds,UK,UK,ACH,0,,0,LOW,,
2542,2026-05-07 14:17:37,9257118077,6900994771,71.43,UK pounds,UK pounds,UK,UK,Debit card,0,,0,LOW,,
2543,2026-05-07 14:17:40,9754064584,3781261703,206.98,UK pounds,UK pounds,UK,UK,Cash Withdrawal,0,,0,LOW,,
2544,2026-05-07 14:17:42,7723120112,1431561040,8497.49,UK pounds,UK pounds,UK,UK,Credit card,1,Large-Cash-Transaction; Structuring/Smurfing,65,HIGH,LargeTransaction|Smurfing,"Transaction amount 8,497.49 UK pounds exceeds threshold of 8,000.00; Smurfing: account '7723120112' made 3 transactions totalling 25,458.44 within 24h (each below 9,999.00 threshold)"
2545,2026-05-07 14:17:42,4090965741,1667716246,3312.3,UK pounds,UK pounds,UK,UK,ACH,0,,0,LOW,,
2546,2026-05-07 14:17:50,5021785800,5844287414,7033.87,UK pounds,UK pounds,UK,UK,Debit card,1,Structuring/Smurfing,40,MEDIUM,Smurfing,"Smurfing: account '5021785800' made 9 transactions totalling 60,393.93 within 24h (each below 9,999.00 threshold)"
2547,2026-05-07 14:17:55,8456279067,3889335486,14536.51,UK pounds,UK pounds,UK,UK,ACH,0,Large-Cash-Transaction,25,LOW,LargeTransaction,"Transaction amount 14,536.51 UK pounds exceeds threshold of 8,000.00"
2548,2026-05-07 14:17:55,1562812014,5263750284,311.77,UK pounds,UK pounds,UK,UK,Cash Withdrawal,0,,0,LOW,,
2549,2026-05-07 14:17:57,7580883195,1695584314,555.99,UK pounds,UK pounds,UK,UK,Credit card,0,,0,LOW,,
2550,2026-05-07 14:17:58,5946851867,6704415745,9433.88,UK pounds,UK pounds,UK,UK,Debit card,0,Large-Cash-Transaction,25,LOW,LargeTransaction,"Transaction amount 9,433.88 UK pounds exceeds threshold of 8,000.00"
2551,2026-05-07 14:18:00,9572437179,7199625988,6648.15,UK pounds,UK pounds,UK,UK,Debit card,1,Structuring/Smurfing,40,MEDIUM,Smurfing,"Smurfing: account '9572437179' made 3 transactions totalling 19,964.57 within 24h (each below 9,999.00 threshold)"
2552,2026-05-07 14:18:03,8197941340,5020792430,844.9,UK pounds,UK pounds,UK,UK,Debit card,0,,0,LOW,,
2553,2026-05-07 14:18:05,1921431747,4570459803,3682.09,UK pounds,UK pounds,UK,UK,Debit card,0,,0,LOW,,
2554,2026-05-07 14:18:06,7758268667,6000485397,9420.88,UK pounds,UK pounds,UK,UK,Credit card,1,Large-Cash-Transaction; Structuring/Smurfing,65,HIGH,LargeTransaction|Smurfing,"Transaction amount 9,420.88 UK pounds exceeds threshold of 8,000.00; Smurfing: account '7758268667' made 17 transactions totalling 136,623.08 within 24h (each below 9,999.00 threshold)"
2555,2026-05-07 14:18:06,2365007895,8015553278,6885.79,UK pounds,UK pounds,UK,UK,ACH,1,Structuring/Smurfing,40,MEDIUM,Smurfing,"Smurfing: account '2365007895' made 14 transactions totalling 100,790.27 within 24h (each below 9,999.00 threshold)"
2556,2026-05-07 14:18:13,503970939,1302233145,2622.87,UK pounds,UK pounds,UK,UK,Cash Deposit,0,,0,LOW,,
2557,2026-05-07 14:18:23,9599009457,2048840179,5176.89,UK pounds,UK pounds,UK,UK,Debit card,1,Structuring/Smurfing,40,MEDIUM,Smurfing,"Smurfing: account '9599009457' made 3 transactions totalling 16,606.51 within 24h (each below 9,999.00 threshold)"
2558,2026-05-07 14:18:24,557472407,454731898,428.02,UK pounds,UK pounds,UK,UK,Cheque,0,,0,LOW,,
2559,2026-05-07 14:18:28,9576332582,9381468891,1695.14,UK pounds,UK pounds,UK,UK,ACH,0,,0,LOW,,
2560,2026-05-07 14:18:32,3097513680,598659167,9490.74,UK pounds,UK pounds,UK,UK,Cheque,0,Large-Cash-Transaction,25,LOW,LargeTransaction,"Transaction amount 9,490.74 UK pounds exceeds threshold of 8,000.00"
2561,2026-05-07 14:18:32,732675187,5915437331,196.08,UK pounds,UK pounds,UK,UK,Debit card,0,,0,LOW,,
2562,2026-05-07 14:18:35,7531180330,7452197303,774.74,UK pounds,UK pounds,UK,UK,Credit card,0,,0,LOW,,
2563,2026-05-07 14:18:37,3168051873,7221383296,10182.86,UK pounds,UK pounds,UK,UK,ACH,0,Large-Cash-Transaction,25,LOW,LargeTransaction,"Transaction amount 10,182.86 UK pounds exceeds threshold of 8,000.00"
2564,2026-05-07 14:18:37,5703523176,8716251669,802.76,UK pounds,UK pounds,UK,UK,Cash Deposit,0,,0,LOW,,
2565,2026-05-07 14:18:38,4045325482,52777006,3177.52,UK pounds,UK pounds,UK,UK,Debit card,0,,0,LOW,,
2566,2026-05-07 14:18:39,524666807,3238234607,34550.71,UK pounds,UK pounds,UK,UK,ACH,0,Large-Cash-Transaction,25,LOW,LargeTransaction,"Transaction amount 34,550.71 UK pounds exceeds threshold of 8,000.00"
2567,2026-05-07 14:18:41,2659454323,8678802420,9870.05,UK pounds,UK pounds,UK,UK,ACH,0,Large-Cash-Transaction,25,LOW,LargeTransaction,"Transaction amount 9,870.05 UK pounds exceeds threshold of 8,000.00"
2568,2026-05-07 14:18:41,2415599111,361935874,1253.08,UK pounds,UK pounds,UK,UK,Credit card,0,Fan-Out/Money-Mule,20,LOW,RapidMovement,RapidMovement: part of rapid fund re-dispatch from account '2415599111'
2569,2026-05-07 14:18:43,2935045772,2323389841,46.37,UK pounds,UK pounds,UK,UK,Credit card,0,,0,LOW,,
2570,2026-05-07 14:18:45,3742406978,8456378232,7185.26,UK pounds,UK pounds,UK,UK,ACH,0,,0,LOW,,
2571,2026-05-07 14:18:48,4727686386,7500989871,1381.1,UK pounds,UK pounds,UK,UK,ACH,0,,0,LOW,,
2572,2026-05-07 14:18:49,9969125002,9445283755,7794.7,UK pounds,UK pounds,UK,UK,Credit card,0,,0,LOW,,
2573,2026-05-07 14:18:49,9664670270,5028861897,12038.94,UK pounds,UK pounds,UK,UK,Debit card,0,Large-Cash-Transaction,25,LOW,LargeTransaction,"Transaction amount 12,038.94 UK pounds exceeds threshold of 8,000.00"
2574,2026-05-07 14:18:49,8146900592,9285879778,904.7,UK pounds,UK pounds,UK,UK,Cheque,0,,0,LOW,,
2575,2026-05-07 14:18:50,8389148416,2753383263,5660.1,UK pounds,UK pounds,UK,UK,ACH,1,Structuring/Smurfing,40,MEDIUM,Smurfing,"Smurfing: account '8389148416' made 9 transactions totalling 62,128.74 within 24h (each below 9,999.00 threshold)"
2576,2026-05-07 14:18:50,8456279067,8078722188,10107.12,UK pounds,UK pounds,UK,UK,Cheque,0,Large-Cash-Transaction,25,LOW,LargeTransaction,"Transaction amount 10,107.12 UK pounds exceeds threshold of 8,000.00"
2577,2026-05-07 14:18:51,93642419,80643448,1526.43,UK pounds,UK pounds,UK,UK,Cheque,0,,0,LOW,,
2578,2026-05-07 14:18:52,5509746472,5818924909,5286.7,UK pounds,UK pounds,UK,UK,Debit card,0,,0,LOW,,
2579,2026-05-07 14:18:52,6057444675,9968750046,12843.63,UK pounds,Euro,UK,Germany,Cross-border,0,Large-Cash-Transaction,25,LOW,LargeTransaction,"Transaction amount 12,843.63 UK pounds exceeds threshold of 8,000.00"
2580,2026-05-07 14:18:56,2824990926,37476926,2681.67,UK pounds,UK pounds,UK,UK,Debit card,0,,0,LOW,,
2581,2026-05-07 14:18:57,7944277938,3020616679,53.58,UK pounds,UK pounds,UK,UK,Cheque,0,,0,LOW,,
2582,2026-05-07 14:18:57,2797271466,9268354965,5201.07,UK pounds,UK pounds,UK,UK,Cheque,1,Structuring/Smurfing,40,MEDIUM,Smurfing,"Smurfing: account '2797271466' made 11 transactions totalling 80,607.57 within 24h (each below 9,999.00 threshold)"
2583,2026-05-07 14:18:59,7996500572,4701456436,6202.59,UK pounds,UK pounds,UK,UK,Credit card,0,,0,LOW,,
2584,2026-05-07 14:18:59,1022863622,9228204227,1499.06,UK pounds,UK pounds,UK,UK,Cash Deposit,0,,0,LOW,,
2585,2026-05-07 14:18:59,6116657264,7541529999,5668.04,UK pounds,UK pounds,UK,UK,Credit card,1,Structuring/Smurfing,40,MEDIUM,Smurfing,"Smurfing: account '6116657264' made 14 transactions totalling 80,501.66 within 24h (each below 9,999.00 threshold)"
2586,2026-05-07 14:19:01,1827846341,8914745965,4376.44,UK pounds,UK pounds,UK,UK,Cash Deposit,0,,0,LOW,,
2587,2026-05-07 14:19:09,898248848,7014672243,147.11,UK pounds,UK pounds,UK,UK,Cash Withdrawal,0,,0,LOW,,
2588,2026-05-07 14:19:11,6559742275,201096388,1820.1,UK pounds,UK pounds,UK,UK,ACH,0,,0,LOW,,
2589,2026-05-07 14:19:14,9383641510,7248352467,1948.84,US dollar,UK pounds,UK,UK,Credit card,0,,0,LOW,,
2590,2026-05-07 14:19:16,3658332196,1465487567,11700.26,UK pounds,UK pounds,UK,UK,ACH,1,Large-Cash-Transaction; Layering,50,MEDIUM,LargeTransaction|Layering,"Transaction amount 11,700.26 UK pounds exceeds threshold of 8,000.00; Fan-in: receiver 1465487567 received from 11 distinct senders within 72h (chain amount: 255,329.05, threshold: 10,000.00)"
2591,2026-05-07 14:19:16,5927018737,568683281,13022.9,UK pounds,UK pounds,UK,UK,Debit card,0,Large-Cash-Transaction,25,LOW,LargeTransaction,"Transaction amount 13,022.90 UK pounds exceeds threshold of 8,000.00"
2592,2026-05-07 14:19:23,1973712222,1520394984,3570.68,UK pounds,UK pounds,UK,UK,Cheque,0,,0,LOW,,
2593,2026-05-07 14:19:24,2616388803,2534644942,11018.33,UK pounds,Euro,UK,France,Cross-border,0,Large-Cash-Transaction,25,LOW,LargeTransaction,"Transaction amount 11,018.33 UK pounds exceeds threshold of 8,000.00"
2594,2026-05-07 14:19:24,2797271466,9268354965,5168.6,UK pounds,UK pounds,UK,UK,Cheque,1,Structuring/Smurfing,40,MEDIUM,Smurfing,"Smurfing: account '2797271466' made 12 transactions totalling 85,776.17 within 24h (each below 9,999.00 threshold)"
2595,2026-05-07 14:19:28,3021078433,8598852198,1079.02,UK pounds,UK pounds,UK,UK,Debit card,0,,0,LOW,,
2596,2026-05-07 14:19:28,8834015762,5454823986,26741.62,UK pounds,UK pounds,UK,UK,Debit card,0,Large-Cash-Transaction,25,LOW,LargeTransaction,"Transaction amount 26,741.62 UK pounds exceeds threshold of 8,000.00"
2597,2026-05-07 14:19:37,5070033405,3608703185,7512.27,UK pounds,UK pounds,UK,UK,Debit card,1,Structuring/Smurfing,40,MEDIUM,Smurfing,"Smurfing: account '5070033405' made 3 transactions totalling 22,415.84 within 24h (each below 9,999.00 threshold)"
2598,2026-05-07 14:19:37,6541552727,475649742,6482.85,UK pounds,UK pounds,UK,UK,ACH,1,Structuring/Smurfing,40,MEDIUM,Smurfing,"Smurfing: account '6541552727' made 15 transactions totalling 100,456.02 within 24h (each below 9,999.00 threshold)"
2599,2026-05-07 14:19:37,8099464082,6018648917,7454.29,UK pounds,UK pounds,UK,UK,Debit card,0,,0,LOW,,
2600,2026-05-07 14:19:39,9734083970,7577540230,7242.5,UK pounds,UK pounds,UK,UK,Cheque,1,Structuring/Smurfing,40,MEDIUM,Smurfing,"Smurfing: account '9734083970' made 9 transactions totalling 57,698.41 within 24h (each below 9,999.00 threshold)"
2601,2026-05-07 14:19:41,8572310683,5896180453,6119.24,UK pounds,UK pounds,UK,UK,ACH,1,Structuring/Smurfing,40,MEDIUM,Smurfing,"Smurfing: account '8572310683' made 5 transactions totalling 30,543.03 within 24h (each below 9,999.00 threshold)"
2602,2026-05-07 14:19:43,6086421020,2415686992,4635.05,UK pounds,UK pounds,UK,UK,Cheque,1,Structuring/Smurfing,40,MEDIUM,Smurfing,"Smurfing: account '6086421020' made 21 transactions totalling 145,628.19 within 24h (each below 9,999.00 threshold)"
2603,2026-05-07 14:19:44,3168051873,9923312753,12356.77,UK pounds,UK pounds,UK,UK,Debit card,0,Large-Cash-Transaction,25,LOW,LargeTransaction,"Transaction amount 12,356.77 UK pounds exceeds threshold of 8,000.00"
2604,2026-05-07 14:19:47,6694382120,6967029408,95114.49,UK pounds,UK pounds,UK,UK,ACH,0,Large-Cash-Transaction,25,LOW,LargeTransaction,"Transaction amount 95,114.49 UK pounds exceeds threshold of 8,000.00"
2605,2026-05-07 14:19:47,286686191,1781214438,744.93,UK pounds,UK pounds,UK,UK,ACH,0,,0,LOW,,
2606,2026-05-07 14:19:47,6904668523,3087234008,4946.57,UK pounds,UK pounds,UK,UK,Credit card,1,Structuring/Smurfing,40,MEDIUM,Smurfing,"Smurfing: account '6904668523' made 11 transactions totalling 76,550.75 within 24h (each below 9,999.00 threshold)"
2607,2026-05-07 14:19:47,315737488,9144792882,2913.86,UK pounds,UK pounds,UK,UK,Cheque,0,,0,LOW,,
2608,2026-05-07 14:19:52,9398035791,7080357663,9605.18,UK pounds,UK pounds,UK,UK,Cheque,0,Large-Cash-Transaction,25,LOW,LargeTransaction,"Transaction amount 9,605.18 UK pounds exceeds threshold of 8,000.00"
2609,2026-05-07 14:19:55,6743376113,621060264,25779.53,UK pounds,UK pounds,UK,UK,Credit card,0,Large-Cash-Transaction,25,LOW,LargeTransaction,"Transaction amount 25,779.53 UK pounds exceeds threshold of 8,000.00"
2610,2026-05-07 14:19:55,9230158533,677986290,13930.95,UK pounds,UK pounds,UK,UK,Cheque,0,Large-Cash-Transaction,25,LOW,LargeTransaction,"Transaction amount 13,930.95 UK pounds exceeds threshold of 8,000.00"
2611,2026-05-07 14:20:03,1505686023,8678802420,5550.85,UK pounds,UK pounds,UK,UK,Debit card,1,Structuring/Smurfing,40,MEDIUM,Smurfing,"Smurfing: account '1505686023' made 3 transactions totalling 16,624.97 within 24h (each below 9,999.00 threshold)"
2612,2026-05-07 14:20:06,5872542769,4084730745,1462.22,UK pounds,UK pounds,UK,UK,Credit card,0,,0,LOW,,
2613,2026-05-07 14:20:10,5340847410,4909303739,2355.78,UK pounds,UK pounds,UK,UK,Debit card,0,,0,LOW,,
2614,2026-05-07 14:20:10,2265952467,6444893405,236.36,UK pounds,UK pounds,UK,UK,ACH,0,,0,LOW,,
2615,2026-05-07 14:20:12,4300351662,2306339187,5668.29,UK pounds,UK pounds,UK,UK,Credit card,0,,0,LOW,,
2616,2026-05-07 14:20:14,2216321707,5929931212,14595.5,UK pounds,UK pounds,UK,UK,Cheque,0,Large-Cash-Transaction,25,LOW,LargeTransaction,"Transaction amount 14,595.50 UK pounds exceeds threshold of 8,000.00"
2617,2026-05-07 14:20:15,1378784400,7780773895,5143.09,UK pounds,UK pounds,UK,UK,ACH,1,Structuring/Smurfing,40,MEDIUM,Smurfing,"Smurfing: account '1378784400' made 12 transactions totalling 80,502.69 within 24h (each below 9,999.00 threshold)"
2618,2026-05-07 14:20:18,7192000948,1603237411,1817.88,UK pounds,UK pounds,UK,UK,Cash Deposit,0,,0,LOW,,
2619,2026-05-07 14:20:18,1640969510,9218586464,1658.94,UK pounds,UK pounds,UK,UK,Debit card,0,,0,LOW,,
2620,2026-05-07 14:20:18,3418679574,7167190977,4415.17,UK pounds,UK pounds,UK,UK,Credit card,0,,0,LOW,,
2621,2026-05-07 14:20:19,7011953210,6066880238,27056.51,UK pounds,UK pounds,UK,UK,ACH,0,Large-Cash-Transaction,25,LOW,LargeTransaction,"Transaction amount 27,056.51 UK pounds exceeds threshold of 8,000.00"
2622,2026-05-07 14:20:19,222127079,5858369125,7776.84,UK pounds,UK pounds,UK,UK,ACH,0,,0,LOW,,
2623,2026-05-07 14:20:20,5457107039,6118458570,4383.42,UK pounds,UK pounds,UK,UK,Cheque,0,,0,LOW,,
2624,2026-05-07 14:20:20,5828152419,5628376096,1088.07,UK pounds,UK pounds,UK,UK,Credit card,0,,0,LOW,,
2625,2026-05-07 14:20:23,4082552798,4173195094,11909.06,UK pounds,UK pounds,UK,UK,Credit card,0,Large-Cash-Transaction,25,LOW,LargeTransaction,"Transaction amount 11,909.06 UK pounds exceeds threshold of 8,000.00"
2626,2026-05-07 14:20:30,3168051873,6883932008,10287.53,UK pounds,UK pounds,UK,UK,Debit card,0,Large-Cash-Transaction,25,LOW,LargeTransaction,"Transaction amount 10,287.53 UK pounds exceeds threshold of 8,000.00"
2627,2026-05-07 14:20:30,9183068471,5395625165,2189.98,UK pounds,UK pounds,UK,UK,Debit card,0,,0,LOW,,
2628,2026-05-07 14:20:32,7403581265,295870321,423.53,UK pounds,UK pounds,UK,UK,Cheque,0,,0,LOW,,
2629,2026-05-07 14:20:33,7421451752,887047763,11354.92,UK pounds,UK pounds,UK,UK,Debit card,0,Large-Cash-Transaction,25,LOW,LargeTransaction,"Transaction amount 11,354.92 UK pounds exceeds threshold of 8,000.00"
2630,2026-05-07 14:20:35,8389148416,2392468436,15968.3,UK pounds,UK pounds,UK,UK,Credit card,0,Large-Cash-Transaction,25,LOW,LargeTransaction,"Transaction amount 15,968.30 UK pounds exceeds threshold of 8,000.00"
2631,2026-05-07 14:20:35,4651195630,6808859386,635.74,UK pounds,Euro,UK,Italy,Cross-border,0,,0,LOW,,
2632,2026-05-07 14:20:35,9501125485,8640905583,3558.88,UK pounds,UK pounds,UK,UK,Debit card,0,Fan-Out/Money-Mule,20,LOW,RapidMovement,RapidMovement: part of rapid fund re-dispatch from account '9501125485'
2633,2026-05-07 14:20:36,675669049,9462027504,9611.22,UK pounds,UK pounds,UK,UK,ACH,1,Large-Cash-Transaction; Structuring/Smurfing,65,HIGH,LargeTransaction|Smurfing,"Transaction amount 9,611.22 UK pounds exceeds threshold of 8,000.00; Smurfing: account '675669049' made 7 transactions totalling 51,120.07 within 24h (each below 9,999.00 threshold)"
2634,2026-05-07 14:20:38,3262760251,3695545812,20743.87,UK pounds,UK pounds,UK,UK,Credit card,0,Large-Cash-Transaction,25,LOW,LargeTransaction,"Transaction amount 20,743.87 UK pounds exceeds threshold of 8,000.00"
2635,2026-05-07 14:20:41,9720175840,6071708469,871.17,UK pounds,UK pounds,UK,UK,Debit card,0,,0,LOW,,
2636,2026-05-07 14:20:42,220207910,3147627687,5261.6,UK pounds,UK pounds,UK,UK,Cash Deposit,0,,0,LOW,,
2637,2026-05-07 14:20:44,2949870600,5434184955,265.58,UK pounds,UK pounds,UK,UK,Cash Withdrawal,0,,0,LOW,,
2638,2026-05-07 14:20:48,7758268667,7778416970,7269.61,UK pounds,UK pounds,UK,UK,ACH,1,Structuring/Smurfing,40,MEDIUM,Smurfing,"Smurfing: account '7758268667' made 18 transactions totalling 143,892.69 within 24h (each below 9,999.00 threshold)"
2639,2026-05-07 14:20:50,8431626322,8911101531,22571.25,UK pounds,UK pounds,UK,UK,Debit card,0,Large-Cash-Transaction,25,LOW,LargeTransaction,"Transaction amount 22,571.25 UK pounds exceeds threshold of 8,000.00"
2640,2026-05-07 14:20:50,4091254818,215927855,38621.07,UK pounds,UK pounds,UK,UK,ACH,0,Large-Cash-Transaction,25,LOW,LargeTransaction,"Transaction amount 38,621.07 UK pounds exceeds threshold of 8,000.00"
2641,2026-05-07 14:20:51,8201605808,9600420260,7308.4,UK pounds,UK pounds,UK,UK,Credit card,1,Structuring/Smurfing,40,MEDIUM,Smurfing,"Smurfing: account '8201605808' made 3 transactions totalling 21,560.86 within 24h (each below 9,999.00 threshold)"
2642,2026-05-07 14:20:58,3452368468,3828135271,5560.0,UK pounds,UK pounds,UK,UK,Cheque,1,Structuring/Smurfing,40,MEDIUM,Smurfing,"Smurfing: account '3452368468' made 4 transactions totalling 22,027.50 within 24h (each below 9,999.00 threshold)"
2643,2026-05-07 14:21:01,1959244548,4384524378,804.25,UK pounds,Moroccan dirham,UK,Morocco,Cross-border,0,,0,LOW,,
2644,2026-05-07 14:21:03,2365007895,2954469099,13180.74,UK pounds,UK pounds,UK,UK,ACH,0,Large-Cash-Transaction,25,LOW,LargeTransaction,"Transaction amount 13,180.74 UK pounds exceeds threshold of 8,000.00"
2645,2026-05-07 14:21:12,3792189465,7080357663,5424.06,Mexican Peso,UK pounds,Mexico,UK,Cross-border,0,,0,LOW,,
2646,2026-05-07 14:21:13,2498886479,8628758173,12323.06,UK pounds,UK pounds,UK,UK,ACH,0,Large-Cash-Transaction,25,LOW,LargeTransaction,"Transaction amount 12,323.06 UK pounds exceeds threshold of 8,000.00"
2647,2026-05-07 14:21:14,3868587578,7080357663,12707.06,UK pounds,UK pounds,UK,UK,Credit card,0,Large-Cash-Transaction,25,LOW,LargeTransaction,"Transaction amount 12,707.06 UK pounds exceeds threshold of 8,000.00"
2648,2026-05-07 14:21:17,964226904,1320927231,7117.4,UK pounds,UK pounds,UK,UK,Credit card,0,,0,LOW,,
2649,2026-05-07 14:21:19,353944921,4596777459,92.1,UK pounds,UK pounds,UK,UK,Cash Withdrawal,0,,0,LOW,,
2650,2026-05-07 14:21:22,5496730550,3411507071,15730.53,UK pounds,UK pounds,UK,UK,Cheque,0,Large-Cash-Transaction,25,LOW,LargeTransaction,"Transaction amount 15,730.53 UK pounds exceeds threshold of 8,000.00"
2651,2026-05-07 14:21:23,5194203969,3665417392,338.49,UK pounds,UK pounds,UK,UK,Debit card,0,,0,LOW,,
2652,2026-05-07 14:21:28,4407302829,2627480325,585.5,UK pounds,UK pounds,UK,UK,Credit card,0,,0,LOW,,
2653,2026-05-07 14:21:29,3709430533,7472952117,7162.98,UK pounds,UK pounds,UK,UK,Credit card,1,Structuring/Smurfing,40,MEDIUM,Smurfing,"Smurfing: account '3709430533' made 16 transactions totalling 119,493.47 within 24h (each below 9,999.00 threshold)"
2654,2026-05-07 14:21:31,2016577452,5896180453,48490.39,UK pounds,UK pounds,UK,UK,Debit card,0,Large-Cash-Transaction,25,LOW,LargeTransaction,"Transaction amount 48,490.39 UK pounds exceeds threshold of 8,000.00"
2655,2026-05-07 14:21:31,6541552727,7752965423,11338.72,UK pounds,UK pounds,UK,UK,Cheque,0,Large-Cash-Transaction,25,LOW,LargeTransaction,"Transaction amount 11,338.72 UK pounds exceeds threshold of 8,000.00"
2656,2026-05-07 14:21:33,7143010173,1493436023,5203.06,Mexican Peso,UK pounds,Mexico,UK,Cross-border,0,,0,LOW,,
2657,2026-05-07 14:21:34,2981214459,7160736915,5505.46,UK pounds,UK pounds,UK,UK,Cheque,1,Structuring/Smurfing,40,MEDIUM,Smurfing,"Smurfing: account '2981214459' made 3 transactions totalling 16,612.72 within 24h (each below 9,999.00 threshold)"
2658,2026-05-07 14:21:34,8206815621,1280352374,761.23,UK pounds,UK pounds,UK,UK,Credit card,0,,0,LOW,,
2659,2026-05-07 14:21:37,7994747822,7484640507,1601.71,UK pounds,UK pounds,UK,UK,ACH,0,,0,LOW,,
2660,2026-05-07 14:21:38,7758268667,4313894778,6706.35,UK pounds,UK pounds,UK,UK,Debit card,1,Structuring/Smurfing,40,MEDIUM,Smurfing,"Smurfing: account '7758268667' made 19 transactions totalling 150,599.04 within 24h (each below 9,999.00 threshold)"
2661,2026-05-07 14:21:43,5016065737,7543008657,520.46,UK pounds,UK pounds,UK,UK,Debit card,0,,0,LOW,,
2662,2026-05-07 14:21:43,7960875619,9214377977,310.45,UK pounds,UK pounds,UK,UK,Credit card,0,,0,LOW,,
2663,2026-05-07 14:21:44,2906190749,6034997194,18679.25,UK pounds,UK pounds,UK,UK,ACH,0,Large-Cash-Transaction,25,LOW,LargeTransaction,"Transaction amount 18,679.25 UK pounds exceeds threshold of 8,000.00"
2664,2026-05-07 14:21:47,7166052239,8172080174,6959.35,UK pounds,UK pounds,UK,UK,Debit card,1,Structuring/Smurfing; Layering,65,HIGH,Smurfing|Layering,"Smurfing: account '7166052239' made 3 transactions totalling 20,936.24 within 24h (each below 9,999.00 threshold); Fan-in: receiver 8172080174 received from 14 distinct senders within 72h (chain amount: 204,494.95, threshold: 10,000.00)"
2665,2026-05-07 14:21:52,3304241049,4926433781,451.54,UK pounds,UK pounds,UK,UK,ACH,0,,0,LOW,,
2666,2026-05-07 14:21:53,7434320725,1870000469,1344.22,UK pounds,UK pounds,UK,UK,Debit card,0,,0,LOW,,
2667,2026-05-07 14:22:02,9278469330,1442024375,33436.82,UK pounds,UK pounds,UK,UK,ACH,0,Large-Cash-Transaction,25,LOW,LargeTransaction,"Transaction amount 33,436.82 UK pounds exceeds threshold of 8,000.00"
2668,2026-05-07 14:22:05,8338562032,6974188639,2238.27,UK pounds,UK pounds,UK,UK,ACH,0,,0,LOW,,
2669,2026-05-07 14:22:06,3469400171,4194122074,247.55,UK pounds,UK pounds,UK,UK,Credit card,0,,0,LOW,,
2670,2026-05-07 14:22:06,3723396731,2842082173,1183.68,UK pounds,UK pounds,UK,UK,Credit card,0,,0,LOW,,
2671,2026-05-07 14:22:07,1192666467,8807554681,6225.91,UK pounds,UK pounds,UK,UK,Credit card,0,,0,LOW,,
2672,2026-05-07 14:22:07,4915664814,5466123934,7408.88,UK pounds,UK pounds,UK,UK,Debit card,1,Structuring/Smurfing,40,MEDIUM,Smurfing,"Smurfing: account '4915664814' made 3 transactions totalling 22,234.48 within 24h (each below 9,999.00 threshold)"
2673,2026-05-07 14:22:15,4121324384,148220861,4631.82,Euro,Euro,Spain,France,Cross-border,1,Structuring/Smurfing,40,MEDIUM,Smurfing,"Smurfing: account '4121324384' made 6 transactions totalling 44,493.16 within 24h (each below 9,999.00 threshold)"
2674,2026-05-07 14:22:17,9821473719,7911838705,3732.73,UK pounds,UK pounds,UK,UK,Credit card,0,,0,LOW,,
2675,2026-05-07 14:22:18,4121324384,6207531007,19768.66,Euro,UK pounds,Spain,UK,Cross-border,0,Large-Cash-Transaction,25,LOW,LargeTransaction,"Transaction amount 19,768.66 Euro exceeds threshold of 9,000.00"
2676,2026-05-07 14:22:23,7669236826,4294761058,7377.84,UK pounds,Euro,UK,Austria,Cross-border,1,Structuring/Smurfing,40,MEDIUM,Smurfing,"Smurfing: account '7669236826' made 14 transactions totalling 110,065.46 within 24h (each below 9,999.00 threshold)"
2677,2026-05-07 14:22:24,3893365250,8310898867,13388.28,UK pounds,UK pounds,UK,UK,ACH,0,Large-Cash-Transaction,25,LOW,LargeTransaction,"Transaction amount 13,388.28 UK pounds exceeds threshold of 8,000.00"
2678,2026-05-07 14:22:26,1086539411,8859761720,5443.78,UK pounds,UK pounds,UK,UK,Credit card,0,,0,LOW,,
2679,2026-05-07 14:22:27,3935240690,4835743431,3125.57,UK pounds,UK pounds,UK,UK,Cash Deposit,0,,0,LOW,,
2680,2026-05-07 14:22:28,6753953681,8399743158,7848.29,Mexican Peso,UK pounds,UK,UK,Cheque,0,,0,LOW,,
2681,2026-05-07 14:22:28,3548585281,2624357754,2826.66,UK pounds,UK pounds,UK,UK,Debit card,0,,0,LOW,,
2682,2026-05-07 14:22:31,9893340528,5628674969,6644.54,UK pounds,UK pounds,UK,UK,ACH,0,,0,LOW,,
2683,2026-05-07 14:22:32,3510078932,1625701030,6301.35,UK pounds,UK pounds,UK,UK,Credit card,1,Structuring/Smurfing,40,MEDIUM,Smurfing,"Smurfing: account '3510078932' made 18 transactions totalling 121,513.52 within 24h (each below 9,999.00 threshold)"
2684,2026-05-07 14:22:32,9673864368,7080357663,12057.92,UK pounds,UK pounds,UK,UK,Credit card,0,Large-Cash-Transaction,25,LOW,LargeTransaction,"Transaction amount 12,057.92 UK pounds exceeds threshold of 8,000.00"
2685,2026-05-07 14:22:33,5936713526,7160736915,14032.11,UK pounds,UK pounds,UK,UK,Cheque,0,Large-Cash-Transaction,25,LOW,LargeTransaction,"Transaction amount 14,032.11 UK pounds exceeds threshold of 8,000.00"
2686,2026-05-07 14:22:38,8456279067,2341493832,7926.63,UK pounds,UK pounds,UK,UK,Cheque,1,Structuring/Smurfing,40,MEDIUM,Smurfing,"Smurfing: account '8456279067' made 15 transactions totalling 109,826.47 within 24h (each below 9,999.00 threshold)"
2687,2026-05-07 14:22:38,5631378216,5628674969,8997.34,UK pounds,UK pounds,UK,UK,ACH,1,Large-Cash-Transaction; Structuring/Smurfing,65,HIGH,LargeTransaction|Smurfing,"Transaction amount 8,997.34 UK pounds exceeds threshold of 8,000.00; Smurfing: account '5631378216' made 3 transactions totalling 27,030.30 within 24h (each below 9,999.00 threshold)"
2688,2026-05-07 14:22:38,6904668523,1140410616,4992.47,UK pounds,UK pounds,UK,UK,Cheque,1,Structuring/Smurfing,40,MEDIUM,Smurfing,"Smurfing: account '6904668523' made 12 transactions totalling 81,543.22 within 24h (each below 9,999.00 threshold)"
2689,2026-05-07 14:22:39,618950480,907352467,357.48,UK pounds,UK pounds,UK,UK,Debit card,0,,0,LOW,,
2690,2026-05-07 14:22:40,8821729282,9320861805,1848.44,UK pounds,UK pounds,UK,UK,Cash Deposit,0,,0,LOW,,
2691,2026-05-07 14:22:44,9534729015,8950761727,6942.21,UK pounds,UK pounds,UK,UK,Debit card,1,Structuring/Smurfing,40,MEDIUM,Smurfing,"Smurfing: account '9534729015' made 6 transactions totalling 41,318.99 within 24h (each below 9,999.00 threshold)"
2692,2026-05-07 14:22:45,4171459630,266074428,3145.84,UK pounds,UK pounds,UK,UK,ACH,0,,0,LOW,,
2693,2026-05-07 14:22:45,9269816874,9952889104,4062.41,UK pounds,UK pounds,UK,UK,Cash Deposit,0,,0,LOW,,
2694,2026-05-07 14:22:48,6086421020,6624920676,6335.25,UK pounds,UK pounds,UK,UK,Credit card,1,Structuring/Smurfing,40,MEDIUM,Smurfing,"Smurfing: account '6086421020' made 22 transactions totalling 151,963.44 within 24h (each below 9,999.00 threshold)"
2695,2026-05-07 14:22:48,1576773608,9452097962,6165.7,UK pounds,UK pounds,UK,UK,Debit card,0,,0,LOW,,
2696,2026-05-07 14:22:54,7421451752,7591504865,12082.01,UK pounds,UK pounds,UK,UK,Debit card,0,Large-Cash-Transaction,25,LOW,LargeTransaction,"Transaction amount 12,082.01 UK pounds exceeds threshold of 8,000.00"
2697,2026-05-07 14:22:59,3580636597,5103043844,7467.72,UK pounds,Naira,UK,Nigeria,Cross-border,0,,0,LOW,,
2698,2026-05-07 14:22:59,1333192358,7116886132,4235.94,UK pounds,UK pounds,UK,UK,ACH,0,,0,LOW,,
2699,2026-05-07 14:22:59,5571652530,5466123934,5621.62,UK pounds,UK pounds,UK,UK,Debit card,0,,0,LOW,,
2700,2026-05-07 14:23:03,9180934204,6855935396,8726.1,UK pounds,UK pounds,UK,UK,ACH,0,Large-Cash-Transaction,25,LOW,LargeTransaction,"Transaction amount 8,726.10 UK pounds exceeds threshold of 8,000.00"
2701,2026-05-07 14:23:05,9599601958,6022854297,8831.0,UK pounds,UK pounds,UK,UK,Credit card,0,Large-Cash-Transaction,25,LOW,LargeTransaction,"Transaction amount 8,831.00 UK pounds exceeds threshold of 8,000.00"
2702,2026-05-07 14:23:08,9580371702,6646502650,6246.89,UK pounds,Euro,UK,France,Cross-border,0,,0,LOW,,
2703,2026-05-07 14:23:09,5772469780,5858369125,5083.19,Euro,UK pounds,Spain,UK,Cross-border,0,,0,LOW,,
2704,2026-05-07 14:23:10,5405661991,757928908,1496.8,UK pounds,UK pounds,UK,UK,ACH,0,,0,LOW,,
2705,2026-05-07 14:23:16,3510078932,2759163705,5004.75,UK pounds,UK pounds,UK,UK,ACH,1,Structuring/Smurfing,40,MEDIUM,Smurfing,"Smurfing: account '3510078932' made 19 transactions totalling 126,518.27 within 24h (each below 9,999.00 threshold)"
2706,2026-05-07 14:23:19,8456279067,5344331047,4638.37,UK pounds,UK pounds,UK,UK,Cheque,1,Structuring/Smurfing,40,MEDIUM,Smurfing,"Smurfing: account '8456279067' made 16 transactions totalling 114,464.84 within 24h (each below 9,999.00 threshold)"
2707,2026-05-07 14:23:19,2805781462,8503932420,3236.47,UK pounds,UK pounds,UK,UK,ACH,0,,0,LOW,,
2708,2026-05-07 14:23:20,8414700087,3456489128,1144.6,UK pounds,Euro,UK,France,Cross-border,0,,0,LOW,,
2709,2026-05-07 14:23:20,6744599788,1698816381,3528.2,UK pounds,UK pounds,UK,UK,Debit card,0,,0,LOW,,
2710,2026-05-07 14:23:25,8212330109,2534644942,5407.96,UK pounds,Euro,UK,France,Cross-border,0,,0,LOW,,
2711,2026-05-07 14:23:26,3396853729,4293580479,25816.44,UK pounds,UK pounds,UK,UK,Credit card,0,Large-Cash-Transaction,25,LOW,LargeTransaction,"Transaction amount 25,816.44 UK pounds exceeds threshold of 8,000.00"
2712,2026-05-07 14:23:39,3614082527,1732858296,9319.83,UK pounds,UK pounds,UK,UK,Cheque,1,Large-Cash-Transaction; Structuring/Smurfing,65,HIGH,LargeTransaction|Smurfing,"Transaction amount 9,319.83 UK pounds exceeds threshold of 8,000.00; Smurfing: account '3614082527' made 13 transactions totalling 98,638.25 within 24h (each below 9,999.00 threshold)"
2713,2026-05-07 14:23:43,8764119560,5740296498,6877.58,UK pounds,UK pounds,UK,UK,Debit card,0,,0,LOW,,
2714,2026-05-07 14:23:46,9534729015,6566600689,20583.85,UK pounds,UK pounds,UK,UK,Credit card,0,Large-Cash-Transaction,25,LOW,LargeTransaction,"Transaction amount 20,583.85 UK pounds exceeds threshold of 8,000.00"
2715,2026-05-07 14:23:47,4816630049,1700831270,1996.82,UK pounds,UK pounds,UK,UK,Cash Deposit,0,,0,LOW,,
2716,2026-05-07 14:23:47,1573450167,6953672776,10661.87,UK pounds,Mexican Peso,UK,Mexico,Cross-border,0,Large-Cash-Transaction,25,LOW,LargeTransaction,"Transaction amount 10,661.87 UK pounds exceeds threshold of 8,000.00"
2717,2026-05-07 14:23:47,6355446865,3381500798,2456.12,UK pounds,UK pounds,UK,UK,Debit card,0,,0,LOW,,
2718,2026-05-07 14:23:52,735250912,8861987069,945.91,UK pounds,UK pounds,UK,UK,Credit card,0,,0,LOW,,
2719,2026-05-07 14:23:52,1439240302,9971122994,3476.49,UK pounds,UK pounds,UK,UK,ACH,0,Fan-Out/Money-Mule,20,LOW,RapidMovement,RapidMovement: part of rapid fund re-dispatch from account '1439240302'
2720,2026-05-07 14:23:55,6543798721,2351295205,737.73,UK pounds,UK pounds,UK,UK,Debit card,0,,0,LOW,,
2721,2026-05-07 14:23:57,8172080174,5039020003,2225.35,UK pounds,UK pounds,UK,UK,Debit card,0,,0,LOW,,
2722,2026-05-07 14:23:57,1173514655,3887264122,1114.37,UK pounds,UK pounds,UK,UK,ACH,0,,0,LOW,,
2723,2026-05-07 14:23:58,7398196455,7183258749,594.24,UK pounds,UK pounds,UK,UK,Credit card,0,,0,LOW,,
2724,2026-05-07 14:24:00,7421451752,1160338470,4448.22,UK pounds,UK pounds,UK,UK,ACH,1,Structuring/Smurfing,40,MEDIUM,Smurfing,"Smurfing: account '7421451752' made 11 transactions totalling 62,627.14 within 24h (each below 9,999.00 threshold)"
2725,2026-05-07 14:24:01,2045644966,621060264,6953.62,UK pounds,UK pounds,UK,UK,Cheque,0,,0,LOW,,
2726,2026-05-07 14:24:02,5250272499,4988784894,839.34,UK pounds,UK pounds,UK,UK,ACH,0,,0,LOW,,
2727,2026-05-07 14:24:04,9671550116,7010486120,377290.1,UK pounds,UK pounds,UK,UK,Cheque,0,Large-Cash-Transaction,25,LOW,LargeTransaction,"Transaction amount 377,290.10 UK pounds exceeds threshold of 8,000.00"
2728,2026-05-07 14:24:18,2365007895,5866348729,16023.36,UK pounds,UK pounds,UK,UK,Debit card,0,Large-Cash-Transaction,25,LOW,LargeTransaction,"Transaction amount 16,023.36 UK pounds exceeds threshold of 8,000.00"
2729,2026-05-07 14:24:22,2534272844,4104188655,810.53,UK pounds,UK pounds,UK,UK,Cheque,0,,0,LOW,,
2730,2026-05-07 14:24:24,2143937087,5822945862,3735.27,UK pounds,UK pounds,UK,UK,Credit card,0,,0,LOW,,
2731,2026-05-07 14:24:26,2714492146,6352661860,1113.32,UK pounds,UK pounds,UK,UK,ACH,0,,0,LOW,,
2732,2026-05-07 14:24:28,9312099578,4532749549,1224.27,UK pounds,UK pounds,UK,UK,Debit card,0,,0,LOW,,
2733,2026-05-07 14:24:30,868568688,5708936901,12834.32,UK pounds,UK pounds,UK,UK,ACH,0,Large-Cash-Transaction,25,LOW,LargeTransaction,"Transaction amount 12,834.32 UK pounds exceeds threshold of 8,000.00"
2734,2026-05-07 14:24:30,3802395439,5442384483,1812.96,UK pounds,UK pounds,UK,UK,Credit card,0,,0,LOW,,
2735,2026-05-07 14:24:31,3474569692,748423574,388.49,UK pounds,UK pounds,UK,UK,Debit card,0,,0,LOW,,
2736,2026-05-07 14:24:31,1965334248,9093737252,17506.45,UK pounds,UK pounds,UK,UK,Cheque,0,Large-Cash-Transaction,25,LOW,LargeTransaction,"Transaction amount 17,506.45 UK pounds exceeds threshold of 8,000.00"
2737,2026-05-07 14:24:31,2147527699,409707192,10430.74,UK pounds,UK pounds,UK,UK,Credit card,0,Large-Cash-Transaction,25,LOW,LargeTransaction,"Transaction amount 10,430.74 UK pounds exceeds threshold of 8,000.00"
2738,2026-05-07 14:24:32,8203229522,1470548333,5401.47,UK pounds,UK pounds,UK,UK,Debit card,1,Structuring/Smurfing,40,MEDIUM,Smurfing,"Smurfing: account '8203229522' made 8 transactions totalling 47,749.04 within 24h (each below 9,999.00 threshold)"
2739,2026-05-07 14:24:32,1505686023,8678802420,5591.79,Moroccan dirham,UK pounds,UK,UK,Credit card,1,Structuring/Smurfing,40,MEDIUM,Smurfing,"Smurfing: account '1505686023' made 4 transactions totalling 22,216.76 within 24h (each below 9,999.00 threshold)"
2740,2026-05-07 14:24:34,2383666168,1516471563,9753.88,UK pounds,UK pounds,UK,UK,Credit card,0,Large-Cash-Transaction,25,LOW,LargeTransaction,"Transaction amount 9,753.88 UK pounds exceeds threshold of 8,000.00"
2741,2026-05-07 14:24:34,3496725203,8863121064,2443.45,UK pounds,UK pounds,UK,UK,ACH,0,,0,LOW,,
2742,2026-05-07 14:24:38,1915450576,1662926606,5340.51,UK pounds,UK pounds,UK,UK,ACH,1,Structuring/Smurfing,40,MEDIUM,Smurfing,"Smurfing: account '1915450576' made 14 transactions totalling 84,480.13 within 24h (each below 9,999.00 threshold)"
2743,2026-05-07 14:24:44,4584388496,621060264,6875.38,UK pounds,Yen,UK,UK,Credit card,0,,0,LOW,,
2744,2026-05-07 14:24:46,96933227,8172080174,4829.01,UK pounds,UK pounds,UK,UK,Credit card,0,Layering,25,LOW,Layering,"Fan-in: receiver 8172080174 received from 15 distinct senders within 72h (chain amount: 209,323.96, threshold: 10,000.00)"
2745,2026-05-07 14:24:47,2821828833,7889746944,9712.0,UK pounds,UK pounds,UK,UK,Debit card,0,Large-Cash-Transaction,25,LOW,LargeTransaction,"Transaction amount 9,712.00 UK pounds exceeds threshold of 8,000.00"
2746,2026-05-07 14:24:51,5982914936,9491670243,9720.77,UK pounds,UK pounds,UK,UK,Debit card,1,Large-Cash-Transaction; Structuring/Smurfing,65,HIGH,LargeTransaction|Smurfing,"Transaction amount 9,720.77 UK pounds exceeds threshold of 8,000.00; Smurfing: account '5982914936' made 10 transactions totalling 88,799.62 within 24h (each below 9,999.00 threshold)"
2747,2026-05-07 14:24:54,7155736136,1316458123,5716.72,UK pounds,Mexican Peso,UK,Mexico,Cross-border,0,,0,LOW,,
2748,2026-05-07 14:24:55,5569153885,3144950707,340.18,UK pounds,UK pounds,UK,UK,Credit card,0,,0,LOW,,
2749,2026-05-07 14:25:01,9222757302,5109623450,9271.3,UK pounds,UK pounds,UK,UK,Credit card,1,Large-Cash-Transaction; Structuring/Smurfing,65,HIGH,LargeTransaction|Smurfing,"Transaction amount 9,271.30 UK pounds exceeds threshold of 8,000.00; Smurfing: account '9222757302' made 4 transactions totalling 36,722.31 within 24h (each below 9,999.00 threshold)"
2750,2026-05-07 14:25:04,1462119319,2862429259,901.12,UK pounds,UK pounds,UK,UK,ACH,0,,0,LOW,,
2751,2026-05-07 14:25:12,117632468,2998811964,1440.15,UK pounds,UK pounds,UK,UK,Credit card,0,,0,LOW,,
2752,2026-05-07 14:25:14,7246738772,3451410014,1243.25,UK pounds,UK pounds,UK,UK,Cheque,0,,0,LOW,,
2753,2026-05-07 14:25:16,3510078932,1861324833,4438.02,UK pounds,UK pounds,UK,UK,Credit card,1,Structuring/Smurfing,40,MEDIUM,Smurfing,"Smurfing: account '3510078932' made 20 transactions totalling 130,956.29 within 24h (each below 9,999.00 threshold)"
2754,2026-05-07 14:25:17,3741000234,1377603863,22025.32,UK pounds,UK pounds,UK,UK,Cheque,0,Large-Cash-Transaction,25,LOW,LargeTransaction,"Transaction amount 22,025.32 UK pounds exceeds threshold of 8,000.00"
2755,2026-05-07 14:25:18,7494972382,6610534456,1252.37,UK pounds,UK pounds,UK,UK,Cash Deposit,0,,0,LOW,,
2756,2026-05-07 14:25:22,7631167670,7900125583,3975.01,UK pounds,UK pounds,UK,UK,Cheque,0,,0,LOW,,
2757,2026-05-07 14:25:24,8770181801,8906126287,9191.86,UK pounds,UK pounds,UK,UK,Cheque,1,Large-Cash-Transaction; Structuring/Smurfing,65,HIGH,LargeTransaction|Smurfing,"Transaction amount 9,191.86 UK pounds exceeds threshold of 8,000.00; Smurfing: account '8770181801' made 3 transactions totalling 27,905.88 within 24h (each below 9,999.00 threshold)"
2758,2026-05-07 14:25:29,8740508409,1320927231,9348.62,UK pounds,UK pounds,UK,UK,Cheque,0,Large-Cash-Transaction,25,LOW,LargeTransaction,"Transaction amount 9,348.62 UK pounds exceeds threshold of 8,000.00"
2759,2026-05-07 14:25:33,6141403326,5103043844,4969.16,UK pounds,Naira,UK,Nigeria,Cross-border,0,,0,LOW,,
2760,2026-05-07 14:25:35,3154318722,881351237,22912.47,UK pounds,Moroccan dirham,UK,Morocco,Cross-border,0,Large-Cash-Transaction,25,LOW,LargeTransaction,"Transaction amount 22,912.47 UK pounds exceeds threshold of 8,000.00"
2761,2026-05-07 14:25:35,7529394612,2021121305,872.74,UK pounds,UK pounds,UK,UK,Cheque,0,,0,LOW,,
2762,2026-05-07 14:25:36,756820945,5484763398,335.68,UK pounds,UK pounds,UK,UK,Cash Withdrawal,0,,0,LOW,,
2763,2026-05-07 14:25:36,3614082527,2483418869,7700.95,UK pounds,UK pounds,UK,UK,Credit card,1,Structuring/Smurfing,40,MEDIUM,Smurfing,"Smurfing: account '3614082527' made 14 transactions totalling 106,339.20 within 24h (each below 9,999.00 threshold)"
2764,2026-05-07 14:25:38,8987848252,1566990579,5951.98,UK pounds,UK pounds,UK,UK,Credit card,1,Structuring/Smurfing,40,MEDIUM,Smurfing,"Smurfing: account '8987848252' made 8 transactions totalling 51,609.20 within 24h (each below 9,999.00 threshold)"
2765,2026-05-07 14:25:39,3518396927,5085804281,322.83,UK pounds,Indian rupee,UK,India,Cross-border,0,,0,LOW,,
2766,2026-05-07 14:25:39,6506204853,964625857,241.73,UK pounds,UK pounds,UK,UK,Credit card,0,,0,LOW,,
2767,2026-05-07 14:25:44,4928925377,9149999887,2519.45,UK pounds,UK pounds,UK,UK,Debit card,0,,0,LOW,,
2768,2026-05-07 14:25:47,4758294964,8172080174,21251.43,UK pounds,UK pounds,UK,UK,Cheque,1,Large-Cash-Transaction; Layering,50,MEDIUM,LargeTransaction|Layering,"Transaction amount 21,251.43 UK pounds exceeds threshold of 8,000.00; Fan-in: receiver 8172080174 received from 15 distinct senders within 72h (chain amount: 230,575.39, threshold: 10,000.00)"
2769,2026-05-07 14:25:48,6354136969,7080357663,19935.0,UK pounds,UK pounds,UK,UK,ACH,0,Large-Cash-Transaction,25,LOW,LargeTransaction,"Transaction amount 19,935.00 UK pounds exceeds threshold of 8,000.00"
2770,2026-05-07 14:25:53,3016896372,2169331171,39906.91,UK pounds,UK pounds,UK,UK,Cheque,0,Large-Cash-Transaction,25,LOW,LargeTransaction,"Transaction amount 39,906.91 UK pounds exceeds threshold of 8,000.00"
2771,2026-05-07 14:25:57,8210182962,5803760522,4646.84,UK pounds,UK pounds,UK,UK,ACH,0,,0,LOW,,
2772,2026-05-07 14:26:00,6086421020,2415686992,4593.99,UK pounds,UK pounds,UK,UK,Debit card,1,Structuring/Smurfing,40,MEDIUM,Smurfing,"Smurfing: account '6086421020' made 23 transactions totalling 156,557.43 within 24h (each below 9,999.00 threshold)"
2773,2026-05-07 14:26:02,2028959593,5466123934,4704.2,UK pounds,UK pounds,UK,UK,Cheque,0,,0,LOW,,
2774,2026-05-07 14:26:07,8587242371,5363117119,20042.56,UK pounds,UK pounds,UK,UK,Cheque,0,Large-Cash-Transaction,25,LOW,LargeTransaction,"Transaction amount 20,042.56 UK pounds exceeds threshold of 8,000.00"
2775,2026-05-07 14:26:09,3219806741,7997129870,13783.98,UK pounds,UK pounds,UK,UK,ACH,0,Large-Cash-Transaction,25,LOW,LargeTransaction,"Transaction amount 13,783.98 UK pounds exceeds threshold of 8,000.00"
2776,2026-05-07 14:26:10,8759244417,2518236850,34757.87,UK pounds,UK pounds,UK,UK,Cheque,0,Large-Cash-Transaction,25,LOW,LargeTransaction,"Transaction amount 34,757.87 UK pounds exceeds threshold of 8,000.00"
2777,2026-05-07 14:26:12,3709430533,5326123158,9967.16,UK pounds,UK pounds,UK,UK,Cheque,1,Large-Cash-Transaction; Structuring/Smurfing,65,HIGH,LargeTransaction|Smurfing,"Transaction amount 9,967.16 UK pounds exceeds threshold of 8,000.00; Smurfing: account '3709430533' made 17 transactions totalling 129,460.63 within 24h (each below 9,999.00 threshold)"
2778,2026-05-07 14:26:15,3719446634,7344049758,1285.05,UK pounds,UK pounds,UK,UK,Debit card,0,,0,LOW,,
2779,2026-05-07 14:26:16,2797271466,5914713322,10940.81,UK pounds,UK pounds,UK,UK,Cheque,0,Large-Cash-Transaction,25,LOW,LargeTransaction,"Transaction amount 10,940.81 UK pounds exceeds threshold of 8,000.00"
2780,2026-05-07 14:26:16,2365007895,8015553278,6885.41,UK pounds,UK pounds,UK,UK,Debit card,1,Structuring/Smurfing,40,MEDIUM,Smurfing,"Smurfing: account '2365007895' made 15 transactions totalling 107,675.68 within 24h (each below 9,999.00 threshold)"
2781,2026-05-07 14:26:21,5931838828,8407065812,16581.0,UK pounds,Turkish lira,UK,Turkey,Cross-border,0,Large-Cash-Transaction,25,LOW,LargeTransaction,"Transaction amount 16,581.00 UK pounds exceeds threshold of 8,000.00"
2782,2026-05-07 14:26:22,3738522512,7466236576,492.71,UK pounds,UK pounds,UK,UK,ACH,0,,0,LOW,,
2783,2026-05-07 14:26:26,1698069732,392316582,2332.5,UK pounds,UK pounds,UK,UK,Debit card,0,,0,LOW,,
2784,2026-05-07 14:26:29,2562020395,1431561040,10008.07,UK pounds,UK pounds,UK,UK,Cheque,0,Large-Cash-Transaction,25,LOW,LargeTransaction,"Transaction amount 10,008.07 UK pounds exceeds threshold of 8,000.00"
2785,2026-05-07 14:26:29,2618676189,9945393863,3148.31,UK pounds,UK pounds,UK,UK,Debit card,1,Structuring/Smurfing,40,MEDIUM,Smurfing,"Smurfing: account '2618676189' made 3 transactions totalling 14,311.93 within 24h (each below 9,999.00 threshold)"
2786,2026-05-07 14:26:29,9691090893,7199625988,9540.9,UK pounds,UK pounds,UK,UK,Debit card,0,Large-Cash-Transaction,25,LOW,LargeTransaction,"Transaction amount 9,540.90 UK pounds exceeds threshold of 8,000.00"
2787,2026-05-07 14:26:33,9880098011,7892884492,16609.44,UK pounds,US dollar,UK,USA,Cross-border,0,Large-Cash-Transaction,25,LOW,LargeTransaction,"Transaction amount 16,609.44 UK pounds exceeds threshold of 8,000.00"
2788,2026-05-07 14:26:33,1170249640,1378068493,1535.08,UK pounds,UK pounds,UK,UK,Credit card,0,,0,LOW,,
2789,2026-05-07 14:26:33,6591907066,3170784793,394.76,UK pounds,UK pounds,UK,UK,Debit card,0,,0,LOW,,
2790,2026-05-07 14:26:34,3131760341,4778976577,3274.38,UK pounds,UK pounds,UK,UK,Credit card,0,,0,LOW,,
2791,2026-05-07 14:26:35,2608070620,1493436023,5223.19,UK pounds,UK pounds,UK,UK,Debit card,0,,0,LOW,,
2792,2026-05-07 14:26:35,8082818620,7694179470,387.51,UK pounds,UK pounds,UK,UK,Credit card,0,,0,LOW,,
2793,2026-05-07 14:26:36,8389148416,66319223,7975.88,UK pounds,UK pounds,UK,UK,ACH,1,Structuring/Smurfing,40,MEDIUM,Smurfing,"Smurfing: account '8389148416' made 10 transactions totalling 70,104.62 within 24h (each below 9,999.00 threshold)"
2794,2026-05-07 14:26:39,9807850410,3585539957,1388.49,UK pounds,UK pounds,UK,UK,Credit card,0,,0,LOW,,
2795,2026-05-07 14:26:39,5631378216,5628674969,9063.91,UK pounds,UK pounds,UK,UK,Cheque,1,Large-Cash-Transaction; Structuring/Smurfing,65,HIGH,LargeTransaction|Smurfing,"Transaction amount 9,063.91 UK pounds exceeds threshold of 8,000.00; Smurfing: account '5631378216' made 4 transactions totalling 36,094.21 within 24h (each below 9,999.00 threshold)"
2796,2026-05-07 14:26:39,2757525798,7348593047,1569.17,UK pounds,UK pounds,UK,UK,Cash Deposit,0,,0,LOW,,
2797,2026-05-07 14:26:39,3758118046,4854710545,6051.71,UK pounds,UK pounds,UK,UK,Credit card,0,,0,LOW,,
2798,2026-05-07 14:26:42,7608777963,6855935396,4917.47,UK pounds,UK pounds,UK,UK,ACH,0,,0,LOW,,
2799,2026-05-07 14:26:43,4002097973,4650654228,4410.6,UK pounds,UK pounds,UK,UK,Credit card,0,,0,LOW,,
2800,2026-05-07 14:26:45,7421451752,804519509,6125.8,UK pounds,UK pounds,UK,UK,Debit card,1,Structuring/Smurfing,40,MEDIUM,Smurfing,"Smurfing: account '7421451752' made 12 transactions totalling 68,752.94 within 24h (each below 9,999.00 threshold)"
2801,2026-05-07 14:26:47,9444716063,2059558364,4065.1,UK pounds,UK pounds,UK,UK,Debit card,0,,0,LOW,,
2802,2026-05-07 14:26:47,7501327339,1073749339,15933.58,UK pounds,UK pounds,UK,UK,Credit card,0,Large-Cash-Transaction,25,LOW,LargeTransaction,"Transaction amount 15,933.58 UK pounds exceeds threshold of 8,000.00"
2803,2026-05-07 14:26:48,5753088795,7892884492,10964.51,UK pounds,US dollar,UK,USA,Cross-border,0,Large-Cash-Transaction,25,LOW,LargeTransaction,"Transaction amount 10,964.51 UK pounds exceeds threshold of 8,000.00"
2804,2026-05-07 14:26:52,1225080541,1404847199,2225.6,UK pounds,UK pounds,UK,UK,ACH,0,,0,LOW,,
2805,2026-05-07 14:26:53,3709430533,2300358725,12384.71,UK pounds,UK pounds,UK,UK,ACH,0,Large-Cash-Transaction,25,LOW,LargeTransaction,"Transaction amount 12,384.71 UK pounds exceeds threshold of 8,000.00"
2806,2026-05-07 14:27:01,7655654712,1388437885,1768.47,UK pounds,UK pounds,UK,UK,Cheque,0,,0,LOW,,
2807,2026-05-07 14:27:05,1491989064,3672723354,4838.41,UK pounds,UK pounds,UK,UK,Credit card,1,Structuring/Smurfing,40,MEDIUM,Smurfing,"Smurfing: account '1491989064' made 9 transactions totalling 61,319.80 within 24h (each below 9,999.00 threshold)"
2808,2026-05-07 14:27:06,4271271664,4437022419,1800.84,UK pounds,UK pounds,UK,UK,Cheque,0,,0,LOW,,
2809,2026-05-07 14:27:06,869649682,2534644942,8162.7,UK pounds,Euro,UK,France,Cross-border,1,Large-Cash-Transaction; Structuring/Smurfing,65,HIGH,LargeTransaction|Smurfing,"Transaction amount 8,162.70 UK pounds exceeds threshold of 8,000.00; Smurfing: account '869649682' made 3 transactions totalling 24,525.45 within 24h (each below 9,999.00 threshold)"
2810,2026-05-07 14:27:06,2797271466,9599693960,9674.35,UK pounds,UK pounds,UK,UK,ACH,1,Large-Cash-Transaction; Structuring/Smurfing,65,HIGH,LargeTransaction|Smurfing,"Transaction amount 9,674.35 UK pounds exceeds threshold of 8,000.00; Smurfing: account '2797271466' made 13 transactions totalling 95,450.52 within 24h (each below 9,999.00 threshold)"
2811,2026-05-07 14:27:16,675669049,9462027504,9679.46,UK pounds,UK pounds,UK,UK,Cheque,1,Large-Cash-Transaction; Structuring/Smurfing,65,HIGH,LargeTransaction|Smurfing,"Transaction amount 9,679.46 UK pounds exceeds threshold of 8,000.00; Smurfing: account '675669049' made 8 transactions totalling 60,799.53 within 24h (each below 9,999.00 threshold)"
2812,2026-05-07 14:27:20,3998168536,4336977506,5925.75,UK pounds,UK pounds,UK,UK,ACH,0,,0,LOW,,
2813,2026-05-07 14:27:29,606784416,8560484320,5697.89,UK pounds,UK pounds,UK,UK,Debit card,0,,0,LOW,,
2814,2026-05-07 14:27:32,3825506456,2654913784,360.91,UK pounds,UK pounds,UK,UK,Cheque,0,,0,LOW,,
2815,2026-05-07 14:27:32,8987848252,685567924,10906.32,UK pounds,UK pounds,UK,UK,Credit card,0,Large-Cash-Transaction,25,LOW,LargeTransaction,"Transaction amount 10,906.32 UK pounds exceeds threshold of 8,000.00"
2816,2026-05-07 14:27:35,8169244844,1582341069,129.2,UK pounds,UK pounds,UK,UK,Cash Withdrawal,0,,0,LOW,,
2817,2026-05-07 14:27:35,9254490267,8898968532,5464.72,UK pounds,UK pounds,UK,UK,ACH,0,,0,LOW,,
2818,2026-05-07 14:27:36,2639130048,1772450152,570.1,UK pounds,Pakistani rupee,UK,UK,Credit card,0,,0,LOW,,
2819,2026-05-07 14:27:44,7199441679,4033231736,26.71,UK pounds,UK pounds,UK,UK,Cash Withdrawal,0,,0,LOW,,
2820,2026-05-07 14:27:45,6904668523,9408376441,8079.6,UK pounds,UK pounds,UK,UK,Credit card,1,Large-Cash-Transaction; Structuring/Smurfing,65,HIGH,LargeTransaction|Smurfing,"Transaction amount 8,079.60 UK pounds exceeds threshold of 8,000.00; Smurfing: account '6904668523' made 13 transactions totalling 89,622.82 within 24h (each below 9,999.00 threshold)"
2821,2026-05-07 14:27:46,7758268667,7505089539,8389.56,UK pounds,UK pounds,UK,UK,ACH,1,Large-Cash-Transaction; Structuring/Smurfing,65,HIGH,LargeTransaction|Smurfing,"Transaction amount 8,389.56 UK pounds exceeds threshold of 8,000.00; Smurfing: account '7758268667' made 20 transactions totalling 158,988.60 within 24h (each below 9,999.00 threshold)"
2822,2026-05-07 14:27:50,1746697837,7055037946,8720.69,UK pounds,UK pounds,UK,UK,Cheque,0,Large-Cash-Transaction,25,LOW,LargeTransaction,"Transaction amount 8,720.69 UK pounds exceeds threshold of 8,000.00"
2823,2026-05-07 14:27:52,8987848252,4344045246,10073.41,UK pounds,Swiss franc,UK,Switzerland,Cross-border,0,Large-Cash-Transaction,25,LOW,LargeTransaction,"Transaction amount 10,073.41 UK pounds exceeds threshold of 8,000.00"
2824,2026-05-07 14:27:53,4527888707,107799969,24426.51,UK pounds,UK pounds,UK,UK,Cheque,0,Large-Cash-Transaction,25,LOW,LargeTransaction,"Transaction amount 24,426.51 UK pounds exceeds threshold of 8,000.00"
2825,2026-05-07 14:27:55,9038201593,770594315,1154.32,UK pounds,UK pounds,UK,UK,Cheque,0,,0,LOW,,
2826,2026-05-07 14:27:57,649073516,7129644193,764.24,UK pounds,UK pounds,UK,UK,Credit card,0,,0,LOW,,
2827,2026-05-07 14:28:10,9920806265,5149752568,889.05,UK pounds,UK pounds,UK,UK,Cheque,0,,0,LOW,,
2828,2026-05-07 14:28:11,7076418907,8563827115,998.64,UK pounds,UK pounds,UK,UK,Debit card,0,,0,LOW,,
2829,2026-05-07 14:28:16,2724243020,4293580479,4910.44,UK pounds,UK pounds,UK,UK,Cheque,0,,0,LOW,,
2830,2026-05-07 14:28:18,5462342679,4960544912,2202.96,UK pounds,UK pounds,UK,UK,Cash Deposit,0,,0,LOW,,
2831,2026-05-07 14:28:25,3598275150,8663661643,3669.52,UK pounds,UK pounds,UK,UK,Debit card,0,,0,LOW,,
2832,2026-05-07 14:28:28,3662109671,8551924242,4914.99,Dirham,UK pounds,UAE,UK,Cross-border,0,,0,LOW,,
2833,2026-05-07 14:28:35,6456964355,6646502650,5667.31,UK pounds,Euro,UK,France,Cross-border,1,Structuring/Smurfing,40,MEDIUM,Smurfing,"Smurfing: account '6456964355' made 3 transactions totalling 16,982.27 within 24h (each below 9,999.00 threshold)"
2834,2026-05-07 14:28:35,4000964192,8121943306,1099.85,UK pounds,UK pounds,UK,UK,ACH,0,,0,LOW,,
2835,2026-05-07 14:28:36,1907651675,6027496922,609.55,UK pounds,UK pounds,UK,UK,Cash Deposit,0,,0,LOW,,
2836,2026-05-07 14:28:37,9521762492,7764559601,8779.4,UK pounds,Euro,UK,Spain,Cross-border,0,Large-Cash-Transaction,25,LOW,LargeTransaction,"Transaction amount 8,779.40 UK pounds exceeds threshold of 8,000.00"
2837,2026-05-07 14:28:41,1491989064,123413463,10263.19,UK pounds,UK pounds,UK,UK,ACH,0,Large-Cash-Transaction,25,LOW,LargeTransaction,"Transaction amount 10,263.19 UK pounds exceeds threshold of 8,000.00"
2838,2026-05-07 14:28:45,5648718332,6444220418,11318.9,Swiss franc,UK pounds,UK,UK,Debit card,0,Large-Cash-Transaction,25,LOW,LargeTransaction,"Transaction amount 11,318.90 Swiss franc exceeds threshold of 10,000.00"
2839,2026-05-07 14:28:47,5452849099,4336977506,8557.07,UK pounds,UK pounds,UK,UK,ACH,1,Large-Cash-Transaction; Structuring/Smurfing,65,HIGH,LargeTransaction|Smurfing,"Transaction amount 8,557.07 UK pounds exceeds threshold of 8,000.00; Smurfing: account '5452849099' made 5 transactions totalling 42,955.75 within 24h (each below 9,999.00 threshold)"
2840,2026-05-07 14:28:47,7466302779,5103043844,12113.78,UK pounds,Naira,UK,Nigeria,Cross-border,0,Large-Cash-Transaction,25,LOW,LargeTransaction,"Transaction amount 12,113.78 UK pounds exceeds threshold of 8,000.00"
2841,2026-05-07 14:28:51,7438507951,3220735304,18774.9,UK pounds,UK pounds,UK,UK,Cheque,0,Large-Cash-Transaction,25,LOW,LargeTransaction,"Transaction amount 18,774.90 UK pounds exceeds threshold of 8,000.00"
2842,2026-05-07 14:28:51,9305024478,3853015698,16015.94,UK pounds,UK pounds,UK,UK,Debit card,0,Large-Cash-Transaction,25,LOW,LargeTransaction,"Transaction amount 16,015.94 UK pounds exceeds threshold of 8,000.00"
2843,2026-05-07 14:28:52,8282293498,2222928329,1216.84,UK pounds,UK pounds,UK,UK,Cheque,0,,0,LOW,,
2844,2026-05-07 14:28:55,212368086,5528854414,149.51,UK pounds,UK pounds,UK,UK,Debit card,0,,0,LOW,,
2845,2026-05-07 14:29:00,2655552102,5628674969,14517.66,UK pounds,UK pounds,UK,UK,Debit card,0,Large-Cash-Transaction,25,LOW,LargeTransaction,"Transaction amount 14,517.66 UK pounds exceeds threshold of 8,000.00"
2846,2026-05-07 14:29:02,6104235596,4020720908,4919.86,UK pounds,UK pounds,UK,UK,Cheque,0,,0,LOW,,
2847,2026-05-07 14:29:03,7021336271,8518184956,4997.54,UK pounds,UK pounds,UK,UK,ACH,1,Structuring/Smurfing,40,MEDIUM,Smurfing,"Smurfing: account '7021336271' made 3 transactions totalling 15,059.12 within 24h (each below 9,999.00 threshold)"
2848,2026-05-07 14:29:07,4495103144,7792695,58.2,UK pounds,UK pounds,UK,UK,Cash Withdrawal,0,,0,LOW,,
2849,2026-05-07 14:29:09,5393610375,6000134281,605.9,UK pounds,UK pounds,UK,UK,ACH,0,,0,LOW,,
2850,2026-05-07 14:29:10,7669236826,6044424887,8361.58,UK pounds,UK pounds,UK,UK,ACH,1,Large-Cash-Transaction; Structuring/Smurfing,65,HIGH,LargeTransaction|Smurfing,"Transaction amount 8,361.58 UK pounds exceeds threshold of 8,000.00; Smurfing: account '7669236826' made 15 transactions totalling 118,427.04 within 24h (each below 9,999.00 threshold)"
2851,2026-05-07 14:29:15,4746823495,1873813961,5490.78,UK pounds,UK pounds,UK,UK,Debit card,0,,0,LOW,,
2852,2026-05-07 14:29:15,7669236826,6127165731,11165.88,UK pounds,UK pounds,UK,UK,Credit card,0,Large-Cash-Transaction,25,LOW,LargeTransaction,"Transaction amount 11,165.88 UK pounds exceeds threshold of 8,000.00"
2853,2026-05-07 14:29:17,1203115222,3909813429,44586.13,UK pounds,UK pounds,UK,UK,Cheque,0,Large-Cash-Transaction,25,LOW,LargeTransaction,"Transaction amount 44,586.13 UK pounds exceeds threshold of 8,000.00"
2854,2026-05-07 14:29:25,9443215605,8839009864,604.09,UK pounds,UK pounds,UK,UK,ACH,0,,0,LOW,,
2855,2026-05-07 14:29:30,5714926472,2534644942,5175.35,UK pounds,Euro,UK,France,Cross-border,1,Structuring/Smurfing,40,MEDIUM,Smurfing,"Smurfing: account '5714926472' made 3 transactions totalling 15,452.81 within 24h (each below 9,999.00 threshold)"
2856,2026-05-07 14:29:34,2693322514,3817112101,1464.96,UK pounds,UK pounds,UK,UK,ACH,0,,0,LOW,,
2857,2026-05-07 14:29:42,2299676190,2534644942,5900.99,UK pounds,Euro,UK,France,Cross-border,1,Structuring/Smurfing,40,MEDIUM,Smurfing,"Smurfing: account '2299676190' made 4 transactions totalling 23,569.61 within 24h (each below 9,999.00 threshold)"
2858,2026-05-07 14:29:43,8820389620,4336977506,7390.81,UK pounds,UK pounds,UK,UK,Debit card,1,Structuring/Smurfing,40,MEDIUM,Smurfing,"Smurfing: account '8820389620' made 3 transactions totalling 22,165.55 within 24h (each below 9,999.00 threshold)"
2859,2026-05-07 14:29:47,2809935145,4400596634,150.22,UK pounds,UK pounds,UK,UK,Cash Withdrawal,0,,0,LOW,,
2860,2026-05-07 14:29:50,1024804313,7311684084,1675.75,UK pounds,Naira,UK,Nigeria,Cross-border,0,,0,LOW,,
2861,2026-05-07 14:29:57,3510078932,2683968729,23220.59,UK pounds,UK pounds,UK,UK,ACH,0,Large-Cash-Transaction,25,LOW,LargeTransaction,"Transaction amount 23,220.59 UK pounds exceeds threshold of 8,000.00"
2862,2026-05-07 14:29:58,3299961738,8352571580,11013.68,UK pounds,UK pounds,UK,UK,Cheque,0,Large-Cash-Transaction,25,LOW,LargeTransaction,"Transaction amount 11,013.68 UK pounds exceeds threshold of 8,000.00"
2863,2026-05-07 14:29:59,8179425488,7882566050,3720.8,UK pounds,UK pounds,UK,UK,Credit card,0,,0,LOW,,
2864,2026-05-07 14:30:03,6242298661,6223365730,5117.61,UK pounds,UK pounds,UK,UK,ACH,0,,0,LOW,,
2865,2026-05-07 14:30:03,1903545395,7344045063,2033.17,UK pounds,UK pounds,UK,UK,ACH,0,Fan-Out/Money-Mule,20,LOW,RapidMovement,"RapidMovement: account '7344045063' received 2,033.17 then re-sent 2,013.27 (99.0%) within 24h"
2866,2026-05-07 14:30:04,9381992230,4627305395,308.29,UK pounds,UK pounds,UK,UK,ACH,0,,0,LOW,,
2867,2026-05-07 14:30:08,5804990951,5970033150,16575.69,UK pounds,UK pounds,UK,UK,Credit card,0,Large-Cash-Transaction,25,LOW,LargeTransaction,"Transaction amount 16,575.69 UK pounds exceeds threshold of 8,000.00"
2868,2026-05-07 14:30:09,5423597754,367247404,9.11,UK pounds,UK pounds,UK,UK,Debit card,0,,0,LOW,,
2869,2026-05-07 14:30:11,2365007895,2695185687,7934.61,UK pounds,UK pounds,UK,UK,Cheque,1,Structuring/Smurfing,40,MEDIUM,Smurfing,"Smurfing: account '2365007895' made 16 transactions totalling 115,610.29 within 24h (each below 9,999.00 threshold)"
2870,2026-05-07 14:30:13,8842654492,8172080174,20286.27,UK pounds,UK pounds,UK,UK,Cheque,1,Large-Cash-Transaction; Layering,50,MEDIUM,LargeTransaction|Layering,"Transaction amount 20,286.27 UK pounds exceeds threshold of 8,000.00; Fan-in: receiver 8172080174 received from 15 distinct senders within 72h (chain amount: 250,861.66, threshold: 10,000.00)"
2871,2026-05-07 14:30:14,4836321257,6855935396,9339.43,UK pounds,UK pounds,UK,UK,Debit card,1,Large-Cash-Transaction; Structuring/Smurfing,65,HIGH,LargeTransaction|Smurfing,"Transaction amount 9,339.43 UK pounds exceeds threshold of 8,000.00; Smurfing: account '4836321257' made 3 transactions totalling 27,896.75 within 24h (each below 9,999.00 threshold)"
2872,2026-05-07 14:30:18,482255721,5896180453,6289.48,UK pounds,UK pounds,UK,UK,Debit card,0,,0,LOW,,
2873,2026-05-07 14:30:23,8898696157,6646502650,10129.45,UK pounds,Euro,UK,France,Cross-border,0,Large-Cash-Transaction,25,LOW,LargeTransaction,"Transaction amount 10,129.45 UK pounds exceeds threshold of 8,000.00"
2874,2026-05-07 14:30:27,9506591992,791276398,18637.96,UK pounds,UK pounds,UK,UK,Credit card,0,Large-Cash-Transaction,25,LOW,LargeTransaction,"Transaction amount 18,637.96 UK pounds exceeds threshold of 8,000.00"
2875,2026-05-07 14:30:32,8410434333,8518184956,10863.77,UK pounds,UK pounds,UK,UK,Debit card,0,Large-Cash-Transaction,25,LOW,LargeTransaction,"Transaction amount 10,863.77 UK pounds exceeds threshold of 8,000.00"
2876,2026-05-07 14:30:35,8389148416,2392468436,15897.37,UK pounds,UK pounds,UK,UK,Debit card,0,Large-Cash-Transaction,25,LOW,LargeTransaction,"Transaction amount 15,897.37 UK pounds exceeds threshold of 8,000.00"
2877,2026-05-07 14:30:37,6380185082,1316458123,4545.3,UK pounds,Mexican Peso,UK,Mexico,Cross-border,1,Structuring/Smurfing,40,MEDIUM,Smurfing,"Smurfing: account '6380185082' made 3 transactions totalling 13,742.62 within 24h (each below 9,999.00 threshold)"
2878,2026-05-07 14:30:40,91914997,3038873610,367.09,UK pounds,UK pounds,UK,UK,Credit card,0,,0,LOW,,
2879,2026-05-07 14:30:40,3816641926,1897581436,814.69,UK pounds,UK pounds,UK,UK,ACH,0,,0,LOW,,
2880,2026-05-07 14:30:46,8203229522,8519194353,11373.44,UK pounds,Pakistani rupee,UK,Pakistan,Cross-border,0,Large-Cash-Transaction,25,LOW,LargeTransaction,"Transaction amount 11,373.44 UK pounds exceeds threshold of 8,000.00"
2881,2026-05-07 14:30:47,4842221383,1341117067,145.59,UK pounds,UK pounds,UK,UK,Debit card,0,,0,LOW,,
2882,2026-05-07 14:30:48,2736512144,5896180453,10635.14,UK pounds,UK pounds,UK,UK,Cheque,0,Large-Cash-Transaction,25,LOW,LargeTransaction,"Transaction amount 10,635.14 UK pounds exceeds threshold of 8,000.00"
2883,2026-05-07 14:30:49,7556874867,5263723825,361.88,UK pounds,UK pounds,UK,UK,Debit card,0,,0,LOW,,
2884,2026-05-07 14:30:49,264095857,1316458123,13367.61,UK pounds,Mexican Peso,UK,Mexico,Cross-border,0,Large-Cash-Transaction,25,LOW,LargeTransaction,"Transaction amount 13,367.61 UK pounds exceeds threshold of 8,000.00"
2885,2026-05-07 14:30:50,4561016112,304781908,173.87,UK pounds,UK pounds,UK,UK,Debit card,0,,0,LOW,,
2886,2026-05-07 14:30:53,1154619431,6230722441,2463.45,UK pounds,UK pounds,UK,UK,Debit card,0,,0,LOW,,
2887,2026-05-07 14:30:57,8530927894,3479357943,1825.32,UK pounds,UK pounds,UK,UK,Credit card,0,,0,LOW,,
2888,2026-05-07 14:30:59,288448161,7899584526,32610.53,UK pounds,UK pounds,UK,UK,Debit card,0,Large-Cash-Transaction,25,LOW,LargeTransaction,"Transaction amount 32,610.53 UK pounds exceeds threshold of 8,000.00"
2889,2026-05-07 14:30:59,6026801614,9992703325,3970.84,UK pounds,UK pounds,UK,UK,ACH,0,,0,LOW,,
2890,2026-05-07 14:31:01,7357536849,2286663014,670.28,Euro,UK pounds,Italy,UK,Cross-border,0,,0,LOW,,
2891,2026-05-07 14:31:03,4991965736,6252288552,4335.16,UK pounds,Swiss franc,UK,UK,Cheque,0,,0,LOW,,
2892,2026-05-07 14:31:05,3168051873,9757535272,11239.01,UK pounds,UK pounds,UK,UK,Debit card,0,Large-Cash-Transaction,25,LOW,LargeTransaction,"Transaction amount 11,239.01 UK pounds exceeds threshold of 8,000.00"
2893,2026-05-07 14:31:05,4343286646,3048994209,4850.17,UK pounds,UK pounds,UK,UK,Debit card,0,,0,LOW,,
2894,2026-05-07 14:31:09,7020788892,9239135560,15048.74,UK pounds,UK pounds,UK,UK,Debit card,0,Large-Cash-Transaction,25,LOW,LargeTransaction,"Transaction amount 15,048.74 UK pounds exceeds threshold of 8,000.00"
2895,2026-05-07 14:31:10,9611871713,2784168923,292.62,Euro,UK pounds,Italy,UK,Cross-border,0,,0,LOW,,
2896,2026-05-07 14:31:13,3200758318,2877294637,4842.21,UK pounds,UK pounds,UK,UK,Credit card,0,,0,LOW,,
2897,2026-05-07 14:31:13,918497015,2284006001,671.26,UK pounds,UK pounds,UK,UK,Debit card,0,,0,LOW,,
2898,2026-05-07 14:31:14,9302522864,5466123934,8598.05,UK pounds,UK pounds,UK,UK,Debit card,0,Large-Cash-Transaction,25,LOW,LargeTransaction,"Transaction amount 8,598.05 UK pounds exceeds threshold of 8,000.00"
2899,2026-05-07 14:31:18,5896510161,1377603863,7533.61,UK pounds,UK pounds,UK,UK,Credit card,0,,0,LOW,,
2900,2026-05-07 14:31:18,6124273282,5243852058,11090.32,UK pounds,UK pounds,UK,UK,Debit card,0,Large-Cash-Transaction,25,LOW,LargeTransaction,"Transaction amount 11,090.32 UK pounds exceeds threshold of 8,000.00"
2901,2026-05-07 14:31:19,9105532779,5472575715,434.27,UK pounds,UK pounds,UK,UK,Cheque,0,,0,LOW,,
2902,2026-05-07 14:31:27,1740187249,7103660985,661.45,UK pounds,UK pounds,UK,UK,ACH,0,,0,LOW,,
2903,2026-05-07 14:31:28,5982914936,9386007080,9120.71,UK pounds,UK pounds,UK,UK,Debit card,1,Large-Cash-Transaction; Structuring/Smurfing,65,HIGH,LargeTransaction|Smurfing,"Transaction amount 9,120.71 UK pounds exceeds threshold of 8,000.00; Smurfing: account '5982914936' made 11 transactions totalling 97,920.33 within 24h (each below 9,999.00 threshold)"
2904,2026-05-07 14:31:29,7466302779,5103043844,12117.01,UK pounds,Naira,UK,Nigeria,Cross-border,0,Large-Cash-Transaction,25,LOW,LargeTransaction,"Transaction amount 12,117.01 UK pounds exceeds threshold of 8,000.00"
2905,2026-05-07 14:31:30,5028942126,2204525969,70.19,UK pounds,UK pounds,UK,UK,Cash Deposit,0,,0,LOW,,
2906,2026-05-07 14:31:30,712466523,8518184956,7491.07,UK pounds,UK pounds,UK,UK,Debit card,0,,0,LOW,,
2907,2026-05-07 14:31:30,7758268667,7505089539,8390.96,UK pounds,UK pounds,UK,UK,Cheque,1,Large-Cash-Transaction; Structuring/Smurfing,65,HIGH,LargeTransaction|Smurfing,"Transaction amount 8,390.96 UK pounds exceeds threshold of 8,000.00; Smurfing: account '7758268667' made 21 transactions totalling 167,379.56 within 24h (each below 9,999.00 threshold)"
2908,2026-05-07 14:31:33,3000917140,9560427937,38712.93,UK pounds,UK pounds,UK,UK,Credit card,0,Large-Cash-Transaction,25,LOW,LargeTransaction,"Transaction amount 38,712.93 UK pounds exceeds threshold of 8,000.00"
2909,2026-05-07 14:31:36,675669049,6705037126,11355.6,UK pounds,UK pounds,UK,UK,ACH,0,Large-Cash-Transaction,25,LOW,LargeTransaction,"Transaction amount 11,355.60 UK pounds exceeds threshold of 8,000.00"
2910,2026-05-07 14:31:36,6378692928,1782477011,139.05,UK pounds,UK pounds,UK,UK,Cash Deposit,0,,0,LOW,,
2911,2026-05-07 14:31:49,3510078932,6544532856,15791.8,UK pounds,UK pounds,UK,UK,Debit card,0,Large-Cash-Transaction,25,LOW,LargeTransaction,"Transaction amount 15,791.80 UK pounds exceeds threshold of 8,000.00"
2912,2026-05-07 14:31:53,569955345,3695545812,6142.8,UK pounds,UK pounds,UK,UK,Debit card,0,,0,LOW,,
2913,2026-05-07 14:31:56,3742689015,8906944220,5624.88,UK pounds,Yen,UK,Japan,Cross-border,0,,0,LOW,,
2914,2026-05-07 14:31:56,7024422556,7242052758,10893.48,UK pounds,UK pounds,UK,UK,Credit card,0,Large-Cash-Transaction,25,LOW,LargeTransaction,"Transaction amount 10,893.48 UK pounds exceeds threshold of 8,000.00"
2915,2026-05-07 14:31:57,6032005546,6444220418,20454.48,UK pounds,UK pounds,UK,UK,Credit card,0,Large-Cash-Transaction,25,LOW,LargeTransaction,"Transaction amount 20,454.48 UK pounds exceeds threshold of 8,000.00"
2916,2026-05-07 14:31:57,3291725555,3569040776,795.57,UK pounds,UK pounds,UK,UK,Credit card,0,,0,LOW,,
2917,2026-05-07 14:31:59,7501327339,2814280916,9446.69,UK pounds,UK pounds,UK,UK,Credit card,1,Large-Cash-Transaction; Structuring/Smurfing,65,HIGH,LargeTransaction|Smurfing,"Transaction amount 9,446.69 UK pounds exceeds threshold of 8,000.00; Smurfing: account '7501327339' made 17 transactions totalling 118,871.08 within 24h (each below 9,999.00 threshold)"
2918,2026-05-07 14:32:03,3848075826,1087798188,1493.49,UK pounds,UK pounds,UK,UK,Credit card,0,,0,LOW,,
2919,2026-05-07 14:32:03,9134391399,9915786341,1463.8,UK pounds,UK pounds,UK,UK,ACH,0,,0,LOW,,
2920,2026-05-07 14:32:05,8893104234,2927418685,201.77,UK pounds,UK pounds,UK,UK,Cash Withdrawal,0,,0,LOW,,
2921,2026-05-07 14:32:12,1439703569,9838976182,6970.34,UK pounds,UK pounds,UK,UK,Debit card,0,,0,LOW,,
2922,2026-05-07 14:32:17,3148115914,4213328643,309.98,UK pounds,UK pounds,UK,UK,Cheque,0,,0,LOW,,
2923,2026-05-07 14:32:21,5778456633,7690305620,5659.43,UK pounds,UK pounds,UK,UK,Credit card,0,,0,LOW,,
2924,2026-05-07 14:32:25,6450589734,1614298391,259.23,UK pounds,UK pounds,UK,UK,ACH,0,,0,LOW,,
2925,2026-05-07 14:32:25,151158173,1493436023,21072.48,UK pounds,UK pounds,UK,UK,Debit card,0,Large-Cash-Transaction,25,LOW,LargeTransaction,"Transaction amount 21,072.48 UK pounds exceeds threshold of 8,000.00"
2926,2026-05-07 14:32:29,1378784400,3466246214,7378.62,UK pounds,Pakistani rupee,UK,Pakistan,Cross-border,1,Structuring/Smurfing,40,MEDIUM,Smurfing,"Smurfing: account '1378784400' made 13 transactions totalling 87,881.31 within 24h (each below 9,999.00 threshold)"
2927,2026-05-07 14:32:30,7877406257,6644790956,4196.36,UK pounds,UK pounds,UK,UK,Debit card,0,Fan-Out/Money-Mule,20,LOW,RapidMovement,"RapidMovement: account '6644790956' received 4,196.36 then re-sent 15,333.65 (365.4%) within 24h"
2928,2026-05-07 14:32:32,1346683030,2836506947,5484.28,UK pounds,UK pounds,UK,UK,Cash Deposit,0,,0,LOW,,
2929,2026-05-07 14:32:35,3751684118,6007841841,9286.54,UK pounds,UK pounds,UK,UK,Credit card,0,Large-Cash-Transaction,25,LOW,LargeTransaction,"Transaction amount 9,286.54 UK pounds exceeds threshold of 8,000.00"
2930,2026-05-07 14:32:41,5548584830,6544681947,2150.25,UK pounds,UK pounds,UK,UK,ACH,0,,0,LOW,,
2931,2026-05-07 14:32:45,1915450576,2088570270,18358.61,UK pounds,UK pounds,UK,UK,Cheque,0,Large-Cash-Transaction,25,LOW,LargeTransaction,"Transaction amount 18,358.61 UK pounds exceeds threshold of 8,000.00"
2932,2026-05-07 14:32:48,3577199472,7228623549,1573.29,UK pounds,UK pounds,UK,UK,ACH,0,,0,LOW,,
2933,2026-05-07 14:32:48,6922300884,1320927231,5955.86,UK pounds,UK pounds,UK,UK,Credit card,0,,0,LOW,,
2934,2026-05-07 14:32:48,5238200355,3733860082,6495.39,UK pounds,UK pounds,UK,UK,Credit card,0,,0,LOW,,
2935,2026-05-07 14:32:48,8926341134,4958361506,1258.8,UK pounds,UK pounds,UK,UK,Cheque,0,,0,LOW,,
2936,2026-05-07 14:32:51,7021336271,8518184956,4976.66,UK pounds,UK pounds,UK,UK,Debit card,1,Structuring/Smurfing,40,MEDIUM,Smurfing,"Smurfing: account '7021336271' made 4 transactions totalling 20,035.78 within 24h (each below 9,999.00 threshold)"
2937,2026-05-07 14:32:54,7758268667,7889074144,26710.94,UK pounds,UK pounds,UK,UK,ACH,0,Large-Cash-Transaction,25,LOW,LargeTransaction,"Transaction amount 26,710.94 UK pounds exceeds threshold of 8,000.00"
2938,2026-05-07 14:32:57,4479699847,8468267103,806.8,UK pounds,UK pounds,UK,UK,Cash Deposit,0,,0,LOW,,
2939,2026-05-07 14:32:59,8933023369,7394843155,155.75,UK pounds,UK pounds,UK,UK,Cheque,0,,0,LOW,,
2940,2026-05-07 14:33:03,668478072,9210129666,12116.85,UK pounds,UK pounds,UK,UK,Debit card,0,Large-Cash-Transaction,25,LOW,LargeTransaction,"Transaction amount 12,116.85 UK pounds exceeds threshold of 8,000.00"
2941,2026-05-07 14:33:03,6904668523,3540529623,9361.81,UK pounds,UK pounds,UK,UK,Debit card,1,Large-Cash-Transaction; Structuring/Smurfing,65,HIGH,LargeTransaction|Smurfing,"Transaction amount 9,361.81 UK pounds exceeds threshold of 8,000.00; Smurfing: account '6904668523' made 14 transactions totalling 98,984.63 within 24h (each below 9,999.00 threshold)"
2942,2026-05-07 14:33:04,4368387605,4956170266,8478.08,UK pounds,UK pounds,UK,UK,ACH,0,Large-Cash-Transaction,25,LOW,LargeTransaction,"Transaction amount 8,478.08 UK pounds exceeds threshold of 8,000.00"
2943,2026-05-07 14:33:05,11999416,6223365730,5931.49,UK pounds,UK pounds,UK,UK,Cheque,0,,0,LOW,,
2944,2026-05-07 14:33:08,6873053719,1695584314,2284.3,UK pounds,UK pounds,UK,UK,Credit card,0,,0,LOW,,
2945,2026-05-07 14:33:09,4770181116,1521328520,1378.7,UK pounds,UK pounds,UK,UK,Debit card,0,,0,LOW,,
2946,2026-05-07 14:33:09,7492806173,6664706482,12651.17,UK pounds,Pakistani rupee,UK,UK,Credit card,0,Large-Cash-Transaction,25,LOW,LargeTransaction,"Transaction amount 12,651.17 UK pounds exceeds threshold of 8,000.00"
2947,2026-05-07 14:33:11,6086421020,5888689265,8982.4,UK pounds,UK pounds,UK,UK,ACH,1,Large-Cash-Transaction; Structuring/Smurfing,65,HIGH,LargeTransaction|Smurfing,"Transaction amount 8,982.40 UK pounds exceeds threshold of 8,000.00; Smurfing: account '6086421020' made 24 transactions totalling 165,539.83 within 24h (each below 9,999.00 threshold)"
2948,2026-05-07 14:33:13,1402060341,6146080284,12038.46,UK pounds,UK pounds,UK,UK,Credit card,0,Large-Cash-Transaction,25,LOW,LargeTransaction,"Transaction amount 12,038.46 UK pounds exceeds threshold of 8,000.00"
2949,2026-05-07 14:33:14,7421451752,4492966047,11296.2,UK pounds,UK pounds,UK,UK,Cheque,0,Large-Cash-Transaction,25,LOW,LargeTransaction,"Transaction amount 11,296.20 UK pounds exceeds threshold of 8,000.00"
2950,2026-05-07 14:33:14,2365007895,2954469099,13137.39,UK pounds,UK pounds,UK,UK,Cheque,0,Large-Cash-Transaction,25,LOW,LargeTransaction,"Transaction amount 13,137.39 UK pounds exceeds threshold of 8,000.00"
2951,2026-05-07 14:33:15,4121324384,3732455271,9660.17,Euro,UK pounds,Spain,UK,Cross-border,1,Large-Cash-Transaction; Structuring/Smurfing,65,HIGH,LargeTransaction|Smurfing,"Transaction amount 9,660.17 Euro exceeds threshold of 9,000.00; Smurfing: account '4121324384' made 7 transactions totalling 54,153.33 within 24h (each below 9,999.00 threshold)"
2952,2026-05-07 14:33:18,4836321257,6855935396,9344.59,UK pounds,UK pounds,UK,UK,Credit card,1,Large-Cash-Transaction; Structuring/Smurfing,65,HIGH,LargeTransaction|Smurfing,"Transaction amount 9,344.59 UK pounds exceeds threshold of 8,000.00; Smurfing: account '4836321257' made 3 transactions totalling 27,896.75 within 24h (each below 9,999.00 threshold)"
2953,2026-05-07 14:33:19,9541087936,4432690383,7980.09,UK pounds,UK pounds,UK,UK,Cheque,1,Structuring/Smurfing,40,MEDIUM,Smurfing,"Smurfing: account '9541087936' made 4 transactions totalling 32,062.02 within 24h (each below 9,999.00 threshold)"
2954,2026-05-07 14:33:21,8692388382,9536387399,15129.65,UK pounds,UK pounds,UK,UK,Cheque,0,Large-Cash-Transaction,25,LOW,LargeTransaction,"Transaction amount 15,129.65 UK pounds exceeds threshold of 8,000.00"
2955,2026-05-07 14:33:23,3821388263,5043985639,76.51,UK pounds,UK pounds,UK,UK,Cash Withdrawal,0,,0,LOW,,
2956,2026-05-07 14:33:26,7674756610,4336977506,13117.31,UK pounds,UK pounds,UK,UK,ACH,0,Large-Cash-Transaction,25,LOW,LargeTransaction,"Transaction amount 13,117.31 UK pounds exceeds threshold of 8,000.00"
2957,2026-05-07 14:33:28,1800408813,3764161469,11405.39,UK pounds,UK pounds,UK,UK,Debit card,0,Large-Cash-Transaction,25,LOW,LargeTransaction,"Transaction amount 11,405.39 UK pounds exceeds threshold of 8,000.00"
2958,2026-05-07 14:33:30,9479237616,958131881,1922.19,UK pounds,UK pounds,UK,UK,Cheque,0,,0,LOW,,
2959,2026-05-07 14:33:30,9274165750,5223345244,3296.07,UK pounds,UK pounds,UK,UK,Credit card,0,,0,LOW,,
2960,2026-05-07 14:33:35,1915450576,1020934931,5248.13,UK pounds,UK pounds,UK,UK,Cheque,1,Structuring/Smurfing,40,MEDIUM,Smurfing,"Smurfing: account '1915450576' made 15 transactions totalling 89,728.26 within 24h (each below 9,999.00 threshold)"
2961,2026-05-07 14:33:35,8078272639,5315101855,64628.24,UK pounds,UK pounds,UK,UK,Cheque,0,Large-Cash-Transaction,25,LOW,LargeTransaction,"Transaction amount 64,628.24 UK pounds exceeds threshold of 8,000.00"
2962,2026-05-07 14:33:39,1378784400,954066234,6072.13,UK pounds,UK pounds,UK,UK,Cheque,1,Structuring/Smurfing,40,MEDIUM,Smurfing,"Smurfing: account '1378784400' made 14 transactions totalling 93,953.44 within 24h (each below 9,999.00 threshold)"
2963,2026-05-07 14:33:43,2389467192,2222767656,657.14,UK pounds,UK pounds,UK,UK,Debit card,0,,0,LOW,,
2964,2026-05-07 14:33:43,9746384104,4106486424,5431.12,UK pounds,UK pounds,UK,UK,Credit card,1,Structuring/Smurfing,40,MEDIUM,Smurfing,"Smurfing: account '9746384104' made 7 transactions totalling 37,094.74 within 24h (each below 9,999.00 threshold)"
2965,2026-05-07 14:33:54,109525315,8518184956,39079.08,UK pounds,UK pounds,UK,UK,Cheque,0,Large-Cash-Transaction,25,LOW,LargeTransaction,"Transaction amount 39,079.08 UK pounds exceeds threshold of 8,000.00"
2966,2026-05-07 14:33:54,2054223834,6034997194,5065.28,UK pounds,UK pounds,UK,UK,Debit card,0,,0,LOW,,
2967,2026-05-07 14:33:54,9621415000,3852934729,21452.41,UK pounds,UK pounds,UK,UK,ACH,0,Large-Cash-Transaction,25,LOW,LargeTransaction,"Transaction amount 21,452.41 UK pounds exceeds threshold of 8,000.00"
2968,2026-05-07 14:33:55,8952177221,3031188286,11765.92,UK pounds,UK pounds,UK,UK,Credit card,0,Large-Cash-Transaction,25,LOW,LargeTransaction,"Transaction amount 11,765.92 UK pounds exceeds threshold of 8,000.00"
2969,2026-05-07 14:33:56,8774176217,4035435311,907.58,UK pounds,UK pounds,UK,UK,Credit card,0,,0,LOW,,
2970,2026-05-07 14:33:56,3510078932,823626823,5913.35,UK pounds,Euro,UK,Netherlands,Cross-border,1,Structuring/Smurfing,40,MEDIUM,Smurfing,"Smurfing: account '3510078932' made 21 transactions totalling 136,869.64 within 24h (each below 9,999.00 threshold)"
2971,2026-05-07 14:33:57,4415130757,2848032803,9167.38,UK pounds,UK pounds,UK,UK,Cheque,0,Large-Cash-Transaction,25,LOW,LargeTransaction,"Transaction amount 9,167.38 UK pounds exceeds threshold of 8,000.00"
2972,2026-05-07 14:34:00,8389148416,6314435734,6714.04,UK pounds,Indian rupee,UK,India,Cross-border,1,Structuring/Smurfing,40,MEDIUM,Smurfing,"Smurfing: account '8389148416' made 11 transactions totalling 76,818.66 within 24h (each below 9,999.00 threshold)"
2973,2026-05-07 14:34:00,4223708607,6444220418,10411.65,UK pounds,UK pounds,UK,UK,Credit card,0,Large-Cash-Transaction,25,LOW,LargeTransaction,"Transaction amount 10,411.65 UK pounds exceeds threshold of 8,000.00"
2974,2026-05-07 14:34:06,2466056232,8352571580,14817.7,UK pounds,UK pounds,UK,UK,Cheque,0,Large-Cash-Transaction,25,LOW,LargeTransaction,"Transaction amount 14,817.70 UK pounds exceeds threshold of 8,000.00"
2975,2026-05-07 14:34:07,6604000973,5443676121,3159.94,UK pounds,UK pounds,UK,UK,ACH,0,,0,LOW,,
2976,2026-05-07 14:34:08,7580090372,5697032513,938.58,UK pounds,UK pounds,UK,UK,Debit card,0,,0,LOW,,
2977,2026-05-07 14:34:08,698719238,2554233352,2588.62,UK pounds,UK pounds,UK,UK,Credit card,0,,0,LOW,,
2978,2026-05-07 14:34:14,6151898654,1317299333,172.75,UK pounds,UK pounds,UK,UK,ACH,0,,0,LOW,,
2979,2026-05-07 14:34:15,9280910864,6557895453,243.97,UK pounds,UK pounds,UK,UK,Cash Withdrawal,0,,0,LOW,,
2980,2026-05-07 14:34:21,6853195918,8096067547,14127.83,UK pounds,UK pounds,UK,UK,Cheque,0,Large-Cash-Transaction,25,LOW,LargeTransaction,"Transaction amount 14,127.83 UK pounds exceeds threshold of 8,000.00"
2981,2026-05-07 14:34:24,5931838828,8407065812,16989.04,UK pounds,Turkish lira,UK,Turkey,Cross-border,0,Large-Cash-Transaction,25,LOW,LargeTransaction,"Transaction amount 16,989.04 UK pounds exceeds threshold of 8,000.00"
2982,2026-05-07 14:34:24,8957461886,589468112,3613.99,UK pounds,UK pounds,UK,UK,Credit card,0,,0,LOW,,
2983,2026-05-07 14:34:25,7125011674,6034997194,5292.6,UK pounds,UK pounds,UK,UK,ACH,0,,0,LOW,,
2984,2026-05-07 14:34:25,6415503322,4918048780,4726.06,UK pounds,UK pounds,UK,UK,Debit card,0,,0,LOW,,
2985,2026-05-07 14:34:29,7174805893,5819035607,7405.23,UK pounds,UK pounds,UK,UK,Credit card,0,,0,LOW,,
2986,2026-05-07 14:34:34,6541552727,5194239507,5736.76,UK pounds,Euro,UK,Italy,Cross-border,1,Structuring/Smurfing,40,MEDIUM,Smurfing,"Smurfing: account '6541552727' made 16 transactions totalling 106,192.78 within 24h (each below 9,999.00 threshold)"
2987,2026-05-07 14:34:35,6770601554,1959651940,122.45,UK pounds,UK pounds,UK,UK,Cheque,0,,0,LOW,,
2988,2026-05-07 14:34:35,3709430533,2002969578,6399.78,UK pounds,UK pounds,UK,UK,Cheque,1,Structuring/Smurfing,40,MEDIUM,Smurfing,"Smurfing: account '3709430533' made 18 transactions totalling 135,860.41 within 24h (each below 9,999.00 threshold)"
2989,2026-05-07 14:34:40,3614082527,7050565101,12320.47,UK pounds,UK pounds,UK,UK,Debit card,0,Large-Cash-Transaction,25,LOW,LargeTransaction,"Transaction amount 12,320.47 UK pounds exceeds threshold of 8,000.00"
2990,2026-05-07 14:34:40,2248336773,5853170501,511.23,UK pounds,UK pounds,UK,UK,Cash Deposit,0,,0,LOW,,
2991,2026-05-07 14:34:40,4836321257,6855935396,9147.83,UK pounds,UK pounds,UK,UK,Cheque,1,Large-Cash-Transaction; Structuring/Smurfing,65,HIGH,LargeTransaction|Smurfing,"Transaction amount 9,147.83 UK pounds exceeds threshold of 8,000.00; Smurfing: account '4836321257' made 4 transactions totalling 37,044.58 within 24h (each below 9,999.00 threshold)"
2992,2026-05-07 14:34:45,3510078932,8722924810,8005.33,UK pounds,Albanian lek,UK,Albania,Cross-border,1,Large-Cash-Transaction; Structuring/Smurfing,65,HIGH,LargeTransaction|Smurfing,"Transaction amount 8,005.33 UK pounds exceeds threshold of 8,000.00; Smurfing: account '3510078932' made 22 transactions totalling 144,874.97 within 24h (each below 9,999.00 threshold)"
2993,2026-05-07 14:34:46,7501327339,8061984977,9475.54,UK pounds,UK pounds,UK,UK,Cheque,1,Large-Cash-Transaction; Structuring/Smurfing,65,HIGH,LargeTransaction|Smurfing,"Transaction amount 9,475.54 UK pounds exceeds threshold of 8,000.00; Smurfing: account '7501327339' made 18 transactions totalling 128,346.62 within 24h (each below 9,999.00 threshold)"
2994,2026-05-07 14:34:47,1915450576,6846852475,5234.06,UK pounds,UK pounds,UK,UK,Debit card,1,Structuring/Smurfing,40,MEDIUM,Smurfing,"Smurfing: account '1915450576' made 16 transactions totalling 94,962.32 within 24h (each below 9,999.00 threshold)"
2995,2026-05-07 14:34:47,1915450576,3772874052,11223.54,UK pounds,Turkish lira,UK,Turkey,Cross-border,0,Large-Cash-Transaction,25,LOW,LargeTransaction,"Transaction amount 11,223.54 UK pounds exceeds threshold of 8,000.00"
2996,2026-05-07 14:34:47,6749504181,9848443566,5596.29,UK pounds,UK pounds,UK,UK,Credit card,0,,0,LOW,,
2997,2026-05-07 14:34:50,8187159942,9040639402,4646.93,UK pounds,UK pounds,UK,UK,Debit card,0,,0,LOW,,
2998,2026-05-07 14:34:51,7669236826,7708305681,10294.7,UK pounds,UK pounds,UK,UK,ACH,0,Large-Cash-Transaction,25,LOW,LargeTransaction,"Transaction amount 10,294.70 UK pounds exceeds threshold of 8,000.00"
2999,2026-05-07 14:34:56,1737163758,4963949070,1932.92,UK pounds,UK pounds,UK,UK,Cash Deposit,0,,0,LOW,,
3000,2026-05-07 14:34:57,7669236826,375015805,4486.97,UK pounds,UK pounds,UK,UK,ACH,1,Structuring/Smurfing,40,MEDIUM,Smurfing,"Smurfing: account '7669236826' made 16 transactions totalling 122,914.01 within 24h (each below 9,999.00 threshold)"
3001,2026-05-07 14:34:59,7436865170,5824531042,3495.99,UK pounds,UK pounds,UK,UK,Credit card,0,,0,LOW,,
3002,2026-05-07 14:35:02,6057444675,8861171324,10599.42,UK pounds,UK pounds,UK,UK,Cheque,0,Large-Cash-Transaction,25,LOW,LargeTransaction,"Transaction amount 10,599.42 UK pounds exceeds threshold of 8,000.00"
3003,2026-05-07 14:35:03,154398482,8673917867,5008.19,UK pounds,UK pounds,UK,UK,Credit card,0,Layering,25,LOW,Layering,"Fan-in: receiver 8673917867 received from 8 distinct senders within 72h (chain amount: 105,228.63, threshold: 10,000.00)"
3004,2026-05-07 14:35:04,7758268667,5982526038,5808.52,UK pounds,UK pounds,UK,UK,Credit card,1,Structuring/Smurfing,40,MEDIUM,Smurfing,"Smurfing: account '7758268667' made 22 transactions totalling 173,188.08 within 24h (each below 9,999.00 threshold)"
3005,2026-05-07 14:35:10,8957461886,589468112,3571.33,UK pounds,UK pounds,UK,UK,Credit card,0,,0,LOW,,
3006,2026-05-07 14:35:10,3913880864,355839373,413.69,UK pounds,UK pounds,UK,UK,Debit card,0,,0,LOW,,
3007,2026-05-07 14:35:12,4758294964,8172080174,21043.56,UK pounds,UK pounds,UK,UK,ACH,1,Large-Cash-Transaction; Layering,50,MEDIUM,LargeTransaction|Layering,"Transaction amount 21,043.56 UK pounds exceeds threshold of 8,000.00; Fan-in: receiver 8172080174 received from 15 distinct senders within 72h (chain amount: 271,905.22, threshold: 10,000.00)"
3008,2026-05-07 14:35:13,7344045063,6380749012,2013.27,UK pounds,UK pounds,UK,UK,Debit card,0,Fan-Out/Money-Mule,20,LOW,RapidMovement,RapidMovement: part of rapid fund re-dispatch from account '7344045063'
3009,2026-05-07 14:35:16,5902282806,2011322011,4316.62,UK pounds,UK pounds,UK,UK,Debit card,0,,0,LOW,,
3010,2026-05-07 14:35:19,733430828,6953672776,5955.2,UK pounds,Mexican Peso,UK,Mexico,Cross-border,0,,0,LOW,,
3011,2026-05-07 14:35:20,4899332114,6034997194,10209.98,UK pounds,UK pounds,UK,UK,Debit card,0,Large-Cash-Transaction,25,LOW,LargeTransaction,"Transaction amount 10,209.98 UK pounds exceeds threshold of 8,000.00"
3012,2026-05-07 14:35:20,8978456007,3111027792,2266.19,UK pounds,UK pounds,UK,UK,Cheque,0,,0,LOW,,
3013,2026-05-07 14:35:23,7421451752,1103906765,20502.87,UK pounds,UK pounds,UK,UK,Debit card,0,Large-Cash-Transaction,25,LOW,LargeTransaction,"Transaction amount 20,502.87 UK pounds exceeds threshold of 8,000.00"
3014,2026-05-07 14:35:28,5738964108,2145372084,7751.07,UK pounds,Dirham,UK,UAE,Cross-border,0,,0,LOW,,
3015,2026-05-07 14:35:29,7252414916,621060264,36290.1,UK pounds,UK pounds,UK,UK,ACH,0,Large-Cash-Transaction,25,LOW,LargeTransaction,"Transaction amount 36,290.10 UK pounds exceeds threshold of 8,000.00"
3016,2026-05-07 14:35:29,9369454215,5363422485,5509.18,UK pounds,UK pounds,UK,UK,ACH,1,Structuring/Smurfing,40,MEDIUM,Smurfing,"Smurfing: account '9369454215' made 3 transactions totalling 16,362.25 within 24h (each below 9,999.00 threshold)"
3017,2026-05-07 14:35:31,6745266503,2387140730,360.34,UK pounds,UK pounds,UK,UK,ACH,0,,0,LOW,,
3018,2026-05-07 14:35:35,6904668523,4959470648,8253.43,UK pounds,UK pounds,UK,UK,Credit card,1,Large-Cash-Transaction; Structuring/Smurfing,65,HIGH,LargeTransaction|Smurfing,"Transaction amount 8,253.43 UK pounds exceeds threshold of 8,000.00; Smurfing: account '6904668523' made 15 transactions totalling 107,238.06 within 24h (each below 9,999.00 threshold)"
3019,2026-05-07 14:35:45,7952420291,2235579647,57.06,UK pounds,UK pounds,UK,UK,Cash Withdrawal,0,,0,LOW,,
3020,2026-05-07 14:35:45,2028040359,5185511678,7648.57,UK pounds,UK pounds,UK,UK,Debit card,0,,0,LOW,,
3021,2026-05-07 14:35:45,9673864368,7080357663,12189.97,UK pounds,UK pounds,UK,UK,Credit card,0,Large-Cash-Transaction,25,LOW,LargeTransaction,"Transaction amount 12,189.97 UK pounds exceeds threshold of 8,000.00"
3022,2026-05-07 14:35:49,3263543949,5260472026,18676.63,UK pounds,UK pounds,UK,UK,Credit card,0,Large-Cash-Transaction,25,LOW,LargeTransaction,"Transaction amount 18,676.63 UK pounds exceeds threshold of 8,000.00"
3023,2026-05-07 14:35:50,1378784400,2773607558,6892.05,UK pounds,UK pounds,UK,UK,ACH,1,Structuring/Smurfing,40,MEDIUM,Smurfing,"Smurfing: account '1378784400' made 15 transactions totalling 100,845.49 within 24h (each below 9,999.00 threshold)"
3024,2026-05-07 14:35:55,1915450576,5162401694,10730.91,UK pounds,UK pounds,UK,UK,Debit card,0,Large-Cash-Transaction,25,LOW,LargeTransaction,"Transaction amount 10,730.91 UK pounds exceeds threshold of 8,000.00"
3025,2026-05-07 14:35:56,6212392715,582082761,5264.61,UK pounds,UK pounds,UK,UK,Debit card,0,,0,LOW,,
3026,2026-05-07 14:36:01,1378784400,8430883282,4902.62,UK pounds,Mexican Peso,UK,Mexico,Cross-border,1,Structuring/Smurfing,40,MEDIUM,Smurfing,"Smurfing: account '1378784400' made 16 transactions totalling 105,748.11 within 24h (each below 9,999.00 threshold)"
3027,2026-05-07 14:36:02,2045644966,621060264,6962.1,UK pounds,UK pounds,UK,UK,Credit card,0,,0,LOW,,
3028,2026-05-07 14:36:05,8587242371,5363117119,19967.97,UK pounds,UK pounds,UK,UK,ACH,0,Large-Cash-Transaction,25,LOW,LargeTransaction,"Transaction amount 19,967.97 UK pounds exceeds threshold of 8,000.00"
3029,2026-05-07 14:36:07,3306225869,3938282574,2342.41,UK pounds,UK pounds,UK,UK,Credit card,0,,0,LOW,,
3030,2026-05-07 14:36:07,2221264130,4517930849,350.76,UK pounds,UK pounds,UK,UK,Credit card,0,,0,LOW,,
3031,2026-05-07 14:36:12,7421451752,7591504865,12336.74,UK pounds,UK pounds,UK,UK,Cheque,0,Large-Cash-Transaction,25,LOW,LargeTransaction,"Transaction amount 12,336.74 UK pounds exceeds threshold of 8,000.00"
3032,2026-05-07 14:36:14,8127752157,6512326173,8440.41,UK pounds,UK pounds,UK,UK,Credit card,0,Large-Cash-Transaction,25,LOW,LargeTransaction,"Transaction amount 8,440.41 UK pounds exceeds threshold of 8,000.00"
3033,2026-05-07 14:36:17,3501288993,4527659996,782.27,US dollar,UK pounds,USA,UK,Cross-border,0,,0,LOW,,
3034,2026-05-07 14:36:19,6409751461,1156617105,171282.02,UK pounds,UK pounds,UK,UK,Cheque,0,Large-Cash-Transaction,25,LOW,LargeTransaction,"Transaction amount 171,282.02 UK pounds exceeds threshold of 8,000.00"
3035,2026-05-07 14:36:20,1617652768,8774906120,3107.04,UK pounds,UK pounds,UK,UK,Cheque,0,,0,LOW,,
3036,2026-05-07 14:36:20,6849686539,231028956,1380.42,UK pounds,UK pounds,UK,UK,ACH,0,,0,LOW,,
3037,2026-05-07 14:36:23,5714926472,2534644942,5140.81,UK pounds,Euro,UK,France,Cross-border,1,Structuring/Smurfing,40,MEDIUM,Smurfing,"Smurfing: account '5714926472' made 4 transactions totalling 20,593.62 within 24h (each below 9,999.00 threshold)"
3038,2026-05-07 14:36:25,3729895837,170124508,1680.95,UK pounds,UK pounds,UK,UK,ACH,0,,0,LOW,,
3039,2026-05-07 14:36:25,4045011140,5628674969,6879.49,UK pounds,UK pounds,UK,UK,ACH,1,Structuring/Smurfing,40,MEDIUM,Smurfing,"Smurfing: account '4045011140' made 3 transactions totalling 20,832.06 within 24h (each below 9,999.00 threshold)"
3040,2026-05-07 14:36:36,4584388496,621060264,6920.99,UK pounds,UK pounds,UK,UK,Debit card,0,,0,LOW,,
3041,2026-05-07 14:36:37,3687308462,1781667843,299.57,UK pounds,UK pounds,UK,UK,ACH,0,,0,LOW,,
3042,2026-05-07 14:36:44,3168051873,7900569005,6147.6,UK pounds,UK pounds,UK,UK,ACH,1,Structuring/Smurfing,40,MEDIUM,Smurfing,"Smurfing: account '3168051873' made 7 transactions totalling 45,050.92 within 24h (each below 9,999.00 threshold)"
3043,2026-05-07 14:36:54,8203229522,9897263201,12605.49,UK pounds,UK pounds,UK,UK,Cheque,0,Large-Cash-Transaction,25,LOW,LargeTransaction,"Transaction amount 12,605.49 UK pounds exceeds threshold of 8,000.00"
3044,2026-05-07 14:36:58,422504020,4805155688,3464.46,UK pounds,Yen,UK,Japan,Cross-border,0,,0,LOW,,
3045,2026-05-07 14:36:59,6190208892,1351648274,7401.39,UK pounds,UK pounds,UK,UK,ACH,0,,0,LOW,,
3046,2026-05-07 14:36:59,5084461027,6953672776,9423.29,UK pounds,Mexican Peso,UK,Mexico,Cross-border,0,Large-Cash-Transaction,25,LOW,LargeTransaction,"Transaction amount 9,423.29 UK pounds exceeds threshold of 8,000.00"
3047,2026-05-07 14:37:03,9728421953,8911620810,2039.34,UK pounds,Euro,UK,Netherlands,Cross-border,0,,0,LOW,,
3048,2026-05-07 14:37:04,3556986321,1048041143,1897.25,UK pounds,UK pounds,UK,UK,Cash Deposit,0,,0,LOW,,
3049,2026-05-07 14:37:05,7468424181,3060535417,12141.99,UK pounds,Turkish lira,UK,Turkey,Cross-border,0,Large-Cash-Transaction,25,LOW,LargeTransaction,"Transaction amount 12,141.99 UK pounds exceeds threshold of 8,000.00"
3050,2026-05-07 14:37:07,293976694,6293745083,1466.74,UK pounds,UK pounds,UK,UK,Debit card,0,,0,LOW,,
3051,2026-05-07 14:37:07,5386996130,5456861448,13633.68,UK pounds,UK pounds,UK,UK,Debit card,0,Large-Cash-Transaction,25,LOW,LargeTransaction,"Transaction amount 13,633.68 UK pounds exceeds threshold of 8,000.00"
3052,2026-05-07 14:37:10,6086421020,5888689265,8908.69,UK pounds,UK pounds,UK,UK,Cheque,1,Large-Cash-Transaction; Structuring/Smurfing,65,HIGH,LargeTransaction|Smurfing,"Transaction amount 8,908.69 UK pounds exceeds threshold of 8,000.00; Smurfing: account '6086421020' made 25 transactions totalling 174,448.52 within 24h (each below 9,999.00 threshold)"
3053,2026-05-07 14:37:10,2844612326,4905824753,5194.8,UK pounds,UK pounds,UK,UK,Debit card,0,,0,LOW,,
3054,2026-05-07 14:37:11,7870021457,7505073824,4607.87,UK pounds,UK pounds,UK,UK,Cheque,0,,0,LOW,,
3055,2026-05-07 14:37:16,8600069993,7892884492,12274.26,UK pounds,US dollar,UK,USA,Cross-border,0,Large-Cash-Transaction,25,LOW,LargeTransaction,"Transaction amount 12,274.26 UK pounds exceeds threshold of 8,000.00"
3056,2026-05-07 14:37:17,1359170155,3291329620,7901.96,UK pounds,UK pounds,UK,UK,Cheque,0,,0,LOW,,
3057,2026-05-07 14:37:19,2480283950,6392920426,4154.86,UK pounds,UK pounds,UK,UK,Cheque,0,,0,LOW,,
3058,2026-05-07 14:37:19,4836321257,6855935396,9279.12,UK pounds,UK pounds,UK,UK,Debit card,1,Large-Cash-Transaction; Structuring/Smurfing,65,HIGH,LargeTransaction|Smurfing,"Transaction amount 9,279.12 UK pounds exceeds threshold of 8,000.00; Smurfing: account '4836321257' made 5 transactions totalling 46,323.70 within 24h (each below 9,999.00 threshold)"
3059,2026-05-07 14:37:21,7421451752,3557538160,4224.37,UK pounds,UK pounds,UK,UK,Cheque,1,Structuring/Smurfing,40,MEDIUM,Smurfing,"Smurfing: account '7421451752' made 13 transactions totalling 72,977.31 within 24h (each below 9,999.00 threshold)"
3060,2026-05-07 14:37:25,1749781869,9462116534,5080.21,Euro,UK pounds,France,UK,Cross-border,0,,0,LOW,,
3061,2026-05-07 14:37:31,1690402085,5069184221,6413.08,UK pounds,Euro,UK,Netherlands,Cross-border,0,,0,LOW,,
3062,2026-05-07 14:37:40,8938544174,2196340617,204.76,UK pounds,UK pounds,UK,UK,Credit card,0,,0,LOW,,
3063,2026-05-07 14:37:45,9456514108,5109623450,8367.57,UK pounds,UK pounds,UK,UK,Cheque,1,Large-Cash-Transaction; Structuring/Smurfing,65,HIGH,LargeTransaction|Smurfing,"Transaction amount 8,367.57 UK pounds exceeds threshold of 8,000.00; Smurfing: account '9456514108' made 3 transactions totalling 25,105.02 within 24h (each below 9,999.00 threshold)"
3064,2026-05-07 14:37:48,5021785800,7659797939,5820.17,UK pounds,UK pounds,UK,UK,Credit card,1,Structuring/Smurfing,40,MEDIUM,Smurfing,"Smurfing: account '5021785800' made 10 transactions totalling 66,214.10 within 24h (each below 9,999.00 threshold)"
3065,2026-05-07 14:37:52,6183867950,8431460847,3320.04,UK pounds,UK pounds,UK,UK,Credit card,0,Fan-Out/Money-Mule,20,LOW,RapidMovement,RapidMovement: part of rapid fund re-dispatch from account '6183867950'
3066,2026-05-07 14:37:54,2109877908,7053490792,440.15,UK pounds,UK pounds,UK,UK,Cheque,0,,0,LOW,,
3067,2026-05-07 14:37:54,3704710527,8254903553,67960.69,UK pounds,UK pounds,UK,UK,Credit card,0,Large-Cash-Transaction,25,LOW,LargeTransaction,"Transaction amount 67,960.69 UK pounds exceeds threshold of 8,000.00"
3068,2026-05-07 14:37:57,8389148416,721717864,16877.81,UK pounds,UK pounds,UK,UK,ACH,0,Large-Cash-Transaction,25,LOW,LargeTransaction,"Transaction amount 16,877.81 UK pounds exceeds threshold of 8,000.00"
3069,2026-05-07 14:37:57,9137244140,6225979487,86.7,UK pounds,UK pounds,UK,UK,Cash Withdrawal,0,,0,LOW,,
3070,2026-05-07 14:38:00,9365735467,9105769228,18897.97,UK pounds,UK pounds,UK,UK,Debit card,0,Large-Cash-Transaction,25,LOW,LargeTransaction,"Transaction amount 18,897.97 UK pounds exceeds threshold of 8,000.00"
3071,2026-05-07 14:38:02,1379669060,6635999773,3441.9,UK pounds,UK pounds,UK,UK,Cheque,0,,0,LOW,,
3072,2026-05-07 14:38:02,9474817546,1493436023,33023.73,UK pounds,UK pounds,UK,UK,Credit card,0,Large-Cash-Transaction,25,LOW,LargeTransaction,"Transaction amount 33,023.73 UK pounds exceeds threshold of 8,000.00"
3073,2026-05-07 14:38:04,2789286641,2225922608,11461.8,UK pounds,UK pounds,UK,UK,Credit card,0,Large-Cash-Transaction,25,LOW,LargeTransaction,"Transaction amount 11,461.80 UK pounds exceeds threshold of 8,000.00"
3074,2026-05-07 14:38:10,6199845243,4190225646,2692.81,UK pounds,UK pounds,UK,UK,ACH,0,,0,LOW,,
3075,2026-05-07 14:38:12,1915450576,2088570270,18285.05,UK pounds,UK pounds,UK,UK,Debit card,0,Large-Cash-Transaction,25,LOW,LargeTransaction,"Transaction amount 18,285.05 UK pounds exceeds threshold of 8,000.00"
3076,2026-05-07 14:38:12,1378784400,9278521151,7055.14,UK pounds,UK pounds,UK,UK,Credit card,1,Structuring/Smurfing,40,MEDIUM,Smurfing,"Smurfing: account '1378784400' made 17 transactions totalling 112,803.25 within 24h (each below 9,999.00 threshold)"
3077,2026-05-07 14:38:13,3834666529,5858369125,9307.14,UK pounds,UK pounds,UK,UK,ACH,0,Large-Cash-Transaction,25,LOW,LargeTransaction,"Transaction amount 9,307.14 UK pounds exceeds threshold of 8,000.00"
3078,2026-05-07 14:38:14,8372035568,4270865741,5806.03,UK pounds,UK pounds,UK,UK,ACH,0,,0,LOW,,
3079,2026-05-07 14:38:17,7323084173,7080357663,18179.79,UK pounds,UK pounds,UK,UK,Cheque,0,Large-Cash-Transaction,25,LOW,LargeTransaction,"Transaction amount 18,179.79 UK pounds exceeds threshold of 8,000.00"
3080,2026-05-07 14:38:18,5049467950,9842394623,801.78,UK pounds,UK pounds,UK,UK,Cash Deposit,0,,0,LOW,,
3081,2026-05-07 14:38:18,6500267083,5466123934,8090.11,UK pounds,UK pounds,UK,UK,ACH,1,Large-Cash-Transaction; Structuring/Smurfing,65,HIGH,LargeTransaction|Smurfing,"Transaction amount 8,090.11 UK pounds exceeds threshold of 8,000.00; Smurfing: account '6500267083' made 4 transactions totalling 32,340.44 within 24h (each below 9,999.00 threshold)"
3082,2026-05-07 14:38:21,5188677620,8172080174,7860.67,UK pounds,UK pounds,UK,UK,Debit card,0,Layering,25,LOW,Layering,"Fan-in: receiver 8172080174 received from 16 distinct senders within 72h (chain amount: 279,765.89, threshold: 10,000.00)"
3083,2026-05-07 14:38:31,704484357,1211689233,1870.47,UK pounds,Swiss franc,UK,Switzerland,Cross-border,0,,0,LOW,,
3084,2026-05-07 14:38:31,9452975673,5041036986,49287.72,Moroccan dirham,UK pounds,Morocco,UK,Cross-border,0,Large-Cash-Transaction,25,LOW,LargeTransaction,"Transaction amount 49,287.72 Moroccan dirham exceeds threshold of 10,000.00"
3085,2026-05-07 14:38:31,8952177221,5367802555,7954.03,UK pounds,UK pounds,UK,UK,ACH,1,Structuring/Smurfing,40,MEDIUM,Smurfing,"Smurfing: account '8952177221' made 12 transactions totalling 92,509.31 within 24h (each below 9,999.00 threshold)"
3086,2026-05-07 14:38:37,5811105590,7433240186,5220.26,UK pounds,UK pounds,UK,UK,Debit card,0,,0,LOW,,
3087,2026-05-07 14:38:37,6499777292,1377603863,10426.92,UK pounds,Naira,UK,UK,Credit card,0,Large-Cash-Transaction,25,LOW,LargeTransaction,"Transaction amount 10,426.92 UK pounds exceeds threshold of 8,000.00"
3088,2026-05-07 14:38:38,4678874499,3220735304,9880.23,UK pounds,UK pounds,UK,UK,Cheque,0,Large-Cash-Transaction,25,LOW,LargeTransaction,"Transaction amount 9,880.23 UK pounds exceeds threshold of 8,000.00"
3089,2026-05-07 14:38:39,4763305803,8172080174,7456.19,UK pounds,UK pounds,UK,UK,Cheque,1,Structuring/Smurfing; Layering,65,HIGH,Smurfing|Layering,"Smurfing: account '4763305803' made 3 transactions totalling 22,445.26 within 24h (each below 9,999.00 threshold); Fan-in: receiver 8172080174 received from 16 distinct senders within 72h (chain amount: 287,222.08, threshold: 10,000.00)"
3090,2026-05-07 14:38:42,8451059777,1722676839,5233.54,Pakistani rupee,UK pounds,UK,UK,Cash Deposit,0,,0,LOW,,
3091,2026-05-07 14:38:43,8431632351,5514197219,600.74,UK pounds,UK pounds,UK,UK,ACH,0,,0,LOW,,
3092,2026-05-07 14:38:44,7164705377,8157126792,13449.39,UK pounds,UK pounds,UK,UK,Credit card,0,Large-Cash-Transaction,25,LOW,LargeTransaction,"Transaction amount 13,449.39 UK pounds exceeds threshold of 8,000.00"
3093,2026-05-07 14:38:45,8865872440,1431561040,12149.2,UK pounds,UK pounds,UK,UK,Debit card,0,Large-Cash-Transaction,25,LOW,LargeTransaction,"Transaction amount 12,149.20 UK pounds exceeds threshold of 8,000.00"
3094,2026-05-07 14:38:47,8957544287,5858369125,13080.7,UK pounds,UK pounds,UK,UK,Debit card,0,Large-Cash-Transaction,25,LOW,LargeTransaction,"Transaction amount 13,080.70 UK pounds exceeds threshold of 8,000.00"
3095,2026-05-07 14:38:47,264156943,8539953506,15938.12,UK pounds,UK pounds,UK,UK,ACH,0,Large-Cash-Transaction,25,LOW,LargeTransaction,"Transaction amount 15,938.12 UK pounds exceeds threshold of 8,000.00"
3096,2026-05-07 14:38:49,1226944129,2534644942,13261.0,UK pounds,Euro,UK,France,Cross-border,0,Large-Cash-Transaction,25,LOW,LargeTransaction,"Transaction amount 13,261.00 UK pounds exceeds threshold of 8,000.00"
3097,2026-05-07 14:38:49,5792755054,220314685,526.48,UK pounds,UK pounds,UK,UK,Cheque,0,,0,LOW,,
3098,2026-05-07 14:38:54,8441920901,3285628224,16274.65,UK pounds,Naira,UK,Nigeria,Cross-border,0,Large-Cash-Transaction,25,LOW,LargeTransaction,"Transaction amount 16,274.65 UK pounds exceeds threshold of 8,000.00"
3099,2026-05-07 14:38:55,5793150429,5466123934,15598.82,UK pounds,UK pounds,UK,UK,Debit card,0,Large-Cash-Transaction,25,LOW,LargeTransaction,"Transaction amount 15,598.82 UK pounds exceeds threshold of 8,000.00"
3100,2026-05-07 14:38:57,569955345,3695545812,6016.17,UK pounds,UK pounds,UK,UK,Credit card,0,,0,LOW,,
3101,2026-05-07 14:38:58,8164894544,5896180453,7255.69,UK pounds,UK pounds,UK,UK,Debit card,1,Structuring/Smurfing,40,MEDIUM,Smurfing,"Smurfing: account '8164894544' made 3 transactions totalling 21,933.41 within 24h (each below 9,999.00 threshold)"
3102,2026-05-07 14:39:01,9390772968,3204614519,4518.4,UK pounds,UK pounds,UK,UK,Cheque,0,,0,LOW,,
3103,2026-05-07 14:39:05,9393500566,7584268341,1937.01,UK pounds,Dirham,UK,UAE,Cross-border,0,,0,LOW,,
3104,2026-05-07 14:39:05,8952177221,5425311148,912.11,UK pounds,UK pounds,UK,UK,Debit card,1,Structuring/Smurfing,40,MEDIUM,Smurfing,"Smurfing: account '8952177221' made 13 transactions totalling 93,421.42 within 24h (each below 9,999.00 threshold)"
3105,2026-05-07 14:39:07,8820389620,4336977506,7389.78,UK pounds,UK pounds,UK,UK,Cheque,1,Structuring/Smurfing,40,MEDIUM,Smurfing,"Smurfing: account '8820389620' made 3 transactions totalling 22,165.55 within 24h (each below 9,999.00 threshold)"
3106,2026-05-07 14:39:07,441611918,120553525,9437.85,UK pounds,UK pounds,UK,UK,ACH,0,Large-Cash-Transaction,25,LOW,LargeTransaction,"Transaction amount 9,437.85 UK pounds exceeds threshold of 8,000.00"
3107,2026-05-07 14:39:10,1790329027,5801455343,801.18,UK pounds,UK pounds,UK,UK,Cash Deposit,0,,0,LOW,,
3108,2026-05-07 14:39:10,5607688477,5858369125,9168.48,UK pounds,UK pounds,UK,UK,Debit card,0,Large-Cash-Transaction,25,LOW,LargeTransaction,"Transaction amount 9,168.48 UK pounds exceeds threshold of 8,000.00"
3109,2026-05-07 14:39:14,7415689045,4906481425,2477.17,UK pounds,UK pounds,UK,UK,ACH,0,,0,LOW,,
3110,2026-05-07 14:39:15,582717708,7892884492,17765.52,UK pounds,US dollar,UK,USA,Cross-border,0,Large-Cash-Transaction,25,LOW,LargeTransaction,"Transaction amount 17,765.52 UK pounds exceeds threshold of 8,000.00"
3111,2026-05-07 14:39:17,430404376,1431561040,5203.12,UK pounds,UK pounds,UK,UK,Cheque,0,,0,LOW,,
3112,2026-05-07 14:39:18,1827169664,1435694960,2872.69,UK pounds,UK pounds,UK,UK,Cash Deposit,0,,0,LOW,,
3113,2026-05-07 14:39:18,8456279067,2524044622,9522.36,UK pounds,UK pounds,UK,UK,Debit card,1,Large-Cash-Transaction; Structuring/Smurfing,65,HIGH,LargeTransaction|Smurfing,"Transaction amount 9,522.36 UK pounds exceeds threshold of 8,000.00; Smurfing: account '8456279067' made 17 transactions totalling 123,987.20 within 24h (each below 9,999.00 threshold)"
3114,2026-05-07 14:39:33,4039273849,187068669,63.42,UK pounds,UK pounds,UK,UK,ACH,0,,0,LOW,,
3115,2026-05-07 14:39:34,7540999663,4979324864,5122.68,UK pounds,UK pounds,UK,UK,Credit card,0,,0,LOW,,
3116,2026-05-07 14:39:36,2747696489,8678802420,6635.07,UK pounds,UK pounds,UK,UK,Cheque,0,,0,LOW,,
3117,2026-05-07 14:39:40,4121324384,3732455271,9756.8,Euro,UK pounds,Spain,UK,Cross-border,1,Large-Cash-Transaction; Structuring/Smurfing,65,HIGH,LargeTransaction|Smurfing,"Transaction amount 9,756.80 Euro exceeds threshold of 9,000.00; Smurfing: account '4121324384' made 8 transactions totalling 63,910.13 within 24h (each below 9,999.00 threshold)"
3118,2026-05-07 14:39:41,4571760487,4739487649,2358.44,UK pounds,UK pounds,UK,UK,Cash Deposit,0,,0,LOW,,
3119,2026-05-07 14:39:42,2973516096,2403166614,5199.78,UK pounds,UK pounds,UK,UK,Debit card,0,,0,LOW,,
3120,2026-05-07 14:39:43,1817870453,8046761705,774.86,Yen,UK pounds,Japan,UK,Cross-border,0,,0,LOW,,
3121,2026-05-07 14:39:45,6096178364,8813948256,662.87,UK pounds,UK pounds,UK,UK,Cheque,0,,0,LOW,,
3122,2026-05-07 14:39:47,778474018,6034997194,15732.77,UK pounds,UK pounds,UK,UK,Credit card,0,Large-Cash-Transaction,25,LOW,LargeTransaction,"Transaction amount 15,732.77 UK pounds exceeds threshold of 8,000.00"
3123,2026-05-07 14:39:49,2643392933,9091311687,9231.53,UK pounds,Mexican Peso,UK,Mexico,Cross-border,0,Large-Cash-Transaction,25,LOW,LargeTransaction,"Transaction amount 9,231.53 UK pounds exceeds threshold of 8,000.00"
3124,2026-05-07 14:39:53,139659700,7207570617,19005.89,UK pounds,UK pounds,UK,UK,Cheque,0,Large-Cash-Transaction,25,LOW,LargeTransaction,"Transaction amount 19,005.89 UK pounds exceeds threshold of 8,000.00"
3125,2026-05-07 14:39:53,2294025022,5858369125,8696.05,UK pounds,UK pounds,UK,UK,Credit card,0,Large-Cash-Transaction,25,LOW,LargeTransaction,"Transaction amount 8,696.05 UK pounds exceeds threshold of 8,000.00"
3126,2026-05-07 14:39:54,1530860052,3190834930,7449.72,UK pounds,UK pounds,UK,UK,Cheque,0,,0,LOW,,
3127,2026-05-07 14:39:56,1301917376,7784609782,926.95,UK pounds,UK pounds,UK,UK,Debit card,0,,0,LOW,,
3128,2026-05-07 14:40:04,9502706473,8129833453,10294.53,UK pounds,UK pounds,UK,UK,ACH,0,Large-Cash-Transaction,25,LOW,LargeTransaction,"Transaction amount 10,294.53 UK pounds exceeds threshold of 8,000.00"
3129,2026-05-07 14:40:08,1188574274,3455900007,7055.79,UK pounds,UK pounds,UK,UK,Cheque,0,,0,LOW,,
3130,2026-05-07 14:40:09,7199851351,1321233977,14809.13,UK pounds,UK pounds,UK,UK,Cheque,0,Large-Cash-Transaction,25,LOW,LargeTransaction,"Transaction amount 14,809.13 UK pounds exceeds threshold of 8,000.00"
3131,2026-05-07 14:40:10,9021870555,3695545812,6204.15,UK pounds,UK pounds,UK,UK,Cheque,1,Structuring/Smurfing,40,MEDIUM,Smurfing,"Smurfing: account '9021870555' made 3 transactions totalling 18,610.57 within 24h (each below 9,999.00 threshold)"
3132,2026-05-07 14:40:13,9938221650,3303424556,10166.55,Naira,UK pounds,Nigeria,UK,Cross-border,0,Large-Cash-Transaction,25,LOW,LargeTransaction,"Transaction amount 10,166.55 Naira exceeds threshold of 10,000.00"
3133,2026-05-07 14:40:21,1039261140,1465487567,16095.55,UK pounds,UK pounds,UK,UK,Credit card,1,Large-Cash-Transaction; Layering,50,MEDIUM,LargeTransaction|Layering,"Transaction amount 16,095.55 UK pounds exceeds threshold of 8,000.00; Fan-in: receiver 1465487567 received from 11 distinct senders within 72h (chain amount: 271,424.60, threshold: 10,000.00)"
3134,2026-05-07 14:40:26,4002781583,1846727049,1798.27,UK pounds,UK pounds,UK,UK,Debit card,0,,0,LOW,,
3135,2026-05-07 14:40:28,4758634698,6367167630,1178.75,UK pounds,UK pounds,UK,UK,Cash Deposit,0,,0,LOW,,
3136,2026-05-07 14:40:41,8394294350,8678802420,7839.55,UK pounds,UK pounds,UK,UK,Credit card,0,,0,LOW,,
3137,2026-05-07 14:40:45,3333364168,2646321715,4697.98,UK pounds,UK pounds,UK,UK,ACH,0,,0,LOW,,
3138,2026-05-07 14:40:47,6116657264,7749320382,10814.03,UK pounds,UK pounds,UK,UK,ACH,0,Large-Cash-Transaction,25,LOW,LargeTransaction,"Transaction amount 10,814.03 UK pounds exceeds threshold of 8,000.00"
3139,2026-05-07 14:40:54,271052879,4090747833,472.13,UK pounds,UK pounds,UK,UK,ACH,0,,0,LOW,,
3140,2026-05-07 14:40:56,2797271466,1492744665,5952.49,UK pounds,UK pounds,UK,UK,ACH,1,Structuring/Smurfing,40,MEDIUM,Smurfing,"Smurfing: account '2797271466' made 14 transactions totalling 101,403.01 within 24h (each below 9,999.00 threshold)"
3141,2026-05-07 14:40:56,3709430533,7472952117,7139.23,UK pounds,UK pounds,UK,UK,ACH,1,Structuring/Smurfing,40,MEDIUM,Smurfing,"Smurfing: account '3709430533' made 19 transactions totalling 142,999.64 within 24h (each below 9,999.00 threshold)"
3142,2026-05-07 14:40:57,848681361,5483944842,277.51,UK pounds,UK pounds,UK,UK,Cash Withdrawal,0,,0,LOW,,
3143,2026-05-07 14:41:00,4067300593,7146221158,3494.5,UK pounds,UK pounds,UK,UK,Debit card,0,,0,LOW,,
3144,2026-05-07 14:41:02,7758268667,4048410232,17683.77,UK pounds,UK pounds,UK,UK,Debit card,0,Large-Cash-Transaction,25,LOW,LargeTransaction,"Transaction amount 17,683.77 UK pounds exceeds threshold of 8,000.00"
3145,2026-05-07 14:41:11,5043009314,6509817921,4315.21,UK pounds,UK pounds,UK,UK,Cheque,0,,0,LOW,,
3146,2026-05-07 14:41:12,7072735875,4545154118,1206.87,UK pounds,UK pounds,UK,UK,Cheque,0,,0,LOW,,
3147,2026-05-07 14:41:13,3661115986,4492176364,206.04,UK pounds,UK pounds,UK,UK,Credit card,0,,0,LOW,,
3148,2026-05-07 14:41:14,9165364903,8353784441,5285.72,UK pounds,UK pounds,UK,UK,Cash Deposit,0,,0,LOW,,
3149,2026-05-07 14:41:18,7501327339,8562263055,6219.86,UK pounds,UK pounds,UK,UK,Credit card,1,Structuring/Smurfing,40,MEDIUM,Smurfing,"Smurfing: account '7501327339' made 19 transactions totalling 134,566.48 within 24h (each below 9,999.00 threshold)"
3150,2026-05-07 14:41:19,2040906068,3079238220,3531.23,UK pounds,UK pounds,UK,UK,Cheque,0,,0,LOW,,
3151,2026-05-07 14:41:20,887144305,5739011754,474.21,UK pounds,UK pounds,UK,UK,Cash Deposit,0,,0,LOW,,
3152,2026-05-07 14:41:23,2207144112,7355972203,6759.84,UK pounds,UK pounds,UK,UK,Credit card,0,Fan-Out/Money-Mule,20,LOW,RapidMovement,RapidMovement: part of rapid fund re-dispatch from account '2207144112'
3153,2026-05-07 14:41:27,3860436187,8951970972,1279.01,UK pounds,UK pounds,UK,UK,ACH,0,,0,LOW,,
3154,2026-05-07 14:41:28,2595514418,954584262,4060.59,UK pounds,UK pounds,UK,UK,Cash Deposit,0,,0,LOW,,
3155,2026-05-07 14:41:29,2953023889,6223365730,10681.56,UK pounds,UK pounds,UK,UK,ACH,0,Large-Cash-Transaction,25,LOW,LargeTransaction,"Transaction amount 10,681.56 UK pounds exceeds threshold of 8,000.00"
3156,2026-05-07 14:41:32,5642727960,8249415854,3875.16,UK pounds,UK pounds,UK,UK,ACH,0,,0,LOW,,
3157,2026-05-07 14:41:36,3452368468,4536194683,11368.11,UK pounds,UK pounds,UK,UK,ACH,0,Large-Cash-Transaction,25,LOW,LargeTransaction,"Transaction amount 11,368.11 UK pounds exceeds threshold of 8,000.00"
3158,2026-05-07 14:41:37,3510078932,2683968729,23050.53,UK pounds,UK pounds,UK,UK,ACH,0,Large-Cash-Transaction,25,LOW,LargeTransaction,"Transaction amount 23,050.53 UK pounds exceeds threshold of 8,000.00"
3159,2026-05-07 14:41:37,9736399360,6213751347,1631.97,UK pounds,UK pounds,UK,UK,Debit card,0,,0,LOW,,
3160,2026-05-07 14:41:40,649073516,6170957241,5378.82,UK pounds,UK pounds,UK,UK,Cheque,0,,0,LOW,,
3161,2026-05-07 14:41:41,287305149,5292585893,2405.37,UK pounds,UK pounds,UK,UK,Credit card,0,,0,LOW,,
3162,2026-05-07 14:41:43,8389148416,3487686607,8333.04,UK pounds,UK pounds,UK,UK,Cheque,1,Large-Cash-Transaction; Structuring/Smurfing,65,HIGH,LargeTransaction|Smurfing,"Transaction amount 8,333.04 UK pounds exceeds threshold of 8,000.00; Smurfing: account '8389148416' made 12 transactions totalling 85,151.70 within 24h (each below 9,999.00 threshold)"
3163,2026-05-07 14:41:45,374414130,3220735304,10516.36,UK pounds,UK pounds,UK,UK,Debit card,0,Large-Cash-Transaction,25,LOW,LargeTransaction,"Transaction amount 10,516.36 UK pounds exceeds threshold of 8,000.00"
3164,2026-05-07 14:41:45,7379840933,8391951495,5213.25,UK pounds,US dollar,UK,USA,Cross-border,0,,0,LOW,,
3165,2026-05-07 14:41:47,8389148416,8705942251,7440.55,UK pounds,UK pounds,UK,UK,ACH,1,Structuring/Smurfing,40,MEDIUM,Smurfing,"Smurfing: account '8389148416' made 13 transactions totalling 92,592.25 within 24h (each below 9,999.00 threshold)"
3166,2026-05-07 14:41:48,6150012318,5109623450,4754.18,UK pounds,UK pounds,UK,UK,Debit card,0,,0,LOW,,
3167,2026-05-07 14:41:48,3560036522,3695545812,14094.84,UK pounds,UK pounds,UK,UK,Debit card,0,Large-Cash-Transaction,25,LOW,LargeTransaction,"Transaction amount 14,094.84 UK pounds exceeds threshold of 8,000.00"
3168,2026-05-07 14:41:48,708379923,1013867315,7437.74,UK pounds,UK pounds,UK,UK,Credit card,0,,0,LOW,,
3169,2026-05-07 14:41:49,9746384104,4106486424,5447.95,UK pounds,UK pounds,UK,UK,Debit card,1,Structuring/Smurfing,40,MEDIUM,Smurfing,"Smurfing: account '9746384104' made 8 transactions totalling 42,542.69 within 24h (each below 9,999.00 threshold)"
3170,2026-05-07 14:41:50,6588578648,1293390618,11217.62,UK pounds,UK pounds,UK,UK,ACH,0,Large-Cash-Transaction,25,LOW,LargeTransaction,"Transaction amount 11,217.62 UK pounds exceeds threshold of 8,000.00"
3171,2026-05-07 14:41:53,8883997544,1465487567,8468.67,UK pounds,UK pounds,UK,UK,Debit card,1,Large-Cash-Transaction; Layering,50,MEDIUM,LargeTransaction|Layering,"Transaction amount 8,468.67 UK pounds exceeds threshold of 8,000.00; Fan-in: receiver 1465487567 received from 12 distinct senders within 72h (chain amount: 279,893.27, threshold: 10,000.00)"
3172,2026-05-07 14:41:53,5772469780,5858369125,4986.95,Euro,UK pounds,Spain,UK,Cross-border,0,,0,LOW,,
3173,2026-05-07 14:41:56,4121324384,6345230339,16062.02,Euro,UK pounds,Spain,UK,Cross-border,0,Large-Cash-Transaction,25,LOW,LargeTransaction,"Transaction amount 16,062.02 Euro exceeds threshold of 9,000.00"
3174,2026-05-07 14:41:57,6541461425,1705380571,386809.77,UK pounds,UK pounds,UK,UK,ACH,0,Large-Cash-Transaction,25,LOW,LargeTransaction,"Transaction amount 386,809.77 UK pounds exceeds threshold of 8,000.00"
3175,2026-05-07 14:41:57,8952177221,6345374341,8169.25,UK pounds,UK pounds,UK,UK,Credit card,1,Large-Cash-Transaction; Structuring/Smurfing,65,HIGH,LargeTransaction|Smurfing,"Transaction amount 8,169.25 UK pounds exceeds threshold of 8,000.00; Smurfing: account '8952177221' made 14 transactions totalling 101,590.67 within 24h (each below 9,999.00 threshold)"
3176,2026-05-07 14:41:59,2266218982,8346153450,11012.72,UK pounds,UK pounds,UK,UK,Debit card,0,Large-Cash-Transaction,25,LOW,LargeTransaction,"Transaction amount 11,012.72 UK pounds exceeds threshold of 8,000.00"
3177,2026-05-07 14:41:59,2336433299,2843132585,1229.63,Indian rupee,UK pounds,India,UK,Cross-border,0,,0,LOW,,
3178,2026-05-07 14:42:00,4906513059,7763680969,642.41,UK pounds,UK pounds,UK,UK,ACH,0,,0,LOW,,
3179,2026-05-07 14:42:02,4840545105,3411329179,4564.52,UK pounds,UK pounds,UK,UK,Debit card,0,,0,LOW,,
3180,2026-05-07 14:42:03,9813511575,2215728475,17293.2,Turkish lira,UK pounds,Turkey,UK,Cross-border,0,Large-Cash-Transaction,25,LOW,LargeTransaction,"Transaction amount 17,293.20 Turkish lira exceeds threshold of 10,000.00"
3181,2026-05-07 14:42:04,6541552727,9694142477,6047.36,UK pounds,UK pounds,UK,UK,ACH,1,Structuring/Smurfing,40,MEDIUM,Smurfing,"Smurfing: account '6541552727' made 17 transactions totalling 112,240.14 within 24h (each below 9,999.00 threshold)"
3182,2026-05-07 14:42:04,6904668523,4959470648,8174.96,UK pounds,UK pounds,UK,UK,Credit card,1,Large-Cash-Transaction; Structuring/Smurfing,65,HIGH,LargeTransaction|Smurfing,"Transaction amount 8,174.96 UK pounds exceeds threshold of 8,000.00; Smurfing: account '6904668523' made 16 transactions totalling 115,413.02 within 24h (each below 9,999.00 threshold)"
3183,2026-05-07 14:42:09,8389148416,2753383263,5642.07,UK pounds,UK pounds,UK,UK,Debit card,1,Structuring/Smurfing,40,MEDIUM,Smurfing,"Smurfing: account '8389148416' made 14 transactions totalling 98,234.32 within 24h (each below 9,999.00 threshold)"
3184,2026-05-07 14:42:09,4601304649,5325182835,497.4,UK pounds,UK pounds,UK,UK,Cash Deposit,0,,0,LOW,,
3185,2026-05-07 14:42:13,2541435157,5442384483,2449.11,UK pounds,UK pounds,UK,UK,Debit card,0,,0,LOW,,
3186,2026-05-07 14:42:14,6712711200,8518184956,14750.6,UK pounds,UK pounds,UK,UK,Credit card,0,Large-Cash-Transaction,25,LOW,LargeTransaction,"Transaction amount 14,750.60 UK pounds exceeds threshold of 8,000.00"
3187,2026-05-07 14:42:18,5793150429,5466123934,15501.59,UK pounds,UK pounds,UK,UK,Debit card,0,Large-Cash-Transaction,25,LOW,LargeTransaction,"Transaction amount 15,501.59 UK pounds exceeds threshold of 8,000.00"
3188,2026-05-07 14:42:24,3477240128,652257309,1792.79,UK pounds,UK pounds,UK,UK,Credit card,0,,0,LOW,,
3189,2026-05-07 14:42:28,8456279067,1212654276,7066.61,UK pounds,UK pounds,UK,UK,Debit card,1,Structuring/Smurfing,40,MEDIUM,Smurfing,"Smurfing: account '8456279067' made 18 transactions totalling 131,053.81 within 24h (each below 9,999.00 threshold)"
3190,2026-05-07 14:42:30,4121324384,3405158611,6509.23,Euro,UK pounds,Spain,UK,Cross-border,1,Structuring/Smurfing,40,MEDIUM,Smurfing,"Smurfing: account '4121324384' made 9 transactions totalling 70,419.36 within 24h (each below 9,999.00 threshold)"
3191,2026-05-07 14:42:35,3779887664,291086082,195.68,Naira,UK pounds,UK,UK,Cash Deposit,0,,0,LOW,,
3192,2026-05-07 14:42:35,2238095611,7270289883,14342.7,UK pounds,UK pounds,UK,UK,Debit card,0,Large-Cash-Transaction,25,LOW,LargeTransaction,"Transaction amount 14,342.70 UK pounds exceeds threshold of 8,000.00"
3193,2026-05-07 14:42:42,3712660061,2534644942,23127.91,UK pounds,Euro,UK,France,Cross-border,0,Large-Cash-Transaction,25,LOW,LargeTransaction,"Transaction amount 23,127.91 UK pounds exceeds threshold of 8,000.00"
3194,2026-05-07 14:42:45,7021575422,3406347405,112.9,UK pounds,UK pounds,UK,UK,Credit card,0,,0,LOW,,
3195,2026-05-07 14:42:45,6679205752,5109623450,12090.26,UK pounds,UK pounds,UK,UK,Credit card,0,Large-Cash-Transaction,25,LOW,LargeTransaction,"Transaction amount 12,090.26 UK pounds exceeds threshold of 8,000.00"
3196,2026-05-07 14:42:46,5605353873,6559742275,3165.22,UK pounds,UK pounds,UK,UK,Cash Deposit,0,,0,LOW,,
3197,2026-05-07 14:42:51,6838010354,4835770853,681.59,UK pounds,UK pounds,UK,UK,Debit card,0,,0,LOW,,
3198,2026-05-07 14:42:54,1929242509,6687071561,11231.19,UK pounds,UK pounds,UK,UK,Credit card,0,Large-Cash-Transaction,25,LOW,LargeTransaction,"Transaction amount 11,231.19 UK pounds exceeds threshold of 8,000.00"
3199,2026-05-07 14:42:55,8545790935,8363442662,4764.98,UK pounds,UK pounds,UK,UK,Cash Deposit,0,,0,LOW,,
3200,2026-05-07 14:43:01,5021785800,4808988417,9234.23,UK pounds,UK pounds,UK,UK,Credit card,1,Large-Cash-Transaction; Structuring/Smurfing,65,HIGH,LargeTransaction|Smurfing,"Transaction amount 9,234.23 UK pounds exceeds threshold of 8,000.00; Smurfing: account '5021785800' made 11 transactions totalling 75,448.33 within 24h (each below 9,999.00 threshold)"
3201,2026-05-07 14:43:04,2365007895,5745861775,9120.52,UK pounds,UK pounds,UK,UK,Debit card,1,Large-Cash-Transaction; Structuring/Smurfing,65,HIGH,LargeTransaction|Smurfing,"Transaction amount 9,120.52 UK pounds exceeds threshold of 8,000.00; Smurfing: account '2365007895' made 17 transactions totalling 124,730.81 within 24h (each below 9,999.00 threshold)"
3202,2026-05-07 14:43:05,9744328675,8678802420,4456.9,UK pounds,UK pounds,UK,UK,Debit card,1,Structuring/Smurfing,40,MEDIUM,Smurfing,"Smurfing: account '9744328675' made 3 transactions totalling 13,331.07 within 24h (each below 9,999.00 threshold)"
3203,2026-05-07 14:43:05,6814183486,9105399010,2103.67,UK pounds,UK pounds,UK,UK,Credit card,0,,0,LOW,,
3204,2026-05-07 14:43:11,9919443403,417590431,8562.0,UK pounds,UK pounds,UK,UK,ACH,0,Large-Cash-Transaction,25,LOW,LargeTransaction,"Transaction amount 8,562.00 UK pounds exceeds threshold of 8,000.00"
3205,2026-05-07 14:43:12,6745265718,8758502645,7922.73,UK pounds,UK pounds,UK,UK,Debit card,0,,0,LOW,,
3206,2026-05-07 14:43:16,1734009149,6227903895,11724.17,UK pounds,UK pounds,UK,UK,ACH,0,Large-Cash-Transaction,25,LOW,LargeTransaction,"Transaction amount 11,724.17 UK pounds exceeds threshold of 8,000.00"
3207,2026-05-07 14:43:16,3321911861,3074091941,2769.66,UK pounds,UK pounds,UK,UK,Cash Deposit,0,,0,LOW,,
3208,2026-05-07 14:43:17,9021870555,3695545812,6173.02,UK pounds,UK pounds,UK,UK,Debit card,1,Structuring/Smurfing,40,MEDIUM,Smurfing,"Smurfing: account '9021870555' made 4 transactions totalling 24,783.59 within 24h (each below 9,999.00 threshold)"
3209,2026-05-07 14:43:18,7630605129,1311380222,3676.74,UK pounds,Euro,UK,Germany,Cross-border,0,,0,LOW,,
3210,2026-05-07 14:43:21,5063154749,5036909703,1515.32,UK pounds,UK pounds,UK,UK,Debit card,0,,0,LOW,,
3211,2026-05-07 14:43:21,1144646660,1493436023,5157.43,UK pounds,UK pounds,UK,UK,Cheque,1,Structuring/Smurfing,40,MEDIUM,Smurfing,"Smurfing: account '1144646660' made 3 transactions totalling 15,393.68 within 24h (each below 9,999.00 threshold)"
3212,2026-05-07 14:43:24,5021785800,7659797939,5831.53,UK pounds,UK pounds,UK,UK,Credit card,1,Structuring/Smurfing,40,MEDIUM,Smurfing,"Smurfing: account '5021785800' made 12 transactions totalling 81,279.86 within 24h (each below 9,999.00 threshold)"
3213,2026-05-07 14:43:26,1915450576,4788192514,12342.11,UK pounds,UK pounds,UK,UK,Debit card,0,Large-Cash-Transaction,25,LOW,LargeTransaction,"Transaction amount 12,342.11 UK pounds exceeds threshold of 8,000.00"
3214,2026-05-07 14:43:27,6106138674,3220735304,11740.5,UK pounds,UK pounds,UK,UK,Credit card,0,Large-Cash-Transaction,25,LOW,LargeTransaction,"Transaction amount 11,740.50 UK pounds exceeds threshold of 8,000.00"
3215,2026-05-07 14:43:29,9534729015,2552940134,7343.26,UK pounds,UK pounds,UK,UK,ACH,1,Structuring/Smurfing,40,MEDIUM,Smurfing,"Smurfing: account '9534729015' made 7 transactions totalling 48,662.25 within 24h (each below 9,999.00 threshold)"
3216,2026-05-07 14:43:29,5704699176,3719044734,2975.97,UK pounds,UK pounds,UK,UK,Cheque,0,,0,LOW,,
3217,2026-05-07 14:43:31,2375869731,8737013850,860.7,UK pounds,UK pounds,UK,UK,Debit card,0,,0,LOW,,
3218,2026-05-07 14:43:32,7364333240,9625174911,5030.74,UK pounds,UK pounds,UK,UK,Debit card,0,,0,LOW,,
3219,2026-05-07 14:43:39,253152083,4555619116,1158.08,UK pounds,UK pounds,UK,UK,Debit card,0,,0,LOW,,
3220,2026-05-07 14:43:39,4622747128,4293580479,8820.85,UK pounds,UK pounds,UK,UK,Cheque,0,Large-Cash-Transaction,25,LOW,LargeTransaction,"Transaction amount 8,820.85 UK pounds exceeds threshold of 8,000.00"
3221,2026-05-07 14:43:39,9432026897,1809153362,2008.14,UK pounds,UK pounds,UK,UK,Credit card,0,,0,LOW,,
3222,2026-05-07 14:43:40,8576272219,1254860277,59.09,UK pounds,UK pounds,UK,UK,Credit card,0,,0,LOW,,
3223,2026-05-07 14:43:41,5495088244,6223365730,6214.02,UK pounds,UK pounds,UK,UK,Cheque,1,Structuring/Smurfing,40,MEDIUM,Smurfing,"Smurfing: account '5495088244' made 3 transactions totalling 18,613.26 within 24h (each below 9,999.00 threshold)"
3224,2026-05-07 14:43:42,3297647672,2307832693,29072.54,UK pounds,UK pounds,UK,UK,ACH,0,Large-Cash-Transaction,25,LOW,LargeTransaction,"Transaction amount 29,072.54 UK pounds exceeds threshold of 8,000.00"
3225,2026-05-07 14:43:43,1922236838,7978785916,1602.68,UK pounds,Albanian lek,UK,UK,Credit card,0,,0,LOW,,
3226,2026-05-07 14:43:43,5868631038,810686691,1523.28,UK pounds,UK pounds,UK,UK,Cash Deposit,0,,0,LOW,,
3227,2026-05-07 14:43:53,2576623544,621060264,10647.23,UK pounds,Moroccan dirham,UK,UK,ACH,0,Large-Cash-Transaction,25,LOW,LargeTransaction,"Transaction amount 10,647.23 UK pounds exceeds threshold of 8,000.00"
3228,2026-05-07 14:43:54,942349529,8518184956,6944.45,UK pounds,UK pounds,UK,UK,Debit card,1,Structuring/Smurfing,40,MEDIUM,Smurfing,"Smurfing: account '942349529' made 3 transactions totalling 20,814.07 within 24h (each below 9,999.00 threshold)"
3229,2026-05-07 14:43:54,4407769487,9543035808,1118.48,UK pounds,UK pounds,UK,UK,Cash Deposit,0,,0,LOW,,
3230,2026-05-07 14:43:55,4915664814,5466123934,7354.13,UK pounds,UK pounds,UK,UK,ACH,1,Structuring/Smurfing,40,MEDIUM,Smurfing,"Smurfing: account '4915664814' made 3 transactions totalling 22,234.48 within 24h (each below 9,999.00 threshold)"
3231,2026-05-07 14:43:58,3505220435,6501380786,2647.77,UK pounds,UK pounds,UK,UK,Debit card,0,,0,LOW,,
3232,2026-05-07 14:44:03,9302668308,725546782,913.35,UK pounds,UK pounds,UK,UK,Debit card,0,,0,LOW,,
3233,2026-05-07 14:44:03,8889988262,4689056456,134.02,UK pounds,UK pounds,UK,UK,Credit card,0,,0,LOW,,
3234,2026-05-07 14:44:03,8464577990,503489143,1650.41,UK pounds,UK pounds,UK,UK,Credit card,0,,0,LOW,,
3235,2026-05-07 14:44:11,6057444675,8861171324,10827.02,UK pounds,UK pounds,UK,UK,Cheque,0,Large-Cash-Transaction,25,LOW,LargeTransaction,"Transaction amount 10,827.02 UK pounds exceeds threshold of 8,000.00"
3236,2026-05-07 14:44:15,7788322519,3282230497,330.45,UK pounds,UK pounds,UK,UK,Cash Withdrawal,0,,0,LOW,,
3237,2026-05-07 14:44:16,6648411570,5406744845,10030.12,UK pounds,Euro,UK,UK,ACH,0,Large-Cash-Transaction,25,LOW,LargeTransaction,"Transaction amount 10,030.12 UK pounds exceeds threshold of 8,000.00"
3238,2026-05-07 14:44:17,9369345927,5108911687,1600.43,UK pounds,UK pounds,UK,UK,Cash Deposit,0,,0,LOW,,
3239,2026-05-07 14:44:17,7323084173,7080357663,18127.93,UK pounds,UK pounds,UK,UK,Credit card,0,Large-Cash-Transaction,25,LOW,LargeTransaction,"Transaction amount 18,127.93 UK pounds exceeds threshold of 8,000.00"
3240,2026-05-07 14:44:20,6641862771,3491852426,572.01,UK pounds,UK pounds,UK,UK,Credit card,0,,0,LOW,,
3241,2026-05-07 14:44:21,9152139918,6242064665,5761.37,UK pounds,UK pounds,UK,UK,Debit card,0,,0,LOW,,
3242,2026-05-07 14:44:24,5440476078,1190348335,1288.14,UK pounds,UK pounds,UK,UK,Credit card,0,,0,LOW,,
3243,2026-05-07 14:44:24,5636542108,1352768610,4343.14,UK pounds,UK pounds,UK,UK,Cheque,0,,0,LOW,,
3244,2026-05-07 14:44:24,3262792587,9615241977,757.71,UK pounds,UK pounds,UK,UK,Cheque,0,,0,LOW,,
3245,2026-05-07 14:44:27,2126388140,7011975222,23270.67,UK pounds,UK pounds,UK,UK,ACH,0,Large-Cash-Transaction,25,LOW,LargeTransaction,"Transaction amount 23,270.67 UK pounds exceeds threshold of 8,000.00"
3246,2026-05-07 14:44:30,1004096715,1071685840,10088.98,UK pounds,UK pounds,UK,UK,Cheque,0,Large-Cash-Transaction,25,LOW,LargeTransaction,"Transaction amount 10,088.98 UK pounds exceeds threshold of 8,000.00"
3247,2026-05-07 14:44:33,6644790956,6809308219,15333.65,UK pounds,UK pounds,UK,UK,Cheque,1,Large-Cash-Transaction; Fan-Out/Money-Mule,45,MEDIUM,LargeTransaction|RapidMovement,"Transaction amount 15,333.65 UK pounds exceeds threshold of 8,000.00; RapidMovement: part of rapid fund re-dispatch from account '6644790956'"
3248,2026-05-07 14:44:34,6838081010,6953672776,10393.07,UK pounds,Mexican Peso,UK,Mexico,Cross-border,0,Large-Cash-Transaction,25,LOW,LargeTransaction,"Transaction amount 10,393.07 UK pounds exceeds threshold of 8,000.00"
3249,2026-05-07 14:44:34,1896092582,3374676562,71.63,UK pounds,UK pounds,UK,UK,ACH,0,,0,LOW,,
3250,2026-05-07 14:44:39,3709430533,2002969578,6438.45,UK pounds,UK pounds,UK,UK,Cheque,1,Structuring/Smurfing,40,MEDIUM,Smurfing,"Smurfing: account '3709430533' made 20 transactions totalling 149,438.09 within 24h (each below 9,999.00 threshold)"
3251,2026-05-07 14:44:42,2419308259,9432331938,16034.01,Moroccan dirham,UK pounds,Morocco,UK,Cross-border,0,Large-Cash-Transaction,25,LOW,LargeTransaction,"Transaction amount 16,034.01 Moroccan dirham exceeds threshold of 10,000.00"
3252,2026-05-07 14:44:47,3168051873,9757535272,11260.26,UK pounds,UK pounds,UK,UK,Debit card,0,Large-Cash-Transaction,25,LOW,LargeTransaction,"Transaction amount 11,260.26 UK pounds exceeds threshold of 8,000.00"
3253,2026-05-07 14:44:48,3203640881,989807086,2438.3,UK pounds,UK pounds,UK,UK,Debit card,0,,0,LOW,,
3254,2026-05-07 14:44:49,7235532266,595345216,2942.25,UK pounds,UK pounds,UK,UK,ACH,0,,0,LOW,,
3255,2026-05-07 14:44:51,2023070355,9083010990,1822.71,UK pounds,UK pounds,UK,UK,ACH,0,,0,LOW,,
3256,2026-05-07 14:44:55,7043243034,6436858251,979.37,UK pounds,UK pounds,UK,UK,Cheque,0,,0,LOW,,
3257,2026-05-07 14:44:55,7920286873,8667927191,2307.13,UK pounds,UK pounds,UK,UK,ACH,0,,0,LOW,,
3258,2026-05-07 14:44:59,96933227,8172080174,4856.22,UK pounds,UK pounds,UK,UK,Cheque,0,Layering,25,LOW,Layering,"Fan-in: receiver 8172080174 received from 16 distinct senders within 72h (chain amount: 292,078.30, threshold: 10,000.00)"
3259,2026-05-07 14:45:00,5118974151,839544588,1250.05,UK pounds,UK pounds,UK,UK,ACH,0,,0,LOW,,
3260,2026-05-07 14:45:01,734969360,8678392907,5831.1,UK pounds,UK pounds,UK,UK,Debit card,0,,0,LOW,,
3261,2026-05-07 14:45:04,826653192,1431561040,11237.62,UK pounds,UK pounds,UK,UK,ACH,0,Large-Cash-Transaction,25,LOW,LargeTransaction,"Transaction amount 11,237.62 UK pounds exceeds threshold of 8,000.00"
3262,2026-05-07 14:45:10,4737367377,9600420260,7937.04,UK pounds,UK pounds,UK,UK,ACH,1,Structuring/Smurfing,40,MEDIUM,Smurfing,"Smurfing: account '4737367377' made 3 transactions totalling 23,620.74 within 24h (each below 9,999.00 threshold)"
3263,2026-05-07 14:45:10,3560036522,3695545812,13909.3,UK pounds,UK pounds,UK,UK,Credit card,0,Large-Cash-Transaction,25,LOW,LargeTransaction,"Transaction amount 13,909.30 UK pounds exceeds threshold of 8,000.00"
3264,2026-05-07 14:45:15,3659970814,5466123934,18693.27,UK pounds,UK pounds,UK,UK,Debit card,0,Large-Cash-Transaction,25,LOW,LargeTransaction,"Transaction amount 18,693.27 UK pounds exceeds threshold of 8,000.00"
3265,2026-05-07 14:45:18,9524669333,1944945013,11281.02,UK pounds,UK pounds,UK,UK,ACH,0,Large-Cash-Transaction,25,LOW,LargeTransaction,"Transaction amount 11,281.02 UK pounds exceeds threshold of 8,000.00"
3266,2026-05-07 14:45:20,8952177221,5585080337,10573.95,UK pounds,UK pounds,UK,UK,Credit card,0,Large-Cash-Transaction,25,LOW,LargeTransaction,"Transaction amount 10,573.95 UK pounds exceeds threshold of 8,000.00"
3267,2026-05-07 14:45:22,9738861573,3466168162,1241.7,US dollar,UK pounds,USA,UK,Cross-border,0,,0,LOW,,
3268,2026-05-07 14:45:24,397703094,9966658879,9926.06,UK pounds,UK pounds,UK,UK,Debit card,0,Large-Cash-Transaction,25,LOW,LargeTransaction,"Transaction amount 9,926.06 UK pounds exceeds threshold of 8,000.00"
3269,2026-05-07 14:45:25,6541552727,2284368563,9027.92,UK pounds,UK pounds,UK,UK,Credit card,1,Large-Cash-Transaction; Structuring/Smurfing,65,HIGH,LargeTransaction|Smurfing,"Transaction amount 9,027.92 UK pounds exceeds threshold of 8,000.00; Smurfing: account '6541552727' made 18 transactions totalling 121,268.06 within 24h (each below 9,999.00 threshold)"
3270,2026-05-07 14:45:26,8372035568,4270865741,5856.2,UK pounds,UK pounds,UK,UK,ACH,0,,0,LOW,,
3271,2026-05-07 14:45:29,675669049,6744312059,9503.53,UK pounds,UK pounds,UK,UK,ACH,1,Large-Cash-Transaction; Structuring/Smurfing,65,HIGH,LargeTransaction|Smurfing,"Transaction amount 9,503.53 UK pounds exceeds threshold of 8,000.00; Smurfing: account '675669049' made 9 transactions totalling 70,303.06 within 24h (each below 9,999.00 threshold)"
3272,2026-05-07 14:45:29,511037666,8678802420,8628.46,UK pounds,UK pounds,UK,UK,ACH,1,Large-Cash-Transaction; Structuring/Smurfing,65,HIGH,LargeTransaction|Smurfing,"Transaction amount 8,628.46 UK pounds exceeds threshold of 8,000.00; Smurfing: account '511037666' made 3 transactions totalling 25,765.76 within 24h (each below 9,999.00 threshold)"
3273,2026-05-07 14:45:29,7501327339,6987770930,7052.09,UK pounds,UK pounds,UK,UK,ACH,1,Structuring/Smurfing,40,MEDIUM,Smurfing,"Smurfing: account '7501327339' made 20 transactions totalling 141,618.57 within 24h (each below 9,999.00 threshold)"
3274,2026-05-07 14:45:32,374800744,6901658162,3225.6,UK pounds,UK pounds,UK,UK,Cash Deposit,0,,0,LOW,,
3275,2026-05-07 14:45:39,5314072177,4511280334,2999.73,UK pounds,UK pounds,UK,UK,Debit card,0,,0,LOW,,
3276,2026-05-07 14:45:40,324084421,7284947690,1000.45,UK pounds,UK pounds,UK,UK,ACH,0,,0,LOW,,
3277,2026-05-07 14:45:41,2984074945,7408985397,3119.74,UK pounds,UK pounds,UK,UK,Cheque,0,,0,LOW,,
3278,2026-05-07 14:45:42,2522945954,3329290392,208.96,UK pounds,UK pounds,UK,UK,ACH,0,,0,LOW,,
3279,2026-05-07 14:45:43,3104812548,4974191287,2272.43,UK pounds,UK pounds,UK,UK,Debit card,0,,0,LOW,,
3280,2026-05-07 14:45:44,1401850201,5434423040,481.65,UK pounds,UK pounds,UK,UK,Debit card,0,,0,LOW,,
3281,2026-05-07 14:45:44,8012186699,8945146738,7665.51,UK pounds,UK pounds,UK,UK,Debit card,0,,0,LOW,,
3282,2026-05-07 14:45:46,1390806158,8673917867,8875.11,UK pounds,UK pounds,UK,UK,Debit card,1,Large-Cash-Transaction; Structuring/Smurfing; Layering,90,CRITICAL,LargeTransaction|Smurfing|Layering,"Transaction amount 8,875.11 UK pounds exceeds threshold of 8,000.00; Smurfing: account '1390806158' made 3 transactions totalling 26,529.36 within 24h (each below 9,999.00 threshold); Fan-in: receiver 8673917867 received from 8 distinct senders within 72h (chain amount: 114,103.74, threshold: 10,000.00)"
3283,2026-05-07 14:45:59,5994252852,606262908,212.09,UK pounds,UK pounds,UK,UK,ACH,0,,0,LOW,,
3284,2026-05-07 14:46:00,5021785800,2635664422,4682.33,UK pounds,Turkish lira,UK,Turkey,Cross-border,1,Structuring/Smurfing,40,MEDIUM,Smurfing,"Smurfing: account '5021785800' made 13 transactions totalling 85,962.19 within 24h (each below 9,999.00 threshold)"
3285,2026-05-07 14:46:01,4614833118,8773984932,8580.24,UK pounds,UK pounds,UK,UK,Credit card,0,Large-Cash-Transaction,25,LOW,LargeTransaction,"Transaction amount 8,580.24 UK pounds exceeds threshold of 8,000.00"
3286,2026-05-07 14:46:03,1078784207,8673917867,8579.85,UK pounds,UK pounds,UK,UK,Debit card,1,Large-Cash-Transaction; Layering,50,MEDIUM,LargeTransaction|Layering,"Transaction amount 8,579.85 UK pounds exceeds threshold of 8,000.00; Fan-in: receiver 8673917867 received from 8 distinct senders within 72h (chain amount: 122,683.59, threshold: 10,000.00)"
3287,2026-05-07 14:46:04,675669049,3764741730,6159.91,UK pounds,UK pounds,UK,UK,ACH,1,Structuring/Smurfing,40,MEDIUM,Smurfing,"Smurfing: account '675669049' made 10 transactions totalling 76,462.97 within 24h (each below 9,999.00 threshold)"
3288,2026-05-07 14:46:04,7422985683,4205291585,434.86,UK pounds,UK pounds,UK,UK,Debit card,0,,0,LOW,,
3289,2026-05-07 14:46:05,2754506533,6088024712,28529.54,UK pounds,Moroccan dirham,UK,Morocco,Cross-border,0,Large-Cash-Transaction,25,LOW,LargeTransaction,"Transaction amount 28,529.54 UK pounds exceeds threshold of 8,000.00"
3290,2026-05-07 14:46:07,5021785800,3167188969,5713.15,UK pounds,UK pounds,UK,UK,Credit card,1,Structuring/Smurfing,40,MEDIUM,Smurfing,"Smurfing: account '5021785800' made 14 transactions totalling 91,675.34 within 24h (each below 9,999.00 threshold)"
3291,2026-05-07 14:46:17,7580273159,4006858419,16222.42,UK pounds,UK pounds,UK,UK,Cheque,0,Large-Cash-Transaction,25,LOW,LargeTransaction,"Transaction amount 16,222.42 UK pounds exceeds threshold of 8,000.00"
3292,2026-05-07 14:46:17,8954550045,4810343402,6509.51,UK pounds,UK pounds,UK,UK,Cheque,0,,0,LOW,,
3293,2026-05-07 14:46:19,9527675704,3971745514,495.75,UK pounds,UK pounds,UK,UK,Debit card,0,,0,LOW,,
3294,2026-05-07 14:46:19,9591187244,4173195094,6673.89,UK pounds,UK pounds,UK,UK,Credit card,1,Structuring/Smurfing,40,MEDIUM,Smurfing,"Smurfing: account '9591187244' made 3 transactions totalling 19,984.43 within 24h (each below 9,999.00 threshold)"
3295,2026-05-07 14:46:21,1092702536,3220735304,19586.77,UK pounds,UK pounds,UK,UK,Debit card,0,Large-Cash-Transaction,25,LOW,LargeTransaction,"Transaction amount 19,586.77 UK pounds exceeds threshold of 8,000.00"
3296,2026-05-07 14:46:21,8203229522,2176869707,18642.92,UK pounds,UK pounds,UK,UK,Credit card,0,Large-Cash-Transaction,25,LOW,LargeTransaction,"Transaction amount 18,642.92 UK pounds exceeds threshold of 8,000.00"
3297,2026-05-07 14:46:22,7695306517,1320927231,9570.34,UK pounds,UK pounds,UK,UK,Debit card,1,Large-Cash-Transaction; Structuring/Smurfing,65,HIGH,LargeTransaction|Smurfing,"Transaction amount 9,570.34 UK pounds exceeds threshold of 8,000.00; Smurfing: account '7695306517' made 3 transactions totalling 28,645.80 within 24h (each below 9,999.00 threshold)"
3298,2026-05-07 14:46:23,9734083970,6864265387,6111.68,Pakistani rupee,UK pounds,UK,UK,Cheque,1,Structuring/Smurfing,40,MEDIUM,Smurfing,"Smurfing: account '9734083970' made 10 transactions totalling 63,810.09 within 24h (each below 9,999.00 threshold)"
3299,2026-05-07 14:46:23,264604786,3563596271,5452.42,UK pounds,UK pounds,UK,UK,ACH,0,,0,LOW,,
3300,2026-05-07 14:46:24,8770181801,8906126287,9354.07,UK pounds,UK pounds,UK,UK,Cheque,1,Large-Cash-Transaction; Structuring/Smurfing,65,HIGH,LargeTransaction|Smurfing,"Transaction amount 9,354.07 UK pounds exceeds threshold of 8,000.00; Smurfing: account '8770181801' made 3 transactions totalling 27,905.88 within 24h (each below 9,999.00 threshold)"
3301,2026-05-07 14:46:28,6086421020,3504466346,19130.09,UK pounds,UK pounds,UK,UK,Cheque,0,Large-Cash-Transaction,25,LOW,LargeTransaction,"Transaction amount 19,130.09 UK pounds exceeds threshold of 8,000.00"
3302,2026-05-07 14:46:35,4343286646,9970539003,5106.65,UK pounds,Euro,UK,Italy,Cross-border,0,,0,LOW,,
3303,2026-05-07 14:46:36,1843106997,4654832200,8810.16,UK pounds,UK pounds,UK,UK,Cheque,0,Large-Cash-Transaction,25,LOW,LargeTransaction,"Transaction amount 8,810.16 UK pounds exceeds threshold of 8,000.00"
3304,2026-05-07 14:46:38,6541552727,8678069851,4771.33,UK pounds,UK pounds,UK,UK,Cheque,1,Structuring/Smurfing,40,MEDIUM,Smurfing,"Smurfing: account '6541552727' made 19 transactions totalling 126,039.39 within 24h (each below 9,999.00 threshold)"
3305,2026-05-07 14:46:40,1378784400,2773607558,6936.67,UK pounds,UK pounds,UK,UK,Debit card,1,Structuring/Smurfing,40,MEDIUM,Smurfing,"Smurfing: account '1378784400' made 18 transactions totalling 119,739.92 within 24h (each below 9,999.00 threshold)"
3306,2026-05-07 14:46:48,7348628821,1313514375,133.6,UK pounds,UK pounds,UK,UK,Cash Withdrawal,0,,0,LOW,,
3307,2026-05-07 14:46:49,7669236826,2685958910,4624.91,UK pounds,UK pounds,UK,UK,Credit card,1,Structuring/Smurfing,40,MEDIUM,Smurfing,"Smurfing: account '7669236826' made 17 transactions totalling 127,538.92 within 24h (each below 9,999.00 threshold)"
3308,2026-05-07 14:46:49,7272590974,4826242662,101.88,UK pounds,UK pounds,UK,UK,Debit card,0,,0,LOW,,
3309,2026-05-07 14:46:49,5868277189,3497858008,6013.39,UK pounds,UK pounds,UK,UK,Cheque,0,,0,LOW,,
3310,2026-05-07 14:46:57,3632967042,3657835115,786.66,UK pounds,UK pounds,UK,UK,Credit card,0,,0,LOW,,
3311,2026-05-07 14:46:58,1915450576,1020934931,5221.45,UK pounds,UK pounds,UK,UK,ACH,1,Structuring/Smurfing,40,MEDIUM,Smurfing,"Smurfing: account '1915450576' made 17 transactions totalling 100,183.77 within 24h (each below 9,999.00 threshold)"
3312,2026-05-07 14:46:58,6172939481,1499100660,408.06,UK pounds,UK pounds,UK,UK,Credit card,0,,0,LOW,,
3313,2026-05-07 14:47:01,2561938455,6855935396,15209.79,UK pounds,UK pounds,UK,UK,Debit card,0,Large-Cash-Transaction,25,LOW,LargeTransaction,"Transaction amount 15,209.79 UK pounds exceeds threshold of 8,000.00"
3314,2026-05-07 14:47:02,3168051873,9923312753,12259.08,UK pounds,UK pounds,UK,UK,Debit card,0,Large-Cash-Transaction,25,LOW,LargeTransaction,"Transaction amount 12,259.08 UK pounds exceeds threshold of 8,000.00"
3315,2026-05-07 14:47:02,5021785800,737679962,4545.54,UK pounds,UK pounds,UK,UK,ACH,1,Structuring/Smurfing,40,MEDIUM,Smurfing,"Smurfing: account '5021785800' made 15 transactions totalling 96,220.88 within 24h (each below 9,999.00 threshold)"
3316,2026-05-07 14:47:07,9139693099,1695584314,3907.77,UK pounds,UK pounds,UK,UK,Cheque,0,,0,LOW,,
3317,2026-05-07 14:47:13,5424728274,4336977506,5199.54,UK pounds,UK pounds,UK,UK,ACH,1,Structuring/Smurfing,40,MEDIUM,Smurfing,"Smurfing: account '5424728274' made 3 transactions totalling 15,551.38 within 24h (each below 9,999.00 threshold)"
3318,2026-05-07 14:47:20,5282264445,50536287,4587.43,UK pounds,UK pounds,UK,UK,Credit card,0,,0,LOW,,
3319,2026-05-07 14:47:23,4231385822,4646259022,11183.61,UK pounds,UK pounds,UK,UK,Credit card,0,Large-Cash-Transaction,25,LOW,LargeTransaction,"Transaction amount 11,183.61 UK pounds exceeds threshold of 8,000.00"
3320,2026-05-07 14:47:33,8115817731,859110849,2406.14,UK pounds,UK pounds,UK,UK,ACH,0,,0,LOW,,
3321,2026-05-07 14:47:33,6617473797,7185313719,1503.15,UK pounds,UK pounds,UK,UK,ACH,0,,0,LOW,,
3322,2026-05-07 14:47:33,8203229522,2074126451,5340.22,UK pounds,UK pounds,UK,UK,Credit card,1,Structuring/Smurfing,40,MEDIUM,Smurfing,"Smurfing: account '8203229522' made 9 transactions totalling 53,089.26 within 24h (each below 9,999.00 threshold)"
3323,2026-05-07 14:47:36,3987427708,2908629351,10337.66,UK pounds,UK pounds,UK,UK,Debit card,0,Large-Cash-Transaction,25,LOW,LargeTransaction,"Transaction amount 10,337.66 UK pounds exceeds threshold of 8,000.00"
3324,2026-05-07 14:47:40,2004133484,3079818547,8046.62,UK pounds,UK pounds,UK,UK,ACH,0,Large-Cash-Transaction,25,LOW,LargeTransaction,"Transaction amount 8,046.62 UK pounds exceeds threshold of 8,000.00"
3325,2026-05-07 14:47:40,7758268667,6000485397,9434.31,UK pounds,UK pounds,UK,UK,Debit card,1,Large-Cash-Transaction; Structuring/Smurfing,65,HIGH,LargeTransaction|Smurfing,"Transaction amount 9,434.31 UK pounds exceeds threshold of 8,000.00; Smurfing: account '7758268667' made 23 transactions totalling 182,622.39 within 24h (each below 9,999.00 threshold)"
3326,2026-05-07 14:47:45,6436111145,2865244116,1594.94,UK pounds,UK pounds,UK,UK,ACH,0,,0,LOW,,
3327,2026-05-07 14:47:45,1378784400,8430883282,4912.79,UK pounds,Mexican Peso,UK,Mexico,Cross-border,1,Structuring/Smurfing,40,MEDIUM,Smurfing,"Smurfing: account '1378784400' made 19 transactions totalling 124,652.71 within 24h (each below 9,999.00 threshold)"
3328,2026-05-07 14:47:45,1491989064,4658438113,8530.79,UK pounds,UK pounds,UK,UK,Debit card,1,Large-Cash-Transaction; Structuring/Smurfing,65,HIGH,LargeTransaction|Smurfing,"Transaction amount 8,530.79 UK pounds exceeds threshold of 8,000.00; Smurfing: account '1491989064' made 10 transactions totalling 69,850.59 within 24h (each below 9,999.00 threshold)"
3329,2026-05-07 14:47:46,8396712185,9610039067,44.77,UK pounds,UK pounds,UK,UK,Cash Withdrawal,0,,0,LOW,,
3330,2026-05-07 14:47:47,5817470252,8053164741,1467.47,UK pounds,UK pounds,UK,UK,Credit card,0,,0,LOW,,
3331,2026-05-07 14:47:48,4446515574,2138505015,12705.95,UK pounds,Dirham,UK,UAE,Cross-border,0,Large-Cash-Transaction,25,LOW,LargeTransaction,"Transaction amount 12,705.95 UK pounds exceeds threshold of 8,000.00"
3332,2026-05-07 14:47:48,4932722043,7199625988,20510.39,UK pounds,UK pounds,UK,UK,Cheque,0,Large-Cash-Transaction,25,LOW,LargeTransaction,"Transaction amount 20,510.39 UK pounds exceeds threshold of 8,000.00"
3333,2026-05-07 14:47:52,3510078932,2683968729,22926.73,UK pounds,UK pounds,UK,UK,Credit card,0,Large-Cash-Transaction,25,LOW,LargeTransaction,"Transaction amount 22,926.73 UK pounds exceeds threshold of 8,000.00"
3334,2026-05-07 14:47:57,5644581025,8686240466,2168.58,UK pounds,UK pounds,UK,UK,Cash Deposit,0,,0,LOW,,
3335,2026-05-07 14:47:58,6072497392,5885674535,2776.48,UK pounds,UK pounds,UK,UK,Cheque,0,,0,LOW,,
3336,2026-05-07 14:47:59,1982710669,2138505015,7170.47,Indian rupee,Dirham,UK,UAE,Cross-border,0,,0,LOW,,
3337,2026-05-07 14:48:00,4792980297,1218806949,1121.19,Euro,UK pounds,France,UK,Cross-border,0,,0,LOW,,
3338,2026-05-07 14:48:01,4766901488,5623919495,1191.97,UK pounds,UK pounds,UK,UK,ACH,0,,0,LOW,,
3339,2026-05-07 14:48:02,2826317502,4270865741,4850.97,UK pounds,UK pounds,UK,UK,Credit card,1,Structuring/Smurfing,40,MEDIUM,Smurfing,"Smurfing: account '2826317502' made 5 transactions totalling 24,311.16 within 24h (each below 9,999.00 threshold)"
3340,2026-05-07 14:48:03,1092702536,3220735304,19513.44,Pakistani rupee,UK pounds,UK,UK,Credit card,0,Large-Cash-Transaction,25,LOW,LargeTransaction,"Transaction amount 19,513.44 Pakistani rupee exceeds threshold of 10,000.00"
3341,2026-05-07 14:48:03,264095857,1316458123,13453.08,UK pounds,Mexican Peso,UK,Mexico,Cross-border,0,Large-Cash-Transaction,25,LOW,LargeTransaction,"Transaction amount 13,453.08 UK pounds exceeds threshold of 8,000.00"
3342,2026-05-07 14:48:08,7758268667,3325153054,9877.23,UK pounds,UK pounds,UK,UK,Cheque,1,Large-Cash-Transaction; Structuring/Smurfing,65,HIGH,LargeTransaction|Smurfing,"Transaction amount 9,877.23 UK pounds exceeds threshold of 8,000.00; Smurfing: account '7758268667' made 24 transactions totalling 192,499.62 within 24h (each below 9,999.00 threshold)"
3343,2026-05-07 14:48:09,5357271880,7491698645,549.84,UK pounds,UK pounds,UK,UK,Cash Deposit,0,,0,LOW,,
3344,2026-05-07 14:48:09,7258656047,1377603863,10274.46,UK pounds,UK pounds,UK,UK,ACH,0,Large-Cash-Transaction,25,LOW,LargeTransaction,"Transaction amount 10,274.46 UK pounds exceeds threshold of 8,000.00"
3345,2026-05-07 14:48:15,9941194188,8518184956,20883.02,UK pounds,UK pounds,UK,UK,Cheque,0,Large-Cash-Transaction,25,LOW,LargeTransaction,"Transaction amount 20,883.02 UK pounds exceeds threshold of 8,000.00"
3346,2026-05-07 14:48:20,4887638854,9062802137,2500.28,UK pounds,UK pounds,UK,UK,ACH,0,,0,LOW,,
3347,2026-05-07 14:48:24,7147226223,5858369125,6582.69,UK pounds,UK pounds,UK,UK,Cheque,0,,0,LOW,,
3348,2026-05-07 14:48:28,3135838003,5363117119,7725.8,UK pounds,UK pounds,UK,UK,Credit card,0,,0,LOW,,
3349,2026-05-07 14:48:29,5520808053,1377603863,8961.32,UK pounds,UK pounds,UK,UK,Cheque,0,Large-Cash-Transaction,25,LOW,LargeTransaction,"Transaction amount 8,961.32 UK pounds exceeds threshold of 8,000.00"
3350,2026-05-07 14:48:30,9734083970,1812525358,5815.05,UK pounds,UK pounds,UK,UK,Cheque,1,Structuring/Smurfing,40,MEDIUM,Smurfing,"Smurfing: account '9734083970' made 11 transactions totalling 69,625.14 within 24h (each below 9,999.00 threshold)"
3351,2026-05-07 14:48:31,1036732324,3758974916,19015.61,UK pounds,UK pounds,UK,UK,Credit card,0,Large-Cash-Transaction,25,LOW,LargeTransaction,"Transaction amount 19,015.61 UK pounds exceeds threshold of 8,000.00"
3352,2026-05-07 14:48:38,9385569968,9059445802,177.34,UK pounds,UK pounds,UK,UK,ACH,0,,0,LOW,,
3353,2026-05-07 14:48:38,5742026052,9798773576,2306.19,UK pounds,UK pounds,UK,UK,ACH,0,,0,LOW,,
3354,2026-05-07 14:48:38,6541552727,7752965423,11325.9,UK pounds,UK pounds,UK,UK,Debit card,0,Large-Cash-Transaction,25,LOW,LargeTransaction,"Transaction amount 11,325.90 UK pounds exceeds threshold of 8,000.00"
3355,2026-05-07 14:48:39,5881364295,5466123934,7445.07,UK pounds,UK pounds,UK,UK,Debit card,0,,0,LOW,,
3356,2026-05-07 14:48:43,7849241516,1465487567,7094.1,UK pounds,UK pounds,UK,UK,ACH,1,Structuring/Smurfing; Layering,65,HIGH,Smurfing|Layering,"Smurfing: account '7849241516' made 4 transactions totalling 28,147.87 within 24h (each below 9,999.00 threshold); Fan-in: receiver 1465487567 received from 12 distinct senders within 72h (chain amount: 286,987.37, threshold: 10,000.00)"
3357,2026-05-07 14:48:44,3809194171,621060264,17154.51,UK pounds,UK pounds,UK,UK,Debit card,0,Large-Cash-Transaction,25,LOW,LargeTransaction,"Transaction amount 17,154.51 UK pounds exceeds threshold of 8,000.00"
3358,2026-05-07 14:48:48,3168051873,5311176192,8354.46,UK pounds,US dollar,UK,USA,Cross-border,1,Large-Cash-Transaction; Structuring/Smurfing,65,HIGH,LargeTransaction|Smurfing,"Transaction amount 8,354.46 UK pounds exceeds threshold of 8,000.00; Smurfing: account '3168051873' made 8 transactions totalling 53,405.38 within 24h (each below 9,999.00 threshold)"
3359,2026-05-07 14:48:50,4935557199,6646502650,11257.61,UK pounds,Euro,UK,France,Cross-border,0,Large-Cash-Transaction,25,LOW,LargeTransaction,"Transaction amount 11,257.61 UK pounds exceeds threshold of 8,000.00"
3360,2026-05-07 14:48:53,1088949328,6444220418,4785.62,UK pounds,UK pounds,UK,UK,Credit card,1,Structuring/Smurfing,40,MEDIUM,Smurfing,"Smurfing: account '1088949328' made 3 transactions totalling 14,320.10 within 24h (each below 9,999.00 threshold)"
3361,2026-05-07 14:48:57,4333783157,650743631,1828.62,UK pounds,UK pounds,UK,UK,ACH,0,,0,LOW,,
3362,2026-05-07 14:48:58,9762796943,1493436023,7910.45,UK pounds,UK pounds,UK,UK,Debit card,1,Structuring/Smurfing,40,MEDIUM,Smurfing,"Smurfing: account '9762796943' made 3 transactions totalling 23,718.64 within 24h (each below 9,999.00 threshold)"
3363,2026-05-07 14:48:59,1378784400,6533060638,5094.99,UK pounds,UK pounds,UK,UK,Debit card,1,Structuring/Smurfing,40,MEDIUM,Smurfing,"Smurfing: account '1378784400' made 20 transactions totalling 129,747.70 within 24h (each below 9,999.00 threshold)"
3364,2026-05-07 14:49:00,3336234389,6953672776,7791.62,UK pounds,Mexican Peso,UK,Mexico,Cross-border,1,Structuring/Smurfing,40,MEDIUM,Smurfing,"Smurfing: account '3336234389' made 3 transactions totalling 23,353.08 within 24h (each below 9,999.00 threshold)"
3365,2026-05-07 14:49:06,7523088692,7244592169,1049.83,UK pounds,UK pounds,UK,UK,ACH,0,Fan-Out/Money-Mule,20,LOW,RapidMovement,RapidMovement: part of rapid fund re-dispatch from account '7523088692'
3366,2026-05-07 14:49:07,8022083576,234829841,2071.57,UK pounds,UK pounds,UK,UK,Credit card,0,,0,LOW,,
3367,2026-05-07 14:49:09,8978349640,3309887801,5292.67,UK pounds,UK pounds,UK,UK,Debit card,0,,0,LOW,,
3368,2026-05-07 14:49:23,1685498724,2671413112,2253.15,UK pounds,UK pounds,UK,UK,Cash Deposit,0,,0,LOW,,
3369,2026-05-07 14:49:26,3614082527,3833545196,15146.16,UK pounds,UK pounds,UK,UK,Cheque,0,Large-Cash-Transaction,25,LOW,LargeTransaction,"Transaction amount 15,146.16 UK pounds exceeds threshold of 8,000.00"
3370,2026-05-07 14:49:37,3219892553,3688169239,1102.0,UK pounds,UK pounds,UK,UK,Cash Deposit,0,,0,LOW,,
3371,2026-05-07 14:49:38,5901930134,6842490177,2193.85,UK pounds,UK pounds,UK,UK,Debit card,0,,0,LOW,,
3372,2026-05-07 14:49:40,5835248455,1941395567,4760.53,UK pounds,UK pounds,UK,UK,Cash Deposit,0,,0,LOW,,
3373,2026-05-07 14:49:40,4228589778,7602056529,3181.86,UK pounds,UK pounds,UK,UK,ACH,0,,0,LOW,,
3374,2026-05-07 14:49:40,1012176180,2692325629,21921.85,UK pounds,UK pounds,UK,UK,Debit card,0,Large-Cash-Transaction,25,LOW,LargeTransaction,"Transaction amount 21,921.85 UK pounds exceeds threshold of 8,000.00"
3375,2026-05-07 14:49:45,2004133484,3079818547,8047.55,UK pounds,UK pounds,UK,UK,ACH,0,Large-Cash-Transaction,25,LOW,LargeTransaction,"Transaction amount 8,047.55 UK pounds exceeds threshold of 8,000.00"
3376,2026-05-07 14:49:45,1832019080,1309808147,27882.09,UK pounds,US dollar,UK,UK,Cheque,0,Large-Cash-Transaction,25,LOW,LargeTransaction,"Transaction amount 27,882.09 UK pounds exceeds threshold of 8,000.00"
3377,2026-05-07 14:49:45,4403912334,2159527426,3361.55,UK pounds,UK pounds,UK,UK,Credit card,0,,0,LOW,,
3378,2026-05-07 14:49:45,4780822315,1777191900,6933.74,UK pounds,UK pounds,UK,UK,Cheque,0,,0,LOW,,
3379,2026-05-07 14:49:49,5817530190,3384461083,1102.0,UK pounds,UK pounds,UK,UK,Cash Deposit,0,,0,LOW,,
3380,2026-05-07 14:49:50,7474613980,8352571580,11931.39,UK pounds,UK pounds,UK,UK,Cheque,0,Large-Cash-Transaction,25,LOW,LargeTransaction,"Transaction amount 11,931.39 UK pounds exceeds threshold of 8,000.00"
3381,2026-05-07 14:49:52,1314797194,2599993666,16190.2,UK pounds,UK pounds,UK,UK,Debit card,0,Large-Cash-Transaction,25,LOW,LargeTransaction,"Transaction amount 16,190.20 UK pounds exceeds threshold of 8,000.00"
3382,2026-05-07 14:49:52,7989459077,7997082889,1704.78,UK pounds,UK pounds,UK,UK,Cash Deposit,0,,0,LOW,,
3383,2026-05-07 14:49:54,2561938455,6855935396,15259.55,UK pounds,UK pounds,UK,UK,Credit card,0,Large-Cash-Transaction,25,LOW,LargeTransaction,"Transaction amount 15,259.55 UK pounds exceeds threshold of 8,000.00"
3384,2026-05-07 14:49:54,5351896564,743326874,125.67,UK pounds,UK pounds,UK,UK,ACH,0,,0,LOW,,
3385,2026-05-07 14:49:58,6086421020,8140432476,7823.49,UK pounds,UK pounds,UK,UK,Cheque,1,Structuring/Smurfing,40,MEDIUM,Smurfing,"Smurfing: account '6086421020' made 26 transactions totalling 182,272.01 within 24h (each below 9,999.00 threshold)"
3386,2026-05-07 14:49:58,3709430533,4125359800,13609.08,UK pounds,UK pounds,UK,UK,ACH,0,Large-Cash-Transaction,25,LOW,LargeTransaction,"Transaction amount 13,609.08 UK pounds exceeds threshold of 8,000.00"
3387,2026-05-07 14:50:00,2030308089,9556046012,1160.54,UK pounds,UK pounds,UK,UK,Debit card,0,,0,LOW,,
3388,2026-05-07 14:50:01,6775547130,9712687072,2060.98,UK pounds,UK pounds,UK,UK,Cash Deposit,0,,0,LOW,,
3389,2026-05-07 14:50:06,7173551491,5876756734,1555.7,UK pounds,UK pounds,UK,UK,Cash Deposit,0,,0,LOW,,
3390,2026-05-07 14:50:06,6303054928,1655245537,11995.02,UK pounds,UK pounds,UK,UK,ACH,0,Large-Cash-Transaction,25,LOW,LargeTransaction,"Transaction amount 11,995.02 UK pounds exceeds threshold of 8,000.00"
3391,2026-05-07 14:50:08,4360766055,6090011316,591.55,UK pounds,UK pounds,UK,UK,Cash Deposit,0,,0,LOW,,
3392,2026-05-07 14:50:08,3510078932,9418077278,9757.6,UK pounds,UK pounds,UK,UK,Cheque,1,Large-Cash-Transaction; Structuring/Smurfing,65,HIGH,LargeTransaction|Smurfing,"Transaction amount 9,757.60 UK pounds exceeds threshold of 8,000.00; Smurfing: account '3510078932' made 23 transactions totalling 154,632.57 within 24h (each below 9,999.00 threshold)"
3393,2026-05-07 14:50:08,581778780,5466123934,5286.91,UK pounds,UK pounds,UK,UK,Debit card,0,,0,LOW,,
3394,2026-05-07 14:50:10,3168051873,365650600,8178.23,UK pounds,UK pounds,UK,UK,ACH,1,Large-Cash-Transaction; Structuring/Smurfing,65,HIGH,LargeTransaction|Smurfing,"Transaction amount 8,178.23 UK pounds exceeds threshold of 8,000.00; Smurfing: account '3168051873' made 9 transactions totalling 61,583.61 within 24h (each below 9,999.00 threshold)"
3395,2026-05-07 14:50:12,2371114403,9545816051,1506.83,UK pounds,UK pounds,UK,UK,Credit card,0,,0,LOW,,
3396,2026-05-07 14:50:14,2482516082,7636667733,5416.34,UK pounds,UK pounds,UK,UK,Credit card,0,,0,LOW,,
3397,2026-05-07 14:50:15,4472126483,1175714356,5465.18,UK pounds,UK pounds,UK,UK,Cash Deposit,0,,0,LOW,,
3398,2026-05-07 14:50:15,9318283685,6390774521,3887.27,UK pounds,UK pounds,UK,UK,ACH,0,,0,LOW,,
3399,2026-05-07 14:50:16,3840175202,6891751690,1678.32,Naira,UK pounds,UK,UK,Cash Deposit,0,,0,LOW,,
3400,2026-05-07 14:50:19,1155810740,489832198,2001.81,UK pounds,UK pounds,UK,UK,ACH,0,,0,LOW,,
3401,2026-05-07 14:50:21,8537288551,6643322391,741.62,UK pounds,UK pounds,UK,UK,Credit card,0,,0,LOW,,
3402,2026-05-07 14:50:22,3803336972,5619558941,1548.9,UK pounds,Euro,UK,Austria,Cross-border,0,,0,LOW,,
3403,2026-05-07 14:50:28,1915450576,6846852475,5221.38,UK pounds,UK pounds,UK,UK,Cheque,1,Structuring/Smurfing,40,MEDIUM,Smurfing,"Smurfing: account '1915450576' made 18 transactions totalling 105,405.15 within 24h (each below 9,999.00 threshold)"
3404,2026-05-07 14:50:33,3965897231,638631483,3432.89,UK pounds,UK pounds,UK,UK,Debit card,0,,0,LOW,,
3405,2026-05-07 14:50:35,3614082527,219930770,13172.21,UK pounds,UK pounds,UK,UK,Credit card,0,Large-Cash-Transaction,25,LOW,LargeTransaction,"Transaction amount 13,172.21 UK pounds exceeds threshold of 8,000.00"
3406,2026-05-07 14:50:35,2081885363,5858369125,20609.33,UK pounds,UK pounds,UK,UK,ACH,0,Large-Cash-Transaction,25,LOW,LargeTransaction,"Transaction amount 20,609.33 UK pounds exceeds threshold of 8,000.00"
3407,2026-05-07 14:50:39,3614082527,8915336540,6581.92,UK pounds,UK pounds,UK,UK,Credit card,1,Structuring/Smurfing,40,MEDIUM,Smurfing,"Smurfing: account '3614082527' made 15 transactions totalling 112,921.12 within 24h (each below 9,999.00 threshold)"
3408,2026-05-07 14:50:40,8389148416,66319223,8029.1,UK pounds,UK pounds,UK,UK,Credit card,1,Large-Cash-Transaction; Structuring/Smurfing,65,HIGH,LargeTransaction|Smurfing,"Transaction amount 8,029.10 UK pounds exceeds threshold of 8,000.00; Smurfing: account '8389148416' made 15 transactions totalling 106,263.42 within 24h (each below 9,999.00 threshold)"
3409,2026-05-07 14:50:45,632989302,979677764,996.38,UK pounds,UK pounds,UK,UK,ACH,0,,0,LOW,,
3410,2026-05-07 14:50:48,3286172355,2781859512,785.9,UK pounds,UK pounds,UK,UK,Cheque,0,,0,LOW,,
3411,2026-05-07 14:50:48,7669236826,7074900925,6009.14,Indian rupee,UK pounds,UK,UK,Credit card,1,Structuring/Smurfing,40,MEDIUM,Smurfing,"Smurfing: account '7669236826' made 18 transactions totalling 133,548.06 within 24h (each below 9,999.00 threshold)"
3412,2026-05-07 14:50:50,8734399994,4445539746,169.41,UK pounds,UK pounds,UK,UK,Cash Withdrawal,0,,0,LOW,,
3413,2026-05-07 14:50:53,1378784400,9278521151,6829.79,UK pounds,UK pounds,UK,UK,ACH,1,Structuring/Smurfing,40,MEDIUM,Smurfing,"Smurfing: account '1378784400' made 21 transactions totalling 136,577.49 within 24h (each below 9,999.00 threshold)"
3414,2026-05-07 14:50:55,1915450576,2877524268,6371.46,UK pounds,UK pounds,UK,UK,ACH,1,Structuring/Smurfing,40,MEDIUM,Smurfing,"Smurfing: account '1915450576' made 19 transactions totalling 111,776.61 within 24h (each below 9,999.00 threshold)"
3415,2026-05-07 14:50:56,1054167985,1875606204,10485.98,UK pounds,UK pounds,UK,UK,Debit card,0,Large-Cash-Transaction,25,LOW,LargeTransaction,"Transaction amount 10,485.98 UK pounds exceeds threshold of 8,000.00"
3416,2026-05-07 14:50:57,1977915508,1493436023,16401.87,UK pounds,UK pounds,UK,UK,ACH,0,Large-Cash-Transaction,25,LOW,LargeTransaction,"Transaction amount 16,401.87 UK pounds exceeds threshold of 8,000.00"
3417,2026-05-07 14:51:00,6213773032,5103043844,5496.99,UK pounds,Naira,UK,Nigeria,Cross-border,0,,0,LOW,,
3418,2026-05-07 14:51:03,8456279067,8374633169,17385.76,UK pounds,UK pounds,UK,UK,ACH,0,Large-Cash-Transaction,25,LOW,LargeTransaction,"Transaction amount 17,385.76 UK pounds exceeds threshold of 8,000.00"
3419,2026-05-07 14:51:03,6798228797,9953540852,344.44,UK pounds,UK pounds,UK,UK,Debit card,0,,0,LOW,,
3420,2026-05-07 14:51:04,1286143243,8985939309,5168.53,Dirham,UK pounds,UAE,UK,Cross-border,0,,0,LOW,,
3421,2026-05-07 14:51:04,3510078932,8722924810,8037.23,UK pounds,Albanian lek,UK,Albania,Cross-border,1,Large-Cash-Transaction; Structuring/Smurfing,65,HIGH,LargeTransaction|Smurfing,"Transaction amount 8,037.23 UK pounds exceeds threshold of 8,000.00; Smurfing: account '3510078932' made 24 transactions totalling 162,669.80 within 24h (each below 9,999.00 threshold)"
3422,2026-05-07 14:51:07,6282070189,8518184956,18190.57,UK pounds,UK pounds,UK,UK,Credit card,0,Large-Cash-Transaction,25,LOW,LargeTransaction,"Transaction amount 18,190.57 UK pounds exceeds threshold of 8,000.00"
3423,2026-05-07 14:51:11,4924631375,8020361872,290.31,UK pounds,UK pounds,UK,UK,ACH,0,,0,LOW,,
3424,2026-05-07 14:51:12,6395804064,591643438,3417.3,UK pounds,UK pounds,UK,UK,Cash Deposit,0,,0,LOW,,
3425,2026-05-07 14:51:13,3614082527,5318241045,8213.02,UK pounds,Naira,UK,Nigeria,Cross-border,1,Large-Cash-Transaction; Structuring/Smurfing,65,HIGH,LargeTransaction|Smurfing,"Transaction amount 8,213.02 UK pounds exceeds threshold of 8,000.00; Smurfing: account '3614082527' made 16 transactions totalling 121,134.14 within 24h (each below 9,999.00 threshold)"
3426,2026-05-07 14:51:15,4888986332,4517264592,7924.51,UK pounds,UK pounds,UK,UK,Credit card,0,,0,LOW,,
3427,2026-05-07 14:51:22,1915450576,7468510228,5316.54,UK pounds,UK pounds,UK,UK,ACH,1,Structuring/Smurfing,40,MEDIUM,Smurfing,"Smurfing: account '1915450576' made 20 transactions totalling 117,093.15 within 24h (each below 9,999.00 threshold)"
3428,2026-05-07 14:51:22,2293047645,4301900780,163.73,Naira,UK pounds,Nigeria,UK,Cross-border,0,,0,LOW,,
3429,2026-05-07 14:51:23,3712462671,3476506914,4445.98,UK pounds,UK pounds,UK,UK,ACH,0,,0,LOW,,
3430,2026-05-07 14:51:24,2797271466,7981094247,7750.92,UK pounds,UK pounds,UK,UK,Credit card,1,Structuring/Smurfing,40,MEDIUM,Smurfing,"Smurfing: account '2797271466' made 15 transactions totalling 109,153.93 within 24h (each below 9,999.00 threshold)"
3431,2026-05-07 14:51:24,7758268667,7889074144,26644.61,UK pounds,UK pounds,UK,UK,Debit card,0,Large-Cash-Transaction,25,LOW,LargeTransaction,"Transaction amount 26,644.61 UK pounds exceeds threshold of 8,000.00"
3432,2026-05-07 14:51:26,7133027548,4336977506,4609.95,UK pounds,UK pounds,UK,UK,ACH,1,Structuring/Smurfing,40,MEDIUM,Smurfing,"Smurfing: account '7133027548' made 3 transactions totalling 13,840.80 within 24h (each below 9,999.00 threshold)"
3433,2026-05-07 14:51:29,7763213926,5591086457,163.65,UK pounds,UK pounds,UK,UK,Debit card,0,,0,LOW,,
3434,2026-05-07 14:51:33,5236993473,9405594642,14759.5,UK pounds,UK pounds,UK,UK,Credit card,0,Large-Cash-Transaction,25,LOW,LargeTransaction,"Transaction amount 14,759.50 UK pounds exceeds threshold of 8,000.00"
3435,2026-05-07 14:51:35,5430311710,9658297334,2325.41,UK pounds,UK pounds,UK,UK,Cheque,0,,0,LOW,,
3436,2026-05-07 14:51:36,102389632,7190671637,1260.69,UK pounds,UK pounds,UK,UK,Credit card,0,,0,LOW,,
3437,2026-05-07 14:51:37,342816927,1698873802,234.52,UK pounds,UK pounds,UK,UK,Cash Withdrawal,0,,0,LOW,,
3438,2026-05-07 14:51:38,6401579612,8678802420,10605.1,UK pounds,UK pounds,UK,UK,Debit card,0,Large-Cash-Transaction,25,LOW,LargeTransaction,"Transaction amount 10,605.10 UK pounds exceeds threshold of 8,000.00"
3439,2026-05-07 14:51:41,3659970814,5466123934,18657.35,UK pounds,UK pounds,UK,UK,Cheque,0,Large-Cash-Transaction,25,LOW,LargeTransaction,"Transaction amount 18,657.35 UK pounds exceeds threshold of 8,000.00"
3440,2026-05-07 14:51:44,4109275762,9776245941,17150.25,UK pounds,UK pounds,UK,UK,ACH,0,Large-Cash-Transaction,25,LOW,LargeTransaction,"Transaction amount 17,150.25 UK pounds exceeds threshold of 8,000.00"
3441,2026-05-07 14:51:48,405520466,8295319026,749.87,UK pounds,UK pounds,UK,UK,Debit card,0,,0,LOW,,
3442,2026-05-07 14:51:55,6541552727,5194239507,5766.33,UK pounds,Euro,UK,Italy,Cross-border,1,Structuring/Smurfing,40,MEDIUM,Smurfing,"Smurfing: account '6541552727' made 20 transactions totalling 131,805.72 within 24h (each below 9,999.00 threshold)"
3443,2026-05-07 14:51:58,9450607514,8172080174,6858.03,UK pounds,UK pounds,UK,UK,Debit card,1,Structuring/Smurfing; Layering,65,HIGH,Smurfing|Layering,"Smurfing: account '9450607514' made 3 transactions totalling 20,474.17 within 24h (each below 9,999.00 threshold); Fan-in: receiver 8172080174 received from 16 distinct senders within 72h (chain amount: 298,936.33, threshold: 10,000.00)"
3444,2026-05-07 14:51:58,3709430533,9172843471,5293.39,UK pounds,UK pounds,UK,UK,ACH,1,Structuring/Smurfing,40,MEDIUM,Smurfing,"Smurfing: account '3709430533' made 21 transactions totalling 154,731.48 within 24h (each below 9,999.00 threshold)"
3445,2026-05-07 14:52:03,6057444675,8861171324,10827.16,UK pounds,UK pounds,UK,UK,Credit card,0,Large-Cash-Transaction,25,LOW,LargeTransaction,"Transaction amount 10,827.16 UK pounds exceeds threshold of 8,000.00"
3446,2026-05-07 14:52:04,1710329832,8172080174,5218.36,UK pounds,UK pounds,UK,UK,ACH,1,Structuring/Smurfing; Layering,65,HIGH,Smurfing|Layering,"Smurfing: account '1710329832' made 3 transactions totalling 15,763.81 within 24h (each below 9,999.00 threshold); Fan-in: receiver 8172080174 received from 16 distinct senders within 72h (chain amount: 304,154.69, threshold: 10,000.00)"
3447,2026-05-07 14:52:06,3714896029,7359127713,1973.82,UK pounds,UK pounds,UK,UK,Cash Deposit,0,,0,LOW,,
3448,2026-05-07 14:52:07,9534729015,1825986618,8454.22,UK pounds,UK pounds,UK,UK,ACH,1,Large-Cash-Transaction; Structuring/Smurfing,65,HIGH,LargeTransaction|Smurfing,"Transaction amount 8,454.22 UK pounds exceeds threshold of 8,000.00; Smurfing: account '9534729015' made 8 transactions totalling 57,116.47 within 24h (each below 9,999.00 threshold)"
3449,2026-05-07 14:52:14,5021785800,1883329014,8083.29,UK pounds,UK pounds,UK,UK,Cheque,1,Large-Cash-Transaction; Structuring/Smurfing,65,HIGH,LargeTransaction|Smurfing,"Transaction amount 8,083.29 UK pounds exceeds threshold of 8,000.00; Smurfing: account '5021785800' made 16 transactions totalling 104,304.17 within 24h (each below 9,999.00 threshold)"
3450,2026-05-07 14:52:14,9080497322,8798978569,4609.95,UK pounds,UK pounds,UK,UK,Cash Deposit,0,,0,LOW,,
3451,2026-05-07 14:52:15,1727715993,5472810947,112.03,UK pounds,UK pounds,UK,UK,Credit card,0,,0,LOW,,
3452,2026-05-07 14:52:15,7086251817,9958936690,15646.55,UK pounds,Indian rupee,UK,UK,ACH,0,Large-Cash-Transaction,25,LOW,LargeTransaction,"Transaction amount 15,646.55 UK pounds exceeds threshold of 8,000.00"
3453,2026-05-07 14:52:15,7143010173,1493436023,5221.58,Mexican Peso,UK pounds,Mexico,UK,Cross-border,0,,0,LOW,,
3454,2026-05-07 14:52:15,3969244354,6498640127,977.83,UK pounds,UK pounds,UK,UK,Credit card,0,,0,LOW,,
3455,2026-05-07 14:52:16,1874727446,2465035601,880.89,UK pounds,UK pounds,UK,UK,Cheque,0,,0,LOW,,
3456,2026-05-07 14:52:17,2865033012,1320927231,5298.9,UK pounds,UK pounds,UK,UK,Credit card,0,,0,LOW,,
3457,2026-05-07 14:52:20,9634559331,7303828780,17350.68,UK pounds,UK pounds,UK,UK,Cheque,0,Large-Cash-Transaction,25,LOW,LargeTransaction,"Transaction amount 17,350.68 UK pounds exceeds threshold of 8,000.00"
3458,2026-05-07 14:52:20,2747696489,8678802420,6653.61,UK pounds,UK pounds,UK,UK,Debit card,0,,0,LOW,,
3459,2026-05-07 14:52:25,735534497,4219505112,3260.58,UK pounds,Euro,UK,Netherlands,Cross-border,0,,0,LOW,,
3460,2026-05-07 14:52:28,7669236826,2685958910,4555.93,UK pounds,UK pounds,UK,UK,Credit card,1,Structuring/Smurfing,40,MEDIUM,Smurfing,"Smurfing: account '7669236826' made 19 transactions totalling 138,103.99 within 24h (each below 9,999.00 threshold)"
3461,2026-05-07 14:52:30,3614082527,6066458462,5828.93,Moroccan dirham,UK pounds,UK,UK,Cheque,1,Structuring/Smurfing,40,MEDIUM,Smurfing,"Smurfing: account '3614082527' made 17 transactions totalling 126,963.07 within 24h (each below 9,999.00 threshold)"
3462,2026-05-07 14:52:30,3452368468,2111706195,14936.71,UK pounds,UK pounds,UK,UK,ACH,0,Large-Cash-Transaction,25,LOW,LargeTransaction,"Transaction amount 14,936.71 UK pounds exceeds threshold of 8,000.00"
3463,2026-05-07 14:52:32,7667423444,2197432652,20006.75,UK pounds,UK pounds,UK,UK,Credit card,0,Large-Cash-Transaction,25,LOW,LargeTransaction,"Transaction amount 20,006.75 UK pounds exceeds threshold of 8,000.00"
3464,2026-05-07 14:52:37,2365007895,2954469099,13220.99,UK pounds,UK pounds,UK,UK,Credit card,0,Large-Cash-Transaction,25,LOW,LargeTransaction,"Transaction amount 13,220.99 UK pounds exceeds threshold of 8,000.00"
3465,2026-05-07 14:52:39,3190204402,9319162475,1561.83,UK pounds,UK pounds,UK,UK,Cash Deposit,0,,0,LOW,,
3466,2026-05-07 14:52:41,9130896737,3931486941,1966.5,Swiss franc,UK pounds,UK,UK,ACH,0,,0,LOW,,
3467,2026-05-07 14:52:41,5232268182,3695545812,6706.68,UK pounds,UK pounds,UK,UK,Credit card,0,,0,LOW,,
3468,2026-05-07 14:52:44,3053114958,3943616634,216.31,UK pounds,UK pounds,UK,UK,Debit card,0,,0,LOW,,
3469,2026-05-07 14:52:44,2365007895,2127570174,11792.0,UK pounds,UK pounds,UK,UK,ACH,0,Large-Cash-Transaction,25,LOW,LargeTransaction,"Transaction amount 11,792.00 UK pounds exceeds threshold of 8,000.00"
3470,2026-05-07 14:52:45,7979480451,4062561740,184.48,UK pounds,UK pounds,UK,UK,Credit card,0,,0,LOW,,
3471,2026-05-07 14:52:50,4804619152,3695545812,8642.49,UK pounds,UK pounds,UK,UK,Debit card,0,Large-Cash-Transaction,25,LOW,LargeTransaction,"Transaction amount 8,642.49 UK pounds exceeds threshold of 8,000.00"
3472,2026-05-07 14:52:51,9952889104,4256318405,1256.22,UK pounds,UK pounds,UK,UK,Debit card,0,,0,LOW,,
3473,2026-05-07 14:52:53,4816224197,6747580791,5173.04,UK pounds,UK pounds,UK,UK,Cash Deposit,0,,0,LOW,,
3474,2026-05-07 14:52:58,8370272925,4874745533,843.63,UK pounds,UK pounds,UK,UK,ACH,0,,0,LOW,,
3475,2026-05-07 14:52:58,8086090410,2988760875,1836.47,UK pounds,UK pounds,UK,UK,Debit card,0,,0,LOW,,
3476,2026-05-07 14:52:59,9777593536,5735283216,513.29,UK pounds,UK pounds,UK,UK,Debit card,0,,0,LOW,,
3477,2026-05-07 14:53:00,8859134919,4728916606,8912.24,UK pounds,UK pounds,UK,UK,Credit card,0,Large-Cash-Transaction,25,LOW,LargeTransaction,"Transaction amount 8,912.24 UK pounds exceeds threshold of 8,000.00"
3478,2026-05-07 14:53:00,7385004663,5109756158,1004.57,UK pounds,UK pounds,UK,UK,Credit card,0,,0,LOW,,
3479,2026-05-07 14:53:02,8020486565,997621089,1871.69,UK pounds,UK pounds,UK,UK,Cheque,0,,0,LOW,,
3480,2026-05-07 14:53:04,2797271466,8586189106,6578.93,UK pounds,UK pounds,UK,UK,Cheque,1,Structuring/Smurfing,40,MEDIUM,Smurfing,"Smurfing: account '2797271466' made 16 transactions totalling 115,732.86 within 24h (each below 9,999.00 threshold)"
3481,2026-05-07 14:53:04,3379427618,6345198198,6324.03,UK pounds,UK pounds,UK,UK,Credit card,0,,0,LOW,,
3482,2026-05-07 14:53:09,5067270740,270359508,16739.66,Mexican Peso,UK pounds,Mexico,UK,Cross-border,0,Large-Cash-Transaction,25,LOW,LargeTransaction,"Transaction amount 16,739.66 Mexican Peso exceeds threshold of 10,000.00"
3483,2026-05-07 14:53:12,420570262,5103043844,6005.35,UK pounds,Naira,UK,Nigeria,Cross-border,0,,0,LOW,,
3484,2026-05-07 14:53:14,1119017000,9070783715,693.14,UK pounds,UK pounds,UK,UK,Debit card,0,,0,LOW,,
3485,2026-05-07 14:53:16,9337018014,3079818547,7725.3,UK pounds,UK pounds,UK,UK,Credit card,0,,0,LOW,,
3486,2026-05-07 14:53:23,2412955813,5103043844,42334.22,UK pounds,Naira,UK,Nigeria,Cross-border,0,Large-Cash-Transaction,25,LOW,LargeTransaction,"Transaction amount 42,334.22 UK pounds exceeds threshold of 8,000.00"
3487,2026-05-07 14:53:27,2669265740,6223365730,10517.2,UK pounds,UK pounds,UK,UK,Credit card,0,Large-Cash-Transaction,25,LOW,LargeTransaction,"Transaction amount 10,517.20 UK pounds exceeds threshold of 8,000.00"
3488,2026-05-07 14:53:27,2961128128,4112850487,5826.22,UK pounds,UK pounds,UK,UK,Debit card,0,Fan-Out/Money-Mule,20,LOW,RapidMovement,RapidMovement: part of rapid fund re-dispatch from account '2961128128'
3489,2026-05-07 14:53:27,7982838267,205928601,975.75,UK pounds,UK pounds,UK,UK,Cheque,0,,0,LOW,,
3490,2026-05-07 14:53:27,4150879707,409707192,10741.84,UK pounds,UK pounds,UK,UK,Debit card,0,Large-Cash-Transaction,25,LOW,LargeTransaction,"Transaction amount 10,741.84 UK pounds exceeds threshold of 8,000.00"
3491,2026-05-07 14:53:28,712794319,6444220418,7767.81,UK pounds,UK pounds,UK,UK,ACH,0,,0,LOW,,
3492,2026-05-07 14:53:30,5648206000,6940615303,51.15,UK pounds,UK pounds,UK,UK,Cheque,0,,0,LOW,,
3493,2026-05-07 14:53:31,3232244126,9311852960,3024.91,UK pounds,UK pounds,UK,UK,ACH,0,,0,LOW,,
3494,2026-05-07 14:53:34,7891001913,2440937964,392.66,UK pounds,UK pounds,UK,UK,ACH,0,,0,LOW,,
3495,2026-05-07 14:53:35,6404844146,5628674969,6619.38,UK pounds,UK pounds,UK,UK,ACH,1,Structuring/Smurfing,40,MEDIUM,Smurfing,"Smurfing: account '6404844146' made 3 transactions totalling 19,925.38 within 24h (each below 9,999.00 threshold)"
3496,2026-05-07 14:53:40,4509567927,8200955806,23667.43,UK pounds,UK pounds,UK,UK,Debit card,0,Large-Cash-Transaction,25,LOW,LargeTransaction,"Transaction amount 23,667.43 UK pounds exceeds threshold of 8,000.00"
3497,2026-05-07 14:53:42,5024460572,6929386641,1686.33,UK pounds,UK pounds,UK,UK,Cheque,0,,0,LOW,,
3498,2026-05-07 14:53:42,9238222086,8620766014,416.99,UK pounds,UK pounds,UK,UK,Cheque,0,,0,LOW,,
3499,2026-05-07 14:53:47,1505686023,8678802420,5515.43,UK pounds,UK pounds,UK,UK,ACH,1,Structuring/Smurfing,40,MEDIUM,Smurfing,"Smurfing: account '1505686023' made 5 transactions totalling 27,732.19 within 24h (each below 9,999.00 threshold)"
3500,2026-05-07 14:53:52,6688157763,5019320065,303.96,UK pounds,UK pounds,UK,UK,Cash Deposit,0,,0,LOW,,
3501,2026-05-07 14:53:55,3554477131,9699872820,6802.41,UK pounds,UK pounds,UK,UK,Cheque,0,,0,LOW,,
3502,2026-05-07 14:53:56,9957242578,6299296568,560.04,UK pounds,Indian rupee,UK,India,Cross-border,0,,0,LOW,,
3503,2026-05-07 14:53:57,7084334371,6119024192,456.31,UK pounds,UK pounds,UK,UK,Cash Deposit,0,,0,LOW,,
3504,2026-05-07 14:54:04,7009730597,1431561040,13546.76,UK pounds,UK pounds,UK,UK,Debit card,0,Large-Cash-Transaction,25,LOW,LargeTransaction,"Transaction amount 13,546.76 UK pounds exceeds threshold of 8,000.00"
3505,2026-05-07 14:54:05,3510078932,823626823,5944.16,UK pounds,Euro,UK,Netherlands,Cross-border,1,Structuring/Smurfing,40,MEDIUM,Smurfing,"Smurfing: account '3510078932' made 25 transactions totalling 168,613.96 within 24h (each below 9,999.00 threshold)"
3506,2026-05-07 14:54:05,5785373788,8622739050,138.52,UK pounds,UK pounds,UK,UK,ACH,0,,0,LOW,,
3507,2026-05-07 14:54:07,1977915508,1493436023,16367.35,UK pounds,UK pounds,UK,UK,ACH,0,Large-Cash-Transaction,25,LOW,LargeTransaction,"Transaction amount 16,367.35 UK pounds exceeds threshold of 8,000.00"
3508,2026-05-07 14:54:08,8356261011,3688522269,7262.73,UK pounds,UK pounds,UK,UK,Credit card,0,,0,LOW,,
3509,2026-05-07 14:54:09,9113661665,7892884492,8024.19,UK pounds,US dollar,UK,USA,Cross-border,0,Large-Cash-Transaction,25,LOW,LargeTransaction,"Transaction amount 8,024.19 UK pounds exceeds threshold of 8,000.00"
3510,2026-05-07 14:54:10,9460198888,9795634699,16995.43,UK pounds,UK pounds,UK,UK,Debit card,0,Large-Cash-Transaction,25,LOW,LargeTransaction,"Transaction amount 16,995.43 UK pounds exceeds threshold of 8,000.00"
3511,2026-05-07 14:54:10,7814060053,6444220418,9500.95,UK pounds,UK pounds,UK,UK,Credit card,0,Large-Cash-Transaction,25,LOW,LargeTransaction,"Transaction amount 9,500.95 UK pounds exceeds threshold of 8,000.00"
3512,2026-05-07 14:54:12,6541552727,2877832458,6896.47,UK pounds,Moroccan dirham,UK,Morocco,Cross-border,1,Structuring/Smurfing,40,MEDIUM,Smurfing,"Smurfing: account '6541552727' made 21 transactions totalling 138,702.19 within 24h (each below 9,999.00 threshold)"
3513,2026-05-07 14:54:13,2365007895,5832927076,9994.9,UK pounds,UK pounds,UK,UK,Debit card,1,Large-Cash-Transaction; Structuring/Smurfing,65,HIGH,LargeTransaction|Smurfing,"Transaction amount 9,994.90 UK pounds exceeds threshold of 8,000.00; Smurfing: account '2365007895' made 18 transactions totalling 134,725.71 within 24h (each below 9,999.00 threshold)"
3514,2026-05-07 14:54:15,9431234620,1793281078,2544.65,UK pounds,UK pounds,UK,UK,ACH,0,,0,LOW,,
3515,2026-05-07 14:54:17,2657142247,4908949299,5795.02,UK pounds,UK pounds,UK,UK,ACH,0,,0,LOW,,
3516,2026-05-07 14:54:22,9615939424,3766334935,20312.27,UK pounds,UK pounds,UK,UK,Debit card,0,Large-Cash-Transaction,25,LOW,LargeTransaction,"Transaction amount 20,312.27 UK pounds exceeds threshold of 8,000.00"
3517,2026-05-07 14:54:37,6410008704,2838561785,4464.83,UK pounds,UK pounds,UK,UK,Cheque,0,,0,LOW,,
3518,2026-05-07 14:54:37,6458489505,9814180501,803.72,UK pounds,UK pounds,UK,UK,Credit card,0,,0,LOW,,
3519,2026-05-07 14:54:44,9434205686,5443212887,91878.58,UK pounds,UK pounds,UK,UK,ACH,0,Large-Cash-Transaction,25,LOW,LargeTransaction,"Transaction amount 91,878.58 UK pounds exceeds threshold of 8,000.00"
3520,2026-05-07 14:54:45,9599009457,2048840179,5202.85,UK pounds,UK pounds,UK,UK,Debit card,1,Structuring/Smurfing,40,MEDIUM,Smurfing,"Smurfing: account '9599009457' made 4 transactions totalling 21,809.36 within 24h (each below 9,999.00 threshold)"
3521,2026-05-07 14:54:46,8212330109,2534644942,5401.49,UK pounds,Euro,UK,France,Cross-border,0,,0,LOW,,
3522,2026-05-07 14:54:48,5537412660,4491034569,3022.65,UK pounds,Albanian lek,UK,UK,Cash Deposit,0,,0,LOW,,
3523,2026-05-07 14:54:49,5495088244,6223365730,6218.64,UK pounds,UK pounds,UK,UK,Credit card,1,Structuring/Smurfing,40,MEDIUM,Smurfing,"Smurfing: account '5495088244' made 3 transactions totalling 18,613.26 within 24h (each below 9,999.00 threshold)"
3524,2026-05-07 14:54:51,7778822998,3456970778,5730.51,UK pounds,UK pounds,UK,UK,Credit card,0,,0,LOW,,
3525,2026-05-07 14:54:53,9369454215,5363422485,5456.69,UK pounds,UK pounds,UK,UK,Credit card,1,Structuring/Smurfing,40,MEDIUM,Smurfing,"Smurfing: account '9369454215' made 3 transactions totalling 16,362.25 within 24h (each below 9,999.00 threshold)"
3526,2026-05-07 14:54:53,4652896235,7080357663,5821.66,UK pounds,UK pounds,UK,UK,Cheque,0,,0,LOW,,
3527,2026-05-07 14:54:55,7618276780,3381887831,1395.2,UK pounds,UK pounds,UK,UK,Cash Deposit,0,,0,LOW,,
3528,2026-05-07 14:55:00,8310701481,1220695511,1116.84,UK pounds,UK pounds,UK,UK,Credit card,0,,0,LOW,,
3529,2026-05-07 14:55:00,8237941067,9105769228,5910.99,UK pounds,UK pounds,UK,UK,Debit card,0,,0,LOW,,
3530,2026-05-07 14:55:00,5021785800,4135708880,7842.37,UK pounds,UK pounds,UK,UK,Debit card,1,Structuring/Smurfing,40,MEDIUM,Smurfing,"Smurfing: account '5021785800' made 17 transactions totalling 112,146.54 within 24h (each below 9,999.00 threshold)"
3531,2026-05-07 14:55:05,135431080,4784991805,3302.57,UK pounds,UK pounds,UK,UK,Cheque,0,,0,LOW,,
3532,2026-05-07 14:55:09,1915450576,4706175310,6558.07,UK pounds,UK pounds,UK,UK,Cheque,1,Structuring/Smurfing,40,MEDIUM,Smurfing,"Smurfing: account '1915450576' made 21 transactions totalling 123,651.22 within 24h (each below 9,999.00 threshold)"
3533,2026-05-07 14:55:09,178319909,6925288576,4802.51,UK pounds,UK pounds,UK,UK,Debit card,0,,0,LOW,,
3534,2026-05-07 14:55:21,8734837686,320791079,1447.93,UK pounds,UK pounds,UK,UK,ACH,0,,0,LOW,,
3535,2026-05-07 14:55:22,6524279496,2156650187,953.95,UK pounds,UK pounds,UK,UK,Cheque,0,,0,LOW,,
3536,2026-05-07 14:55:24,7505053646,6335356251,2498.69,UK pounds,UK pounds,UK,UK,Cash Deposit,0,,0,LOW,,
3537,2026-05-07 14:55:27,4924839218,4424444887,3014.86,UK pounds,UK pounds,UK,UK,Cheque,0,,0,LOW,,
3538,2026-05-07 14:55:29,6541552727,7551466050,6451.76,UK pounds,UK pounds,UK,UK,Credit card,1,Structuring/Smurfing,40,MEDIUM,Smurfing,"Smurfing: account '6541552727' made 22 transactions totalling 145,153.95 within 24h (each below 9,999.00 threshold)"
3539,2026-05-07 14:55:32,4121324384,6345230339,16232.85,Euro,UK pounds,Spain,UK,Cross-border,0,Large-Cash-Transaction,25,LOW,LargeTransaction,"Transaction amount 16,232.85 Euro exceeds threshold of 9,000.00"
3540,2026-05-07 14:55:32,6712711200,8518184956,14891.87,UK pounds,UK pounds,UK,UK,ACH,0,Large-Cash-Transaction,25,LOW,LargeTransaction,"Transaction amount 14,891.87 UK pounds exceeds threshold of 8,000.00"
3541,2026-05-07 14:55:33,8987848252,4344045246,10085.94,UK pounds,Swiss franc,UK,Switzerland,Cross-border,0,Large-Cash-Transaction,25,LOW,LargeTransaction,"Transaction amount 10,085.94 UK pounds exceeds threshold of 8,000.00"
3542,2026-05-07 14:55:34,5975038880,1675743409,2463.9,UK pounds,UK pounds,UK,UK,Cash Deposit,0,,0,LOW,,
3543,2026-05-07 14:55:38,6922300884,1320927231,5964.79,UK pounds,UK pounds,UK,UK,ACH,0,,0,LOW,,
3544,2026-05-07 14:55:39,6737970727,3739033366,6881.31,UK pounds,UK pounds,UK,UK,Cheque,0,,0,LOW,,
3545,2026-05-07 14:55:40,5982914936,1167200543,17730.79,UK pounds,UK pounds,UK,UK,Credit card,0,Large-Cash-Transaction,25,LOW,LargeTransaction,"Transaction amount 17,730.79 UK pounds exceeds threshold of 8,000.00"
3546,2026-05-07 14:55:41,5396748228,9105769228,24999.47,UK pounds,UK pounds,UK,UK,Credit card,0,Large-Cash-Transaction,25,LOW,LargeTransaction,"Transaction amount 24,999.47 UK pounds exceeds threshold of 8,000.00"
3547,2026-05-07 14:55:41,61111750,2025288207,3390.13,UK pounds,UK pounds,UK,UK,Cheque,0,,0,LOW,,
3548,2026-05-07 14:55:44,4121324384,9281561360,22274.93,Euro,UK pounds,Spain,UK,Cross-border,0,Large-Cash-Transaction,25,LOW,LargeTransaction,"Transaction amount 22,274.93 Euro exceeds threshold of 9,000.00"
3549,2026-05-07 14:55:45,955267597,950261731,5328.06,UK pounds,UK pounds,UK,UK,Credit card,0,,0,LOW,,
3550,2026-05-07 14:55:49,778474018,6034997194,15582.0,UK pounds,UK pounds,UK,UK,Cheque,0,Large-Cash-Transaction,25,LOW,LargeTransaction,"Transaction amount 15,582.00 UK pounds exceeds threshold of 8,000.00"
3551,2026-05-07 14:55:51,3057117609,4173195094,11834.42,UK pounds,UK pounds,UK,UK,ACH,0,Large-Cash-Transaction,25,LOW,LargeTransaction,"Transaction amount 11,834.42 UK pounds exceeds threshold of 8,000.00"
3552,2026-05-07 14:55:52,5021785800,7659797939,5875.1,UK pounds,UK pounds,UK,UK,Cheque,1,Structuring/Smurfing,40,MEDIUM,Smurfing,"Smurfing: account '5021785800' made 18 transactions totalling 118,021.64 within 24h (each below 9,999.00 threshold)"
3553,2026-05-07 14:55:53,5637325821,1489879160,2792.62,UK pounds,UK pounds,UK,UK,Cheque,0,,0,LOW,,
3554,2026-05-07 14:56:02,8987848252,3922951830,9003.27,Albanian lek,UK pounds,UK,UK,ACH,1,Structuring/Smurfing,40,MEDIUM,Smurfing,"Smurfing: account '8987848252' made 9 transactions totalling 60,612.47 within 24h (each below 9,999.00 threshold)"
3555,2026-05-07 14:56:02,3198423390,267617646,8275.4,UK pounds,UK pounds,UK,UK,Credit card,0,Large-Cash-Transaction,25,LOW,LargeTransaction,"Transaction amount 8,275.40 UK pounds exceeds threshold of 8,000.00"
3556,2026-05-07 14:56:05,6514324496,1420214713,2532.42,UK pounds,UK pounds,UK,UK,Credit card,0,,0,LOW,,
3557,2026-05-07 14:56:09,6057444675,8237840407,7547.01,UK pounds,UK pounds,UK,UK,ACH,1,Structuring/Smurfing,40,MEDIUM,Smurfing,"Smurfing: account '6057444675' made 7 transactions totalling 41,094.59 within 24h (each below 9,999.00 threshold)"
3558,2026-05-07 14:56:16,6172401566,2021290521,58278.62,UK pounds,UK pounds,UK,UK,ACH,0,Large-Cash-Transaction,25,LOW,LargeTransaction,"Transaction amount 58,278.62 UK pounds exceeds threshold of 8,000.00"
3559,2026-05-07 14:56:17,2170631127,7512142534,2316.13,UK pounds,UK pounds,UK,UK,Credit card,0,,0,LOW,,
3560,2026-05-07 14:56:17,5796993643,1316458123,7600.8,UK pounds,Mexican Peso,UK,Mexico,Cross-border,0,,0,LOW,,
3561,2026-05-07 14:56:18,4121324384,8777101435,18300.7,Euro,UK pounds,Spain,UK,Cross-border,0,Large-Cash-Transaction,25,LOW,LargeTransaction,"Transaction amount 18,300.70 Euro exceeds threshold of 9,000.00"
3562,2026-05-07 14:56:18,7866475882,3296730910,26794.76,UK pounds,UK pounds,UK,UK,Cheque,0,Large-Cash-Transaction,25,LOW,LargeTransaction,"Transaction amount 26,794.76 UK pounds exceeds threshold of 8,000.00"
3563,2026-05-07 14:56:20,12470473,8950006506,16646.43,UK pounds,Naira,UK,Nigeria,Cross-border,0,Large-Cash-Transaction,25,LOW,LargeTransaction,"Transaction amount 16,646.43 UK pounds exceeds threshold of 8,000.00"
3564,2026-05-07 14:56:20,7600648331,4746455673,64220.61,UK pounds,UK pounds,UK,UK,Cheque,0,Large-Cash-Transaction,25,LOW,LargeTransaction,"Transaction amount 64,220.61 UK pounds exceeds threshold of 8,000.00"
3565,2026-05-07 14:56:28,5424728274,4336977506,5239.4,UK pounds,UK pounds,UK,UK,ACH,1,Structuring/Smurfing,40,MEDIUM,Smurfing,"Smurfing: account '5424728274' made 4 transactions totalling 20,790.78 within 24h (each below 9,999.00 threshold)"
3566,2026-05-07 14:56:28,1422283326,153564875,1707.47,UK pounds,UK pounds,UK,UK,Cash Deposit,0,,0,LOW,,
3567,2026-05-07 14:56:28,3384521726,7256864924,143.6,UK pounds,UK pounds,UK,UK,Cash Withdrawal,0,,0,LOW,,
3568,2026-05-07 14:56:29,1776318571,777350402,875.74,UK pounds,UK pounds,UK,UK,Cheque,0,,0,LOW,,
3569,2026-05-07 14:56:33,3952347143,7892884492,8794.91,UK pounds,US dollar,UK,USA,Cross-border,1,Large-Cash-Transaction; Structuring/Smurfing,65,HIGH,LargeTransaction|Smurfing,"Transaction amount 8,794.91 UK pounds exceeds threshold of 8,000.00; Smurfing: account '3952347143' made 3 transactions totalling 26,344.12 within 24h (each below 9,999.00 threshold)"
3570,2026-05-07 14:56:33,1090506516,4686223401,91.67,UK pounds,UK pounds,UK,UK,ACH,0,,0,LOW,,
3571,2026-05-07 14:56:33,2797271466,1984629662,6791.76,UK pounds,Euro,UK,Netherlands,Cross-border,1,Structuring/Smurfing,40,MEDIUM,Smurfing,"Smurfing: account '2797271466' made 17 transactions totalling 122,524.62 within 24h (each below 9,999.00 threshold)"
3572,2026-05-07 14:56:34,6904668523,2361327503,7579.56,UK pounds,UK pounds,UK,UK,Cheque,1,Structuring/Smurfing,40,MEDIUM,Smurfing,"Smurfing: account '6904668523' made 17 transactions totalling 122,992.58 within 24h (each below 9,999.00 threshold)"
3573,2026-05-07 14:56:37,582717708,7892884492,17542.47,UK pounds,US dollar,UK,USA,Cross-border,0,Large-Cash-Transaction,25,LOW,LargeTransaction,"Transaction amount 17,542.47 UK pounds exceeds threshold of 8,000.00"
3574,2026-05-07 14:56:37,6086421020,1253036863,23888.77,UK pounds,Mexican Peso,UK,Mexico,Cross-border,0,Large-Cash-Transaction,25,LOW,LargeTransaction,"Transaction amount 23,888.77 UK pounds exceeds threshold of 8,000.00"
3575,2026-05-07 14:56:43,9126793689,3126651091,2502.23,UK pounds,UK pounds,UK,UK,Credit card,0,,0,LOW,,
3576,2026-05-07 14:56:44,270412504,9169364497,79.25,UK pounds,UK pounds,UK,UK,Credit card,0,,0,LOW,,
3577,2026-05-07 14:56:45,492225860,5610280162,276.95,UK pounds,UK pounds,UK,UK,Cash Withdrawal,0,,0,LOW,,
3578,2026-05-07 14:56:47,3443390395,9239514521,139.61,UK pounds,UK pounds,UK,UK,Cheque,0,,0,LOW,,
3579,2026-05-07 14:56:52,4353995266,6646502650,5131.75,UK pounds,Euro,UK,France,Cross-border,1,Structuring/Smurfing,40,MEDIUM,Smurfing,"Smurfing: account '4353995266' made 3 transactions totalling 15,486.38 within 24h (each below 9,999.00 threshold)"
3580,2026-05-07 14:57:03,630043131,7531159102,2516.95,UK pounds,UK pounds,UK,UK,Cheque,0,,0,LOW,,
3581,2026-05-07 14:57:05,3519006611,9505587113,8125.01,UK pounds,UK pounds,UK,UK,ACH,0,Large-Cash-Transaction,25,LOW,LargeTransaction,"Transaction amount 8,125.01 UK pounds exceeds threshold of 8,000.00"
3582,2026-05-07 14:57:07,9283716711,8847298542,2496.49,UK pounds,UK pounds,UK,UK,Cheque,0,,0,LOW,,
3583,2026-05-07 14:57:07,6116657264,1672288255,7360.48,UK pounds,UK pounds,UK,UK,ACH,1,Structuring/Smurfing,40,MEDIUM,Smurfing,"Smurfing: account '6116657264' made 15 transactions totalling 87,862.14 within 24h (each below 9,999.00 threshold)"
3584,2026-05-07 14:57:10,2371752112,8195589641,273.46,UK pounds,UK pounds,UK,UK,Cash Withdrawal,0,,0,LOW,,
3585,2026-05-07 14:57:14,4633250535,2264404037,3011.87,UK pounds,UK pounds,UK,UK,Cheque,0,,0,LOW,,
3586,2026-05-07 14:57:16,3905907712,1528940660,4379.24,UK pounds,UK pounds,UK,UK,Debit card,0,,0,LOW,,
3587,2026-05-07 14:57:16,9591187244,4173195094,6660.69,UK pounds,UK pounds,UK,UK,ACH,1,Structuring/Smurfing,40,MEDIUM,Smurfing,"Smurfing: account '9591187244' made 3 transactions totalling 19,984.43 within 24h (each below 9,999.00 threshold)"
3588,2026-05-07 14:57:16,5172850121,3695545812,24089.08,UK pounds,UK pounds,UK,UK,ACH,0,Large-Cash-Transaction,25,LOW,LargeTransaction,"Transaction amount 24,089.08 UK pounds exceeds threshold of 8,000.00"
3589,2026-05-07 14:57:19,4899332114,6034997194,10076.17,UK pounds,UK pounds,UK,UK,Credit card,0,Large-Cash-Transaction,25,LOW,LargeTransaction,"Transaction amount 10,076.17 UK pounds exceeds threshold of 8,000.00"
3590,2026-05-07 14:57:19,7042579088,3222619489,832.22,UK pounds,UK pounds,UK,UK,ACH,0,,0,LOW,,
3591,2026-05-07 14:57:21,5021785800,2635664422,4669.37,UK pounds,Turkish lira,UK,Turkey,Cross-border,1,Structuring/Smurfing,40,MEDIUM,Smurfing,"Smurfing: account '5021785800' made 19 transactions totalling 122,691.01 within 24h (each below 9,999.00 threshold)"
3592,2026-05-07 14:57:25,4121324384,1321335569,8528.49,Euro,UK pounds,Spain,UK,Cross-border,1,Structuring/Smurfing,40,MEDIUM,Smurfing,"Smurfing: account '4121324384' made 10 transactions totalling 78,947.85 within 24h (each below 9,999.00 threshold)"
3593,2026-05-07 14:57:26,2679903096,2110712024,6562.95,UK pounds,UK pounds,UK,UK,Cheque,0,,0,LOW,,
3594,2026-05-07 14:57:31,8456279067,8073790137,9851.37,UK pounds,Euro,UK,Germany,Cross-border,1,Large-Cash-Transaction; Structuring/Smurfing,65,HIGH,LargeTransaction|Smurfing,"Transaction amount 9,851.37 UK pounds exceeds threshold of 8,000.00; Smurfing: account '8456279067' made 19 transactions totalling 140,905.18 within 24h (each below 9,999.00 threshold)"
3595,2026-05-07 14:57:33,7669236826,2595978516,9568.38,UK pounds,Albanian lek,UK,UK,ACH,1,Large-Cash-Transaction; Structuring/Smurfing,65,HIGH,LargeTransaction|Smurfing,"Transaction amount 9,568.38 UK pounds exceeds threshold of 8,000.00; Smurfing: account '7669236826' made 20 transactions totalling 147,672.37 within 24h (each below 9,999.00 threshold)"
3596,2026-05-07 14:57:37,4691637817,850668595,525.76,UK pounds,UK pounds,UK,UK,Credit card,0,,0,LOW,,
3597,2026-05-07 14:57:37,8278462007,1844120586,1515.29,UK pounds,UK pounds,UK,UK,Cheque,0,,0,LOW,,
3598,2026-05-07 14:57:38,8679567107,2925311545,12469.95,UK pounds,UK pounds,UK,UK,Credit card,0,Large-Cash-Transaction,25,LOW,LargeTransaction,"Transaction amount 12,469.95 UK pounds exceeds threshold of 8,000.00"
3599,2026-05-07 14:57:41,2513837027,5137381451,1755.29,UK pounds,UK pounds,UK,UK,Credit card,0,,0,LOW,,
3600,2026-05-07 14:57:41,8527448088,9827923812,144.88,UK pounds,UK pounds,UK,UK,Cash Withdrawal,0,,0,LOW,,
3601,2026-05-07 14:57:42,3033453299,5858369125,20861.7,UK pounds,UK pounds,UK,UK,Cheque,0,Large-Cash-Transaction,25,LOW,LargeTransaction,"Transaction amount 20,861.70 UK pounds exceeds threshold of 8,000.00"
3602,2026-05-07 14:57:43,8667824943,7324127303,3375.51,UK pounds,UK pounds,UK,UK,Cash Deposit,0,Fan-Out/Money-Mule,20,LOW,RapidMovement,"RapidMovement: account '7324127303' received 3,375.51 then re-sent 5,637.91 (167.0%) within 24h"
3603,2026-05-07 14:57:50,6824568192,1236619471,2374.04,UK pounds,UK pounds,UK,UK,Credit card,0,,0,LOW,,
3604,2026-05-07 14:57:50,26856389,7215523545,977.53,UK pounds,Albanian lek,UK,Albania,Cross-border,0,,0,LOW,,
3605,2026-05-07 14:57:55,3860047154,6413953290,946.77,UK pounds,UK pounds,UK,UK,ACH,0,,0,LOW,,
3606,2026-05-07 14:57:56,1613060776,7080357663,7612.81,UK pounds,UK pounds,UK,UK,Credit card,1,Structuring/Smurfing,40,MEDIUM,Smurfing,"Smurfing: account '1613060776' made 3 transactions totalling 22,716.61 within 24h (each below 9,999.00 threshold)"
3607,2026-05-07 14:57:57,4976541421,4107856005,40.63,UK pounds,UK pounds,UK,UK,Cash Withdrawal,0,,0,LOW,,
3608,2026-05-07 14:57:58,5141181153,9207253495,664.91,UK pounds,UK pounds,UK,UK,Cash Deposit,0,Fan-Out/Money-Mule,20,LOW,RapidMovement,"RapidMovement: account '9207253495' received 664.91 then re-sent 3,779.55 (568.4%) within 24h"
3609,2026-05-07 14:58:03,7821826957,538599847,21983.01,UK pounds,UK pounds,UK,UK,ACH,0,Large-Cash-Transaction,25,LOW,LargeTransaction,"Transaction amount 21,983.01 UK pounds exceeds threshold of 8,000.00"
3610,2026-05-07 14:58:05,3567089560,4547973270,6962.35,Moroccan dirham,Euro,UK,Italy,Cross-border,0,,0,LOW,,
3611,2026-05-07 14:58:06,5649798978,1110318309,1603.08,UK pounds,UK pounds,UK,UK,Cheque,0,,0,LOW,,
3612,2026-05-07 14:58:08,9534729015,2552940134,7272.75,UK pounds,UK pounds,UK,UK,Debit card,1,Structuring/Smurfing,40,MEDIUM,Smurfing,"Smurfing: account '9534729015' made 9 transactions totalling 64,389.22 within 24h (each below 9,999.00 threshold)"
3613,2026-05-07 14:58:09,8044089316,2801392814,614.02,UK pounds,UK pounds,UK,UK,Credit card,0,,0,LOW,,
3614,2026-05-07 14:58:12,3986364688,3652707936,149.2,UK pounds,UK pounds,UK,UK,Cash Withdrawal,0,,0,LOW,,
3615,2026-05-07 14:58:14,5611655403,8935592056,5590.15,UK pounds,UK pounds,UK,UK,ACH,0,,0,LOW,,
3616,2026-05-07 14:58:15,9207253495,1573438751,3779.55,UK pounds,UK pounds,UK,UK,Debit card,0,Fan-Out/Money-Mule,20,LOW,RapidMovement,RapidMovement: part of rapid fund re-dispatch from account '9207253495'
3617,2026-05-07 14:58:15,2064169340,5106674828,69.58,UK pounds,UK pounds,UK,UK,Credit card,0,,0,LOW,,
3618,2026-05-07 14:58:15,1571908924,5840299083,578.3,UK pounds,UK pounds,UK,UK,Debit card,0,,0,LOW,,
3619,2026-05-07 14:58:21,526646563,1458902222,1762.0,UK pounds,UK pounds,UK,UK,Cheque,0,,0,LOW,,
3620,2026-05-07 14:58:23,7421451752,9906229651,12846.08,UK pounds,UK pounds,UK,UK,ACH,0,Large-Cash-Transaction,25,LOW,LargeTransaction,"Transaction amount 12,846.08 UK pounds exceeds threshold of 8,000.00"
3621,2026-05-07 14:58:26,9941270813,4552802622,2179.52,UK pounds,UK pounds,UK,UK,Cash Deposit,0,,0,LOW,,
3622,2026-05-07 14:58:34,6541552727,3844741692,10960.42,UK pounds,UK pounds,UK,UK,Cheque,0,Large-Cash-Transaction,25,LOW,LargeTransaction,"Transaction amount 10,960.42 UK pounds exceeds threshold of 8,000.00"
3623,2026-05-07 14:58:47,1821503095,3453070367,2170.33,UK pounds,UK pounds,UK,UK,Cash Deposit,0,,0,LOW,,
3624,2026-05-07 14:58:48,8361572479,7070937722,1803.51,UK pounds,UK pounds,UK,UK,Cheque,0,,0,LOW,,
3625,2026-05-07 14:58:52,6109062028,1320927231,10336.27,UK pounds,UK pounds,UK,UK,Debit card,0,Large-Cash-Transaction,25,LOW,LargeTransaction,"Transaction amount 10,336.27 UK pounds exceeds threshold of 8,000.00"
3626,2026-05-07 14:59:02,8177127544,5363117119,19915.08,UK pounds,UK pounds,UK,UK,Cheque,0,Large-Cash-Transaction,25,LOW,LargeTransaction,"Transaction amount 19,915.08 UK pounds exceeds threshold of 8,000.00"
3627,2026-05-07 14:59:03,6095562795,4249383106,13091.23,UK pounds,UK pounds,UK,UK,ACH,0,Large-Cash-Transaction,25,LOW,LargeTransaction,"Transaction amount 13,091.23 UK pounds exceeds threshold of 8,000.00"
3628,2026-05-07 14:59:05,2490851194,1190536857,1157.33,UK pounds,UK pounds,UK,UK,ACH,0,,0,LOW,,
3629,2026-05-07 14:59:05,1491989064,478973149,6427.84,UK pounds,UK pounds,UK,UK,Credit card,1,Structuring/Smurfing,40,MEDIUM,Smurfing,"Smurfing: account '1491989064' made 11 transactions totalling 76,278.43 within 24h (each below 9,999.00 threshold)"
3630,2026-05-07 14:59:06,6057444675,8237840407,7624.33,UK pounds,UK pounds,UK,UK,Cheque,1,Structuring/Smurfing,40,MEDIUM,Smurfing,"Smurfing: account '6057444675' made 8 transactions totalling 48,718.92 within 24h (each below 9,999.00 threshold)"
3631,2026-05-07 14:59:07,4599310239,9633296845,4703.99,UK pounds,UK pounds,UK,UK,ACH,0,,0,LOW,,
3632,2026-05-07 14:59:11,5126390175,8518184956,5776.92,UK pounds,UK pounds,UK,UK,Debit card,1,Structuring/Smurfing,40,MEDIUM,Smurfing,"Smurfing: account '5126390175' made 3 transactions totalling 17,319.94 within 24h (each below 9,999.00 threshold)"
3633,2026-05-07 14:59:11,2457069376,8673917867,7662.46,UK pounds,UK pounds,UK,UK,ACH,1,Structuring/Smurfing; Layering,65,HIGH,Smurfing|Layering,"Smurfing: account '2457069376' made 3 transactions totalling 23,020.52 within 24h (each below 9,999.00 threshold); Fan-in: receiver 8673917867 received from 8 distinct senders within 72h (chain amount: 130,346.05, threshold: 10,000.00)"
3634,2026-05-07 14:59:18,9686132794,7198324572,285.38,UK pounds,UK pounds,UK,UK,Cash Withdrawal,0,,0,LOW,,
3635,2026-05-07 14:59:22,2147433836,6180757780,3821.78,UK pounds,UK pounds,UK,UK,Cheque,0,,0,LOW,,
3636,2026-05-07 14:59:25,1378784400,8617902721,6196.02,UK pounds,UK pounds,UK,UK,Cheque,1,Structuring/Smurfing,40,MEDIUM,Smurfing,"Smurfing: account '1378784400' made 22 transactions totalling 142,773.51 within 24h (each below 9,999.00 threshold)"
3637,2026-05-07 14:59:26,5021785800,9085148554,10457.45,UK pounds,UK pounds,UK,UK,Debit card,0,Large-Cash-Transaction,25,LOW,LargeTransaction,"Transaction amount 10,457.45 UK pounds exceeds threshold of 8,000.00"
3638,2026-05-07 14:59:27,8164894544,5896180453,7350.88,UK pounds,UK pounds,UK,UK,Debit card,1,Structuring/Smurfing,40,MEDIUM,Smurfing,"Smurfing: account '8164894544' made 3 transactions totalling 21,933.41 within 24h (each below 9,999.00 threshold)"
3639,2026-05-07 14:59:27,9264345257,8481585082,3760.47,UK pounds,UK pounds,UK,UK,ACH,0,,0,LOW,,
3640,2026-05-07 14:59:29,4484503679,5768052396,850.04,UK pounds,UK pounds,UK,UK,Cash Deposit,0,,0,LOW,,
3641,2026-05-07 14:59:31,9572437179,7199625988,6677.16,UK pounds,UK pounds,UK,UK,Debit card,1,Structuring/Smurfing,40,MEDIUM,Smurfing,"Smurfing: account '9572437179' made 3 transactions totalling 19,964.57 within 24h (each below 9,999.00 threshold)"
3642,2026-05-07 14:59:32,9219295930,7514374232,2907.95,UK pounds,UK pounds,UK,UK,Debit card,0,,0,LOW,,
3643,2026-05-07 14:59:35,4042943791,9376992025,158.76,UK pounds,UK pounds,UK,UK,Cheque,0,,0,LOW,,
3644,2026-05-07 14:59:35,8443811812,8175690636,846.99,UK pounds,UK pounds,UK,UK,Debit card,0,,0,LOW,,
3645,2026-05-07 14:59:36,1740588255,3143083825,126.52,UK pounds,UK pounds,UK,UK,Credit card,0,,0,LOW,,
3646,2026-05-07 14:59:37,4402370099,9648775814,5237.54,UK pounds,UK pounds,UK,UK,Cash Deposit,0,,0,LOW,,
3647,2026-05-07 14:59:40,7501327339,8562263055,6255.15,UK pounds,UK pounds,UK,UK,ACH,1,Structuring/Smurfing,40,MEDIUM,Smurfing,"Smurfing: account '7501327339' made 21 transactions totalling 147,873.72 within 24h (each below 9,999.00 threshold)"
3648,2026-05-07 14:59:41,8203229522,8818164834,4728.72,UK pounds,UK pounds,UK,UK,Debit card,1,Structuring/Smurfing,40,MEDIUM,Smurfing,"Smurfing: account '8203229522' made 10 transactions totalling 57,817.98 within 24h (each below 9,999.00 threshold)"
3649,2026-05-07 14:59:47,4773187916,6638552862,1289.91,UK pounds,UK pounds,UK,UK,Cheque,0,,0,LOW,,
3650,2026-05-07 14:59:54,4899332114,6034997194,10139.55,UK pounds,UK pounds,UK,UK,Cheque,0,Large-Cash-Transaction,25,LOW,LargeTransaction,"Transaction amount 10,139.55 UK pounds exceeds threshold of 8,000.00"
3651,2026-05-07 14:59:54,7712703922,8706963267,1307.73,UK pounds,UK pounds,UK,UK,Cash Deposit,0,,0,LOW,,
3652,2026-05-07 14:59:55,3452368468,7131477851,5208.27,UK pounds,UK pounds,UK,UK,Cheque,1,Structuring/Smurfing,40,MEDIUM,Smurfing,"Smurfing: account '3452368468' made 5 transactions totalling 27,235.77 within 24h (each below 9,999.00 threshold)"
3653,2026-05-07 15:00:00,7421451752,4086663568,8451.87,UK pounds,UK pounds,UK,UK,Credit card,1,Large-Cash-Transaction; Structuring/Smurfing,65,HIGH,LargeTransaction|Smurfing,"Transaction amount 8,451.87 UK pounds exceeds threshold of 8,000.00; Smurfing: account '7421451752' made 14 transactions totalling 81,429.18 within 24h (each below 9,999.00 threshold)"
3654,2026-05-07 15:00:00,9776757219,4394766893,760.17,UK pounds,UK pounds,UK,UK,Credit card,0,,0,LOW,,
3655,2026-05-07 15:00:00,9771225228,5964530690,745.04,UK pounds,UK pounds,UK,UK,Debit card,0,,0,LOW,,
3656,2026-05-07 15:00:01,397492581,3903051178,4148.01,UK pounds,UK pounds,UK,UK,Cheque,0,,0,LOW,,
3657,2026-05-07 15:00:01,8389148416,1363901484,10285.74,UK pounds,UK pounds,UK,UK,Cheque,0,Large-Cash-Transaction,25,LOW,LargeTransaction,"Transaction amount 10,285.74 UK pounds exceeds threshold of 8,000.00"
3658,2026-05-07 15:00:03,4085276112,3552858745,2071.58,UK pounds,UK pounds,UK,UK,ACH,0,,0,LOW,,
3659,2026-05-07 15:00:04,5311089132,2450414165,1846.96,UK pounds,UK pounds,UK,UK,ACH,0,,0,LOW,,
3660,2026-05-07 15:00:05,8456279067,8073790137,9933.97,UK pounds,Euro,UK,Germany,Cross-border,1,Large-Cash-Transaction; Structuring/Smurfing,65,HIGH,LargeTransaction|Smurfing,"Transaction amount 9,933.97 UK pounds exceeds threshold of 8,000.00; Smurfing: account '8456279067' made 20 transactions totalling 150,839.15 within 24h (each below 9,999.00 threshold)"
3661,2026-05-07 15:00:05,1491989064,3672723354,4838.56,UK pounds,UK pounds,UK,UK,ACH,1,Structuring/Smurfing,40,MEDIUM,Smurfing,"Smurfing: account '1491989064' made 12 transactions totalling 81,116.99 within 24h (each below 9,999.00 threshold)"
3662,2026-05-07 15:00:05,351184098,1171263460,8041.29,UK pounds,UK pounds,UK,UK,Credit card,1,Large-Cash-Transaction; Fan-Out/Money-Mule,45,MEDIUM,LargeTransaction|RapidMovement,"Transaction amount 8,041.29 UK pounds exceeds threshold of 8,000.00; RapidMovement: part of rapid fund re-dispatch from account '351184098'"
3663,2026-05-07 15:00:09,7758268667,4313894778,6653.36,UK pounds,UK pounds,UK,UK,ACH,1,Structuring/Smurfing,40,MEDIUM,Smurfing,"Smurfing: account '7758268667' made 25 transactions totalling 199,152.98 within 24h (each below 9,999.00 threshold)"
3664,2026-05-07 15:00:10,3193957988,4496732472,367.01,UK pounds,UK pounds,UK,UK,Debit card,0,,0,LOW,,
3665,2026-05-07 15:00:10,5711826554,8063440965,12216.45,UK pounds,UK pounds,UK,UK,Cheque,0,Large-Cash-Transaction,25,LOW,LargeTransaction,"Transaction amount 12,216.45 UK pounds exceeds threshold of 8,000.00"
3666,2026-05-07 15:00:12,3304241049,4926433781,714.34,UK pounds,UK pounds,UK,UK,ACH,0,,0,LOW,,
3667,2026-05-07 15:00:14,8456279067,3889335486,14589.02,UK pounds,UK pounds,UK,UK,Cheque,0,Large-Cash-Transaction,25,LOW,LargeTransaction,"Transaction amount 14,589.02 UK pounds exceeds threshold of 8,000.00"
3668,2026-05-07 15:00:17,3614082527,1542761342,7406.41,UK pounds,UK pounds,UK,UK,Credit card,1,Structuring/Smurfing,40,MEDIUM,Smurfing,"Smurfing: account '3614082527' made 18 transactions totalling 134,369.48 within 24h (each below 9,999.00 threshold)"
3669,2026-05-07 15:00:18,3293721222,2607375397,1350.17,UK pounds,UK pounds,UK,UK,Credit card,0,,0,LOW,,
3670,2026-05-07 15:00:22,7652411699,487606932,18001.97,UK pounds,UK pounds,UK,UK,ACH,0,Large-Cash-Transaction,25,LOW,LargeTransaction,"Transaction amount 18,001.97 UK pounds exceeds threshold of 8,000.00"
3671,2026-05-07 15:00:22,7242495750,3705076550,1774.88,UK pounds,UK pounds,UK,UK,Cash Deposit,0,,0,LOW,,
3672,2026-05-07 15:00:23,5345734817,4270865741,7077.69,UK pounds,UK pounds,UK,UK,Cheque,0,,0,LOW,,
3673,2026-05-07 15:00:30,128336607,6953672776,9500.95,UK pounds,Mexican Peso,UK,Mexico,Cross-border,0,Large-Cash-Transaction,25,LOW,LargeTransaction,"Transaction amount 9,500.95 UK pounds exceeds threshold of 8,000.00"
3674,2026-05-07 15:00:30,9975059059,7160736915,6625.13,UK pounds,UK pounds,UK,UK,Cheque,1,Structuring/Smurfing,40,MEDIUM,Smurfing,"Smurfing: account '9975059059' made 3 transactions totalling 19,929.48 within 24h (each below 9,999.00 threshold)"
3675,2026-05-07 15:00:30,8421815641,3994819824,47210.76,UK pounds,Euro,UK,France,Cross-border,0,Large-Cash-Transaction,25,LOW,LargeTransaction,"Transaction amount 47,210.76 UK pounds exceeds threshold of 8,000.00"
3676,2026-05-07 15:00:33,1378784400,8436759372,6187.71,UK pounds,UK pounds,UK,UK,ACH,1,Structuring/Smurfing,40,MEDIUM,Smurfing,"Smurfing: account '1378784400' made 23 transactions totalling 148,961.22 within 24h (each below 9,999.00 threshold)"
3677,2026-05-07 15:00:33,1262381377,8929755310,1870.01,UK pounds,UK pounds,UK,UK,ACH,0,,0,LOW,,
3678,2026-05-07 15:00:33,7421451752,804519509,6100.15,UK pounds,UK pounds,UK,UK,Cheque,1,Structuring/Smurfing,40,MEDIUM,Smurfing,"Smurfing: account '7421451752' made 15 transactions totalling 87,529.33 within 24h (each below 9,999.00 threshold)"
3679,2026-05-07 15:00:33,2365007895,6618026760,12050.91,UK pounds,UK pounds,UK,UK,Credit card,0,Large-Cash-Transaction,25,LOW,LargeTransaction,"Transaction amount 12,050.91 UK pounds exceeds threshold of 8,000.00"
3680,2026-05-07 15:00:35,1300794618,2138505015,7851.94,Euro,Dirham,France,UAE,Cross-border,1,Structuring/Smurfing,40,MEDIUM,Smurfing,"Smurfing: account '1300794618' made 3 transactions totalling 23,539.52 within 24h (each below 9,999.00 threshold)"
3681,2026-05-07 15:00:36,5021785800,1883329014,8031.89,UK pounds,UK pounds,UK,UK,Credit card,1,Large-Cash-Transaction; Structuring/Smurfing,65,HIGH,LargeTransaction|Smurfing,"Transaction amount 8,031.89 UK pounds exceeds threshold of 8,000.00; Smurfing: account '5021785800' made 20 transactions totalling 130,722.90 within 24h (each below 9,999.00 threshold)"
3682,2026-05-07 15:00:36,6086421020,1799978362,7622.99,UK pounds,UK pounds,UK,UK,Cheque,1,Structuring/Smurfing,40,MEDIUM,Smurfing,"Smurfing: account '6086421020' made 27 transactions totalling 189,895.00 within 24h (each below 9,999.00 threshold)"
3683,2026-05-07 15:00:39,631006594,4739335072,6793.46,UK pounds,UK pounds,UK,UK,ACH,0,,0,LOW,,
3684,2026-05-07 15:00:40,4121324384,148220861,4721.86,Euro,Euro,Spain,France,Cross-border,1,Structuring/Smurfing,40,MEDIUM,Smurfing,"Smurfing: account '4121324384' made 11 transactions totalling 83,669.71 within 24h (each below 9,999.00 threshold)"
3685,2026-05-07 15:00:42,1822602349,5807060066,3435.14,UK pounds,UK pounds,UK,UK,ACH,0,,0,LOW,,
3686,2026-05-07 15:00:44,5550354567,6953672776,7713.17,Turkish lira,Mexican Peso,Turkey,Mexico,Cross-border,0,,0,LOW,,
3687,2026-05-07 15:00:46,6474946159,1417470734,1564.62,UK pounds,UK pounds,UK,UK,Debit card,0,,0,LOW,,
3688,2026-05-07 15:00:46,4845236576,4262107285,5979.14,UK pounds,UK pounds,UK,UK,Debit card,0,,0,LOW,,
3689,2026-05-07 15:00:48,3452368468,2111706195,15017.35,UK pounds,UK pounds,UK,UK,ACH,0,Large-Cash-Transaction,25,LOW,LargeTransaction,"Transaction amount 15,017.35 UK pounds exceeds threshold of 8,000.00"
3690,2026-05-07 15:00:51,8203229522,4419703232,9147.05,UK pounds,UK pounds,UK,UK,Debit card,1,Large-Cash-Transaction; Structuring/Smurfing,65,HIGH,LargeTransaction|Smurfing,"Transaction amount 9,147.05 UK pounds exceeds threshold of 8,000.00; Smurfing: account '8203229522' made 11 transactions totalling 66,965.03 within 24h (each below 9,999.00 threshold)"
3691,2026-05-07 15:00:55,5263982631,7080357663,27236.17,Yen,UK pounds,Japan,UK,Cross-border,0,Large-Cash-Transaction,25,LOW,LargeTransaction,"Transaction amount 27,236.17 Yen exceeds threshold of 10,000.00"
3692,2026-05-07 15:01:05,2301027899,293375797,6668.2,UK pounds,UK pounds,UK,UK,Cheque,0,,0,LOW,,
3693,2026-05-07 15:01:06,3029852891,9743532575,178.14,UK pounds,UK pounds,UK,UK,Cash Withdrawal,0,,0,LOW,,
3694,2026-05-07 15:01:08,8171638012,8511586730,5955.52,UK pounds,UK pounds,UK,UK,ACH,0,,0,LOW,,
3695,2026-05-07 15:01:10,5022852820,2996339999,212.76,UK pounds,UK pounds,UK,UK,ACH,0,,0,LOW,,
3696,2026-05-07 15:01:15,6938382855,6112937741,4364.95,UK pounds,UK pounds,UK,UK,Debit card,0,,0,LOW,,
3697,2026-05-07 15:01:15,3933129163,5344697486,4913.29,UK pounds,UK pounds,UK,UK,Debit card,0,,0,LOW,,
3698,2026-05-07 15:01:17,9858664013,9117927764,90.75,UK pounds,UK pounds,UK,UK,ACH,0,,0,LOW,,
3699,2026-05-07 15:01:17,2363570472,5913577967,2277.04,UK pounds,UK pounds,UK,UK,Debit card,0,,0,LOW,,
3700,2026-05-07 15:01:26,8572039029,1431561040,10136.67,Euro,UK pounds,France,UK,Cross-border,0,Large-Cash-Transaction,25,LOW,LargeTransaction,"Transaction amount 10,136.67 Euro exceeds threshold of 9,000.00"
3701,2026-05-07 15:01:29,9312861244,409707192,24008.22,UK pounds,UK pounds,UK,UK,Cheque,0,Large-Cash-Transaction,25,LOW,LargeTransaction,"Transaction amount 24,008.22 UK pounds exceeds threshold of 8,000.00"
3702,2026-05-07 15:01:30,3161589462,4036496501,2989.35,UK pounds,UK pounds,UK,UK,Cash Deposit,0,,0,LOW,,
3703,2026-05-07 15:01:32,7556874867,9396184562,1085.35,UK pounds,UK pounds,UK,UK,Cheque,0,,0,LOW,,
3704,2026-05-07 15:01:34,6007315704,5286850800,4381.4,UK pounds,UK pounds,UK,UK,Credit card,0,,0,LOW,,
3705,2026-05-07 15:01:35,2627941296,102912254,4463.66,UK pounds,UK pounds,UK,UK,ACH,0,,0,LOW,,
3706,2026-05-07 15:01:38,1805171806,1465487567,6044.03,UK pounds,UK pounds,UK,UK,Debit card,1,Structuring/Smurfing; Layering,65,HIGH,Smurfing|Layering,"Smurfing: account '1805171806' made 3 transactions totalling 17,769.77 within 24h (each below 9,999.00 threshold); Fan-in: receiver 1465487567 received from 12 distinct senders within 72h (chain amount: 293,031.40, threshold: 10,000.00)"
3707,2026-05-07 15:01:38,8487080282,5708936901,5791.92,UK pounds,UK pounds,UK,UK,Credit card,1,Structuring/Smurfing,40,MEDIUM,Smurfing,"Smurfing: account '8487080282' made 4 transactions totalling 23,008.87 within 24h (each below 9,999.00 threshold)"
3708,2026-05-07 15:01:38,1958294737,1493436023,7609.76,UK pounds,UK pounds,UK,UK,Debit card,1,Structuring/Smurfing,40,MEDIUM,Smurfing,"Smurfing: account '1958294737' made 3 transactions totalling 22,845.60 within 24h (each below 9,999.00 threshold)"
3709,2026-05-07 15:01:42,9534729015,7689295746,5319.63,UK pounds,UK pounds,UK,UK,Debit card,1,Structuring/Smurfing,40,MEDIUM,Smurfing,"Smurfing: account '9534729015' made 10 transactions totalling 69,708.85 within 24h (each below 9,999.00 threshold)"
3710,2026-05-07 15:01:44,4121324384,9281561360,22103.2,Euro,UK pounds,Spain,UK,Cross-border,0,Large-Cash-Transaction,25,LOW,LargeTransaction,"Transaction amount 22,103.20 Euro exceeds threshold of 9,000.00"
3711,2026-05-07 15:01:44,4915664814,5466123934,7471.47,UK pounds,UK pounds,UK,UK,Debit card,1,Structuring/Smurfing,40,MEDIUM,Smurfing,"Smurfing: account '4915664814' made 3 transactions totalling 22,234.48 within 24h (each below 9,999.00 threshold)"
3712,2026-05-07 15:01:46,8202430994,805083522,9481.43,UK pounds,UK pounds,UK,UK,ACH,0,Large-Cash-Transaction,25,LOW,LargeTransaction,"Transaction amount 9,481.43 UK pounds exceeds threshold of 8,000.00"
3713,2026-05-07 15:01:48,8412223535,154025192,2040.63,UK pounds,UK pounds,UK,UK,Cheque,0,,0,LOW,,
3714,2026-05-07 15:01:50,2752123637,7656712210,1203.73,UK pounds,UK pounds,UK,UK,Cash Deposit,0,,0,LOW,,
3715,2026-05-07 15:01:52,7739209803,802559984,1044.18,UK pounds,UK pounds,UK,UK,ACH,0,,0,LOW,,
3716,2026-05-07 15:01:53,2123034566,5431322303,18323.7,UK pounds,UK pounds,UK,UK,ACH,0,Large-Cash-Transaction,25,LOW,LargeTransaction,"Transaction amount 18,323.70 UK pounds exceeds threshold of 8,000.00"
3717,2026-05-07 15:01:55,2946146551,9562425727,3541.96,UK pounds,UK pounds,UK,UK,ACH,0,,0,LOW,,
3718,2026-05-07 15:01:55,3168051873,2602962590,8404.72,UK pounds,UK pounds,UK,UK,Cheque,1,Large-Cash-Transaction; Structuring/Smurfing,65,HIGH,LargeTransaction|Smurfing,"Transaction amount 8,404.72 UK pounds exceeds threshold of 8,000.00; Smurfing: account '3168051873' made 10 transactions totalling 69,988.33 within 24h (each below 9,999.00 threshold)"
3719,2026-05-07 15:01:56,9627420056,4243366374,3020.13,UK pounds,UK pounds,UK,UK,ACH,0,,0,LOW,,
3720,2026-05-07 15:02:05,9460711215,8352571580,5800.4,UK pounds,UK pounds,UK,UK,Cheque,1,Structuring/Smurfing,40,MEDIUM,Smurfing,"Smurfing: account '9460711215' made 3 transactions totalling 17,516.07 within 24h (each below 9,999.00 threshold)"
3721,2026-05-07 15:02:07,5301026293,9146954759,6884.78,UK pounds,UK pounds,UK,UK,Debit card,0,,0,LOW,,
3722,2026-05-07 15:02:08,960956176,2518005672,70.26,UK pounds,UK pounds,UK,UK,Cash Withdrawal,0,,0,LOW,,
3723,2026-05-07 15:02:09,3336234389,6953672776,7752.09,UK pounds,Mexican Peso,UK,Mexico,Cross-border,1,Structuring/Smurfing,40,MEDIUM,Smurfing,"Smurfing: account '3336234389' made 3 transactions totalling 23,353.08 within 24h (each below 9,999.00 threshold)"
3724,2026-05-07 15:02:17,7501327339,2477870427,5346.72,UK pounds,UK pounds,UK,UK,Cheque,1,Structuring/Smurfing,40,MEDIUM,Smurfing,"Smurfing: account '7501327339' made 22 transactions totalling 153,220.44 within 24h (each below 9,999.00 threshold)"
3725,2026-05-07 15:02:18,3253755133,5754232568,797.24,UK pounds,UK pounds,UK,UK,Cheque,0,,0,LOW,,
3726,2026-05-07 15:02:20,5087385149,5218372833,2710.02,UK pounds,UK pounds,UK,UK,Cheque,0,,0,LOW,,
3727,2026-05-07 15:02:22,7017825209,1208796138,1777.51,UK pounds,UK pounds,UK,UK,Debit card,0,,0,LOW,,
3728,2026-05-07 15:02:26,705074101,1523428494,4005.97,UK pounds,UK pounds,UK,UK,Debit card,0,,0,LOW,,
3729,2026-05-07 15:02:27,5021785800,9199525861,6600.68,Naira,UK pounds,UK,UK,Credit card,1,Structuring/Smurfing,40,MEDIUM,Smurfing,"Smurfing: account '5021785800' made 21 transactions totalling 137,323.58 within 24h (each below 9,999.00 threshold)"
3730,2026-05-07 15:02:28,1707922364,2276059358,3692.02,UK pounds,UK pounds,UK,UK,ACH,0,,0,LOW,,
3731,2026-05-07 15:02:31,1378784400,9278521151,6877.8,UK pounds,UK pounds,UK,UK,Debit card,1,Structuring/Smurfing,40,MEDIUM,Smurfing,"Smurfing: account '1378784400' made 24 transactions totalling 155,839.02 within 24h (each below 9,999.00 threshold)"
3732,2026-05-07 15:02:31,1378784400,7373473711,10857.2,UK pounds,UK pounds,UK,UK,ACH,0,Large-Cash-Transaction,25,LOW,LargeTransaction,"Transaction amount 10,857.20 UK pounds exceeds threshold of 8,000.00"
3733,2026-05-07 15:02:33,1648881820,3076275005,1813.8,UK pounds,UK pounds,UK,UK,Cheque,0,,0,LOW,,
3734,2026-05-07 15:02:33,7816745157,7123488056,3409.34,UK pounds,UK pounds,UK,UK,Credit card,0,,0,LOW,,
3735,2026-05-07 15:02:39,3510078932,651572065,9216.21,UK pounds,UK pounds,UK,UK,Credit card,1,Large-Cash-Transaction; Structuring/Smurfing,65,HIGH,LargeTransaction|Smurfing,"Transaction amount 9,216.21 UK pounds exceeds threshold of 8,000.00; Smurfing: account '3510078932' made 26 transactions totalling 177,830.17 within 24h (each below 9,999.00 threshold)"
3736,2026-05-07 15:02:43,2457069376,8673917867,7638.29,UK pounds,UK pounds,UK,UK,ACH,1,Structuring/Smurfing; Layering,65,HIGH,Smurfing|Layering,"Smurfing: account '2457069376' made 4 transactions totalling 30,658.81 within 24h (each below 9,999.00 threshold); Fan-in: receiver 8673917867 received from 8 distinct senders within 72h (chain amount: 137,984.34, threshold: 10,000.00)"
3737,2026-05-07 15:02:45,1830024288,5542652799,3876.98,UK pounds,UK pounds,UK,UK,Credit card,0,,0,LOW,,
3738,2026-05-07 15:02:47,5509781847,6886845131,5360.69,UK pounds,UK pounds,UK,UK,Credit card,0,,0,LOW,,
3739,2026-05-07 15:02:51,9387909725,1435739932,1651.28,UK pounds,UK pounds,UK,UK,Debit card,0,,0,LOW,,
3740,2026-05-07 15:02:51,7501327339,9329185542,29746.12,UK pounds,UK pounds,UK,UK,Cheque,0,Large-Cash-Transaction,25,LOW,LargeTransaction,"Transaction amount 29,746.12 UK pounds exceeds threshold of 8,000.00"
3741,2026-05-07 15:02:55,3057655234,9225503359,4004.9,UK pounds,UK pounds,UK,UK,Credit card,0,,0,LOW,,
3742,2026-05-07 15:02:56,5674163762,8223689512,5922.44,UK pounds,UK pounds,UK,UK,Cheque,0,,0,LOW,,
3743,2026-05-07 15:02:57,1460088263,4827431334,11122.46,UK pounds,UK pounds,UK,UK,ACH,0,Large-Cash-Transaction,25,LOW,LargeTransaction,"Transaction amount 11,122.46 UK pounds exceeds threshold of 8,000.00"
3744,2026-05-07 15:02:59,64040028,6158153116,26196.8,UK pounds,UK pounds,UK,UK,Debit card,0,Large-Cash-Transaction,25,LOW,LargeTransaction,"Transaction amount 26,196.80 UK pounds exceeds threshold of 8,000.00"
3745,2026-05-07 15:03:00,5994252852,5180533074,576.87,UK pounds,UK pounds,UK,UK,ACH,0,,0,LOW,,
3746,2026-05-07 15:03:02,3604906402,7700823898,1595.98,UK pounds,UK pounds,UK,UK,Cheque,0,,0,LOW,,
3747,2026-05-07 15:03:05,6086421020,6624920676,6142.74,UK pounds,UK pounds,UK,UK,Cheque,1,Structuring/Smurfing,40,MEDIUM,Smurfing,"Smurfing: account '6086421020' made 28 transactions totalling 196,037.74 within 24h (each below 9,999.00 threshold)"
3748,2026-05-07 15:03:08,7758268667,5982526038,5811.56,UK pounds,UK pounds,UK,UK,Credit card,1,Structuring/Smurfing,40,MEDIUM,Smurfing,"Smurfing: account '7758268667' made 26 transactions totalling 204,964.54 within 24h (each below 9,999.00 threshold)"
3749,2026-05-07 15:03:09,2196677893,911722658,11506.54,Naira,UK pounds,Nigeria,UK,Cross-border,0,Large-Cash-Transaction,25,LOW,LargeTransaction,"Transaction amount 11,506.54 Naira exceeds threshold of 10,000.00"
3750,2026-05-07 15:03:20,7700588772,9105769228,6493.55,UK pounds,UK pounds,UK,UK,Cheque,0,,0,LOW,,
3751,2026-05-07 15:03:22,5714926472,2534644942,5131.37,UK pounds,Euro,UK,France,Cross-border,1,Structuring/Smurfing,40,MEDIUM,Smurfing,"Smurfing: account '5714926472' made 5 transactions totalling 25,724.99 within 24h (each below 9,999.00 threshold)"
3752,2026-05-07 15:03:33,2173103945,6953672776,5348.89,UK pounds,Mexican Peso,UK,Mexico,Cross-border,0,,0,LOW,,
3753,2026-05-07 15:03:36,132874946,1266226440,3265.41,UK pounds,Euro,UK,Italy,Cross-border,0,,0,LOW,,
3754,2026-05-07 15:03:38,7809214140,7403581265,6776.31,UK pounds,UK pounds,UK,UK,Debit card,0,,0,LOW,,
3755,2026-05-07 15:03:43,6988385168,3816200667,231.06,UK pounds,UK pounds,UK,UK,Cash Deposit,0,,0,LOW,,
3756,2026-05-07 15:03:50,9150329566,9135611092,15621.16,UK pounds,UK pounds,UK,UK,Cheque,0,Large-Cash-Transaction,25,LOW,LargeTransaction,"Transaction amount 15,621.16 UK pounds exceeds threshold of 8,000.00"
3757,2026-05-07 15:03:52,5496292666,656790529,901.78,UK pounds,UK pounds,UK,UK,Debit card,0,,0,LOW,,
3758,2026-05-07 15:03:52,9511348775,3732883206,6621.3,UK pounds,UK pounds,UK,UK,Credit card,0,,0,LOW,,
3759,2026-05-07 15:03:55,2056215656,8721288664,1418.11,UK pounds,UK pounds,UK,UK,Cheque,0,,0,LOW,,
3760,2026-05-07 15:03:55,1732955611,2307908723,656.63,UK pounds,UK pounds,UK,UK,Cheque,0,,0,LOW,,
3761,2026-05-07 15:03:56,7620822410,2500981835,1403.49,Yen,UK pounds,UK,UK,Debit card,0,,0,LOW,,
3762,2026-05-07 15:03:57,5670697107,4928086108,20240.94,UK pounds,UK pounds,UK,UK,Debit card,0,Large-Cash-Transaction,25,LOW,LargeTransaction,"Transaction amount 20,240.94 UK pounds exceeds threshold of 8,000.00"
3763,2026-05-07 15:03:59,7522705597,8063063223,1987.86,UK pounds,UK pounds,UK,UK,Cash Deposit,0,Fan-Out/Money-Mule,20,LOW,RapidMovement,"RapidMovement: account '8063063223' received 1,987.86 then re-sent 2,464.41 (124.0%) within 24h"
3764,2026-05-07 15:04:02,6647124139,4923258528,1786.29,UK pounds,UK pounds,UK,UK,Cash Deposit,0,,0,LOW,,
3765,2026-05-07 15:04:06,3614082527,4993238031,6478.64,UK pounds,UK pounds,UK,UK,Cheque,1,Structuring/Smurfing,40,MEDIUM,Smurfing,"Smurfing: account '3614082527' made 19 transactions totalling 140,848.12 within 24h (each below 9,999.00 threshold)"
3766,2026-05-07 15:04:06,1207189131,439174346,27254.21,UK pounds,UK pounds,UK,UK,Credit card,0,Large-Cash-Transaction,25,LOW,LargeTransaction,"Transaction amount 27,254.21 UK pounds exceeds threshold of 8,000.00"
3767,2026-05-07 15:04:06,2160490910,2489394223,3317.71,UK pounds,UK pounds,UK,UK,Cheque,0,,0,LOW,,
3768,2026-05-07 15:04:13,7476521105,2951715402,12209.82,UK pounds,UK pounds,UK,UK,Credit card,0,Large-Cash-Transaction,25,LOW,LargeTransaction,"Transaction amount 12,209.82 UK pounds exceeds threshold of 8,000.00"
3769,2026-05-07 15:04:14,9575222026,8575005220,425.97,UK pounds,UK pounds,UK,UK,Cheque,0,,0,LOW,,
3770,2026-05-07 15:04:16,8389148416,2753383263,5654.5,UK pounds,UK pounds,UK,UK,ACH,1,Structuring/Smurfing,40,MEDIUM,Smurfing,"Smurfing: account '8389148416' made 16 transactions totalling 111,917.92 within 24h (each below 9,999.00 threshold)"
3771,2026-05-07 15:04:17,1100284627,138522943,4924.23,UK pounds,UK pounds,UK,UK,Cheque,0,,0,LOW,,
3772,2026-05-07 15:04:17,5852295842,644618199,1370.37,UK pounds,UK pounds,UK,UK,Credit card,0,,0,LOW,,
3773,2026-05-07 15:04:21,8587242371,5363117119,20042.87,UK pounds,UK pounds,UK,UK,Cheque,0,Large-Cash-Transaction,25,LOW,LargeTransaction,"Transaction amount 20,042.87 UK pounds exceeds threshold of 8,000.00"
3774,2026-05-07 15:04:22,4203288672,1881894006,251.18,UK pounds,UK pounds,UK,UK,Cash Withdrawal,0,,0,LOW,,
3775,2026-05-07 15:04:25,1730350525,4336977506,7243.67,UK pounds,UK pounds,UK,UK,Credit card,0,,0,LOW,,
3776,2026-05-07 15:04:25,9634820406,6385872116,2968.82,UK pounds,UK pounds,UK,UK,Debit card,0,,0,LOW,,
3777,2026-05-07 15:04:25,4944370132,1316458123,10559.4,UK pounds,Mexican Peso,UK,Mexico,Cross-border,0,Large-Cash-Transaction,25,LOW,LargeTransaction,"Transaction amount 10,559.40 UK pounds exceeds threshold of 8,000.00"
3778,2026-05-07 15:04:27,7244175366,4183845549,608.92,UK pounds,UK pounds,UK,UK,ACH,0,,0,LOW,,
3779,2026-05-07 15:04:28,4572993923,6034997194,17570.64,UK pounds,UK pounds,UK,UK,Debit card,0,Large-Cash-Transaction,25,LOW,LargeTransaction,"Transaction amount 17,570.64 UK pounds exceeds threshold of 8,000.00"
3780,2026-05-07 15:04:29,3470739687,5109675374,814.05,UK pounds,UK pounds,UK,UK,ACH,0,,0,LOW,,
3781,2026-05-07 15:04:30,5946484518,9600420260,17447.16,UK pounds,UK pounds,UK,UK,Cheque,0,Large-Cash-Transaction,25,LOW,LargeTransaction,"Transaction amount 17,447.16 UK pounds exceeds threshold of 8,000.00"
3782,2026-05-07 15:04:31,3057138054,3329083845,708.14,UK pounds,UK pounds,UK,UK,Cash Deposit,0,,0,LOW,,
3783,2026-05-07 15:04:31,6238799150,716444,1148.47,UK pounds,UK pounds,UK,UK,Cash Deposit,0,,0,LOW,,
3784,2026-05-07 15:04:31,2616388803,2534644942,11083.06,UK pounds,Euro,UK,France,Cross-border,0,Large-Cash-Transaction,25,LOW,LargeTransaction,"Transaction amount 11,083.06 UK pounds exceeds threshold of 8,000.00"
3785,2026-05-07 15:04:37,1885307974,2447983458,1378.8,UK pounds,US dollar,UK,UK,ACH,0,,0,LOW,,
3786,2026-05-07 15:04:38,9460711215,8352571580,5834.16,UK pounds,UK pounds,UK,UK,Debit card,1,Structuring/Smurfing,40,MEDIUM,Smurfing,"Smurfing: account '9460711215' made 3 transactions totalling 17,516.07 within 24h (each below 9,999.00 threshold)"
3787,2026-05-07 15:04:42,6511977454,1128795381,978.05,UK pounds,UK pounds,UK,UK,Cash Deposit,0,,0,LOW,,
3788,2026-05-07 15:04:42,4002781583,5422640609,1012.36,UK pounds,UK pounds,UK,UK,Debit card,0,,0,LOW,,
3789,2026-05-07 15:04:46,8494600637,8013762919,2234.53,UK pounds,UK pounds,UK,UK,Cheque,0,Fan-Out/Money-Mule,20,LOW,RapidMovement,RapidMovement: part of rapid fund re-dispatch from account '8494600637'
3790,2026-05-07 15:04:47,2603494478,6646502650,9105.49,UK pounds,Euro,UK,France,Cross-border,0,Large-Cash-Transaction,25,LOW,LargeTransaction,"Transaction amount 9,105.49 UK pounds exceeds threshold of 8,000.00"
3791,2026-05-07 15:04:49,6586730750,5269420710,735.64,UK pounds,UK pounds,UK,UK,ACH,0,,0,LOW,,
3792,2026-05-07 15:04:52,8987848252,338940099,8413.89,UK pounds,UK pounds,UK,UK,Debit card,1,Large-Cash-Transaction; Structuring/Smurfing,65,HIGH,LargeTransaction|Smurfing,"Transaction amount 8,413.89 UK pounds exceeds threshold of 8,000.00; Smurfing: account '8987848252' made 10 transactions totalling 69,026.36 within 24h (each below 9,999.00 threshold)"
3793,2026-05-07 15:04:53,2595670415,6223365730,14944.34,UK pounds,UK pounds,UK,UK,ACH,0,Large-Cash-Transaction,25,LOW,LargeTransaction,"Transaction amount 14,944.34 UK pounds exceeds threshold of 8,000.00"
3794,2026-05-07 15:04:53,8978209844,2569665384,3320.87,UK pounds,UK pounds,UK,UK,Debit card,0,,0,LOW,,
3795,2026-05-07 15:04:53,7766242794,4632572579,6658.43,UK pounds,UK pounds,UK,UK,Debit card,0,,0,LOW,,
3796,2026-05-07 15:04:55,7669236826,185269563,5668.84,UK pounds,UK pounds,UK,UK,Credit card,1,Structuring/Smurfing,40,MEDIUM,Smurfing,"Smurfing: account '7669236826' made 21 transactions totalling 153,341.21 within 24h (each below 9,999.00 threshold)"
3797,2026-05-07 15:04:56,2850558914,3104410508,23606.9,UK pounds,UK pounds,UK,UK,Cheque,0,Large-Cash-Transaction,25,LOW,LargeTransaction,"Transaction amount 23,606.90 UK pounds exceeds threshold of 8,000.00"
3798,2026-05-07 15:04:57,6904668523,9440622206,7647.67,UK pounds,UK pounds,UK,UK,Credit card,1,Structuring/Smurfing,40,MEDIUM,Smurfing,"Smurfing: account '6904668523' made 18 transactions totalling 130,640.25 within 24h (each below 9,999.00 threshold)"
3799,2026-05-07 15:05:01,6116657264,1509953998,7804.27,UK pounds,UK pounds,UK,UK,Cheque,1,Structuring/Smurfing,40,MEDIUM,Smurfing,"Smurfing: account '6116657264' made 16 transactions totalling 95,666.41 within 24h (each below 9,999.00 threshold)"
3800,2026-05-07 15:05:03,3221983588,6105451723,607.06,UK pounds,UK pounds,UK,UK,Credit card,0,,0,LOW,,
3801,2026-05-07 15:05:05,3131760341,773671386,172.08,UK pounds,UK pounds,UK,UK,Cash Withdrawal,0,,0,LOW,,
3802,2026-05-07 15:05:07,8987848252,7140265767,5333.45,UK pounds,UK pounds,UK,UK,Credit card,1,Structuring/Smurfing,40,MEDIUM,Smurfing,"Smurfing: account '8987848252' made 11 transactions totalling 74,359.81 within 24h (each below 9,999.00 threshold)"
3803,2026-05-07 15:05:12,8456279067,1212654276,6877.54,UK pounds,UK pounds,UK,UK,Cheque,1,Structuring/Smurfing,40,MEDIUM,Smurfing,"Smurfing: account '8456279067' made 21 transactions totalling 157,716.69 within 24h (each below 9,999.00 threshold)"
3804,2026-05-07 15:05:12,3168051873,7221383296,10140.8,UK pounds,UK pounds,UK,UK,Credit card,0,Large-Cash-Transaction,25,LOW,LargeTransaction,"Transaction amount 10,140.80 UK pounds exceeds threshold of 8,000.00"
3805,2026-05-07 15:05:13,4331970246,8516236307,4178.45,UK pounds,UK pounds,UK,UK,Credit card,0,,0,LOW,,
3806,2026-05-07 15:05:14,7407541388,9811317821,7844.81,UK pounds,UK pounds,UK,UK,Credit card,0,,0,LOW,,
3807,2026-05-07 15:05:15,5083667611,6646502650,20856.08,UK pounds,Euro,UK,France,Cross-border,0,Large-Cash-Transaction,25,LOW,LargeTransaction,"Transaction amount 20,856.08 UK pounds exceeds threshold of 8,000.00"
3808,2026-05-07 15:05:18,7983236375,3159233894,185.2,UK pounds,UK pounds,UK,UK,Credit card,0,,0,LOW,,
3809,2026-05-07 15:05:18,8992550842,9533152042,796.64,UK pounds,UK pounds,UK,UK,Cheque,0,,0,LOW,,
3810,2026-05-07 15:05:19,7669236826,6127165731,11086.08,UK pounds,UK pounds,UK,UK,ACH,0,Large-Cash-Transaction,25,LOW,LargeTransaction,"Transaction amount 11,086.08 UK pounds exceeds threshold of 8,000.00"
3811,2026-05-07 15:05:20,4303547366,3594984791,5216.52,UK pounds,UK pounds,UK,UK,Cheque,0,,0,LOW,,
3812,2026-05-07 15:05:20,6541552727,1547154408,5450.11,UK pounds,UK pounds,UK,UK,Debit card,1,Structuring/Smurfing,40,MEDIUM,Smurfing,"Smurfing: account '6541552727' made 23 transactions totalling 150,604.06 within 24h (each below 9,999.00 threshold)"
3813,2026-05-07 15:05:25,9460711215,8352571580,5881.51,UK pounds,UK pounds,UK,UK,ACH,1,Structuring/Smurfing,40,MEDIUM,Smurfing,"Smurfing: account '9460711215' made 3 transactions totalling 17,516.07 within 24h (each below 9,999.00 threshold)"
3814,2026-05-07 15:05:29,6386318592,2901913712,668.01,UK pounds,UK pounds,UK,UK,Debit card,0,,0,LOW,,
3815,2026-05-07 15:05:30,9227574453,1044089314,62.49,UK pounds,UK pounds,UK,UK,Cash Withdrawal,0,,0,LOW,,
3816,2026-05-07 15:05:33,9274650765,3995630061,954.99,UK pounds,UK pounds,UK,UK,Debit card,0,,0,LOW,,
3817,2026-05-07 15:05:34,5811105590,7433240186,5019.04,UK pounds,UK pounds,UK,UK,Debit card,0,,0,LOW,,
3818,2026-05-07 15:05:39,3023037899,5103043844,31238.76,UK pounds,Naira,UK,Nigeria,Cross-border,0,Large-Cash-Transaction,25,LOW,LargeTransaction,"Transaction amount 31,238.76 UK pounds exceeds threshold of 8,000.00"
3819,2026-05-07 15:05:46,2655552102,5628674969,14454.17,UK pounds,UK pounds,UK,UK,Cheque,0,Large-Cash-Transaction,25,LOW,LargeTransaction,"Transaction amount 14,454.17 UK pounds exceeds threshold of 8,000.00"
3820,2026-05-07 15:05:46,6904668523,9408376441,7839.67,UK pounds,UK pounds,UK,UK,Debit card,1,Structuring/Smurfing,40,MEDIUM,Smurfing,"Smurfing: account '6904668523' made 19 transactions totalling 138,479.92 within 24h (each below 9,999.00 threshold)"
3821,2026-05-07 15:05:47,5042295819,4630492781,1748.19,UK pounds,UK pounds,UK,UK,ACH,0,,0,LOW,,
3822,2026-05-07 15:06:00,6567703314,6476939888,6097.48,UK pounds,UK pounds,UK,UK,Debit card,0,,0,LOW,,
3823,2026-05-07 15:06:01,1491989064,123413463,10247.73,UK pounds,UK pounds,UK,UK,Debit card,0,Large-Cash-Transaction,25,LOW,LargeTransaction,"Transaction amount 10,247.73 UK pounds exceeds threshold of 8,000.00"
3824,2026-05-07 15:06:02,2797271466,8586189106,6537.89,UK pounds,UK pounds,UK,UK,Debit card,1,Structuring/Smurfing,40,MEDIUM,Smurfing,"Smurfing: account '2797271466' made 18 transactions totalling 129,062.51 within 24h (each below 9,999.00 threshold)"
3825,2026-05-07 15:06:04,7505051146,4631643018,712.96,UK pounds,UK pounds,UK,UK,Debit card,0,,0,LOW,,
3826,2026-05-07 15:06:05,2054223834,6034997194,5009.12,UK pounds,UK pounds,UK,UK,ACH,0,,0,LOW,,
3827,2026-05-07 15:06:05,1307412406,7291994875,75.28,UK pounds,UK pounds,UK,UK,Cash Withdrawal,0,,0,LOW,,
3828,2026-05-07 15:06:05,9478199045,9544431251,735.25,UK pounds,UK pounds,UK,UK,Debit card,0,,0,LOW,,
3829,2026-05-07 15:06:06,1319701346,3615718058,2850.12,UK pounds,UK pounds,UK,UK,ACH,0,,0,LOW,,
3830,2026-05-07 15:06:06,3709430533,9098452243,9463.3,UK pounds,UK pounds,UK,UK,Debit card,1,Large-Cash-Transaction; Structuring/Smurfing,65,HIGH,LargeTransaction|Smurfing,"Transaction amount 9,463.30 UK pounds exceeds threshold of 8,000.00; Smurfing: account '3709430533' made 22 transactions totalling 164,194.78 within 24h (each below 9,999.00 threshold)"
3831,2026-05-07 15:06:07,2239858883,3546760302,1202.48,UK pounds,UK pounds,UK,UK,ACH,0,Fan-Out/Money-Mule,20,LOW,RapidMovement,"RapidMovement: account '3546760302' received 1,202.48 then re-sent 3,981.60 (331.1%) within 24h"
3832,2026-05-07 15:06:13,4883335294,1615861082,8838.17,UK pounds,UK pounds,UK,UK,ACH,0,Large-Cash-Transaction,25,LOW,LargeTransaction,"Transaction amount 8,838.17 UK pounds exceeds threshold of 8,000.00"
3833,2026-05-07 15:06:13,8121014003,1316458123,6424.07,UK pounds,Mexican Peso,UK,Mexico,Cross-border,0,,0,LOW,,
3834,2026-05-07 15:06:14,8166392165,8006681784,5114.73,UK pounds,Turkish lira,UK,Turkey,Cross-border,0,,0,LOW,,
3835,2026-05-07 15:06:16,5291333275,6953672776,12752.3,UK pounds,Mexican Peso,UK,Mexico,Cross-border,0,Large-Cash-Transaction,25,LOW,LargeTransaction,"Transaction amount 12,752.30 UK pounds exceeds threshold of 8,000.00"
3836,2026-05-07 15:06:18,4718828209,5218559868,2839.27,UK pounds,UK pounds,UK,UK,Cheque,0,,0,LOW,,
3837,2026-05-07 15:06:31,1915450576,2877524268,6468.63,UK pounds,UK pounds,UK,UK,Credit card,1,Structuring/Smurfing,40,MEDIUM,Smurfing,"Smurfing: account '1915450576' made 22 transactions totalling 130,119.85 within 24h (each below 9,999.00 threshold)"
3838,2026-05-07 15:06:31,2365007895,2695185687,7876.6,UK pounds,UK pounds,UK,UK,Credit card,1,Structuring/Smurfing,40,MEDIUM,Smurfing,"Smurfing: account '2365007895' made 19 transactions totalling 142,602.31 within 24h (each below 9,999.00 threshold)"
3839,2026-05-07 15:06:35,6431038386,4336977506,12725.53,UK pounds,UK pounds,UK,UK,Debit card,0,Large-Cash-Transaction,25,LOW,LargeTransaction,"Transaction amount 12,725.53 UK pounds exceeds threshold of 8,000.00"
3840,2026-05-07 15:06:35,7556603312,7965751880,423.44,UK pounds,UK pounds,UK,UK,ACH,0,,0,LOW,,
3841,2026-05-07 15:06:37,7512140206,6646502650,7938.85,UK pounds,Euro,UK,France,Cross-border,0,,0,LOW,,
3842,2026-05-07 15:06:45,7801836798,2276037284,916.53,UK pounds,UK pounds,UK,UK,Credit card,0,,0,LOW,,
3843,2026-05-07 15:06:46,2133070589,1377603863,14198.88,UK pounds,UK pounds,UK,UK,Cheque,0,Large-Cash-Transaction,25,LOW,LargeTransaction,"Transaction amount 14,198.88 UK pounds exceeds threshold of 8,000.00"
3844,2026-05-07 15:06:50,9824528001,7584791396,17572.3,UK pounds,UK pounds,UK,UK,ACH,0,Large-Cash-Transaction,25,LOW,LargeTransaction,"Transaction amount 17,572.30 UK pounds exceeds threshold of 8,000.00"
3845,2026-05-07 15:06:51,3403029944,1687522558,464.88,UK pounds,Naira,UK,UK,Credit card,0,,0,LOW,,
3846,2026-05-07 15:06:52,5601568252,6444220418,9157.78,UK pounds,UK pounds,UK,UK,Debit card,0,Large-Cash-Transaction,25,LOW,LargeTransaction,"Transaction amount 9,157.78 UK pounds exceeds threshold of 8,000.00"
3847,2026-05-07 15:06:52,9658628699,3695545812,12162.9,UK pounds,UK pounds,UK,UK,ACH,0,Large-Cash-Transaction,25,LOW,LargeTransaction,"Transaction amount 12,162.90 UK pounds exceeds threshold of 8,000.00"
3848,2026-05-07 15:07:00,7037591332,7199625988,5818.21,UK pounds,UK pounds,UK,UK,Cheque,0,,0,LOW,,
3849,2026-05-07 15:07:02,7925254892,2184651756,871.43,UK pounds,UK pounds,UK,UK,Debit card,0,,0,LOW,,
3850,2026-05-07 15:07:02,2206902878,5109623450,9789.16,UK pounds,UK pounds,UK,UK,ACH,0,Large-Cash-Transaction,25,LOW,LargeTransaction,"Transaction amount 9,789.16 UK pounds exceeds threshold of 8,000.00"
3851,2026-05-07 15:07:02,3688525533,8678802420,21862.85,UK pounds,UK pounds,UK,UK,Credit card,0,Large-Cash-Transaction,25,LOW,LargeTransaction,"Transaction amount 21,862.85 UK pounds exceeds threshold of 8,000.00"
3852,2026-05-07 15:07:06,2484231014,1465487567,7274.09,UK pounds,UK pounds,UK,UK,Debit card,1,Structuring/Smurfing; Layering,65,HIGH,Smurfing|Layering,"Smurfing: account '2484231014' made 4 transactions totalling 29,016.12 within 24h (each below 9,999.00 threshold); Fan-in: receiver 1465487567 received from 12 distinct senders within 72h (chain amount: 300,305.49, threshold: 10,000.00)"
3853,2026-05-07 15:07:06,3662109671,9656786717,1794.14,Dirham,UK pounds,UAE,UK,Cross-border,0,,0,LOW,,
3854,2026-05-07 15:07:07,6057444675,9106702668,12028.4,UK pounds,UK pounds,UK,UK,Cheque,0,Large-Cash-Transaction,25,LOW,LargeTransaction,"Transaction amount 12,028.40 UK pounds exceeds threshold of 8,000.00"
3855,2026-05-07 15:07:08,3359035819,4193525220,17758.16,UK pounds,UK pounds,UK,UK,Cheque,0,Large-Cash-Transaction,25,LOW,LargeTransaction,"Transaction amount 17,758.16 UK pounds exceeds threshold of 8,000.00"
3856,2026-05-07 15:07:08,9572437179,7199625988,6639.26,UK pounds,UK pounds,UK,UK,Cheque,1,Structuring/Smurfing,40,MEDIUM,Smurfing,"Smurfing: account '9572437179' made 3 transactions totalling 19,964.57 within 24h (each below 9,999.00 threshold)"
3857,2026-05-07 15:07:16,9513188823,995728889,707.09,UK pounds,UK pounds,UK,UK,Credit card,0,,0,LOW,,
3858,2026-05-07 15:07:20,8456279067,1212654276,7068.12,UK pounds,UK pounds,UK,UK,ACH,1,Structuring/Smurfing,40,MEDIUM,Smurfing,"Smurfing: account '8456279067' made 22 transactions totalling 164,784.81 within 24h (each below 9,999.00 threshold)"
3859,2026-05-07 15:07:23,2349383843,4243740716,15852.6,UK pounds,UK pounds,UK,UK,ACH,0,Large-Cash-Transaction,25,LOW,LargeTransaction,"Transaction amount 15,852.60 UK pounds exceeds threshold of 8,000.00"
3860,2026-05-07 15:07:27,7700588772,9105769228,6530.24,UK pounds,UK pounds,UK,UK,ACH,0,,0,LOW,,
3861,2026-05-07 15:07:28,9136318143,2138505015,7197.91,UK pounds,Dirham,UK,UAE,Cross-border,1,Structuring/Smurfing,40,MEDIUM,Smurfing,"Smurfing: account '9136318143' made 3 transactions totalling 21,630.00 within 24h (each below 9,999.00 threshold)"
3862,2026-05-07 15:07:28,457805388,6658120999,303.96,UK pounds,UK pounds,UK,UK,Cash Deposit,0,,0,LOW,,
3863,2026-05-07 15:07:35,9018100384,3585939959,2898.12,UK pounds,UK pounds,UK,UK,ACH,0,,0,LOW,,
3864,2026-05-07 15:07:41,9491559382,5030330249,5939.95,UK pounds,UK pounds,UK,UK,Credit card,0,,0,LOW,,
3865,2026-05-07 15:07:45,6254659797,7495061395,697.22,UK pounds,UK pounds,UK,UK,Debit card,0,Fan-Out/Money-Mule,20,LOW,RapidMovement,RapidMovement: part of rapid fund re-dispatch from account '6254659797'
3866,2026-05-07 15:07:47,5530657888,3952446692,1055.64,UK pounds,UK pounds,UK,UK,ACH,0,,0,LOW,,
3867,2026-05-07 15:07:49,2562020395,1431561040,10048.85,UK pounds,UK pounds,UK,UK,Credit card,0,Large-Cash-Transaction,25,LOW,LargeTransaction,"Transaction amount 10,048.85 UK pounds exceeds threshold of 8,000.00"
3868,2026-05-07 15:07:51,3510078932,360722730,10214.7,UK pounds,UK pounds,UK,UK,Debit card,0,Large-Cash-Transaction,25,LOW,LargeTransaction,"Transaction amount 10,214.70 UK pounds exceeds threshold of 8,000.00"
3869,2026-05-07 15:07:52,5021785800,2635664422,4677.45,UK pounds,Turkish lira,UK,Turkey,Cross-border,1,Structuring/Smurfing,40,MEDIUM,Smurfing,"Smurfing: account '5021785800' made 22 transactions totalling 142,001.03 within 24h (each below 9,999.00 threshold)"
3870,2026-05-07 15:07:52,4944370132,1316458123,10590.36,UK pounds,Mexican Peso,UK,Mexico,Cross-border,0,Large-Cash-Transaction,25,LOW,LargeTransaction,"Transaction amount 10,590.36 UK pounds exceeds threshold of 8,000.00"
3871,2026-05-07 15:07:53,4925047798,4270865741,9938.69,UK pounds,UK pounds,UK,UK,ACH,1,Large-Cash-Transaction; Structuring/Smurfing,65,HIGH,LargeTransaction|Smurfing,"Transaction amount 9,938.69 UK pounds exceeds threshold of 8,000.00; Smurfing: account '4925047798' made 3 transactions totalling 29,773.80 within 24h (each below 9,999.00 threshold)"
3872,2026-05-07 15:07:55,1378784400,1672094971,8975.67,UK pounds,UK pounds,UK,UK,Debit card,1,Large-Cash-Transaction; Structuring/Smurfing,65,HIGH,LargeTransaction|Smurfing,"Transaction amount 8,975.67 UK pounds exceeds threshold of 8,000.00; Smurfing: account '1378784400' made 25 transactions totalling 164,814.69 within 24h (each below 9,999.00 threshold)"
3873,2026-05-07 15:07:55,679258865,8566764671,8342.34,UK pounds,UK pounds,UK,UK,Cheque,0,Large-Cash-Transaction,25,LOW,LargeTransaction,"Transaction amount 8,342.34 UK pounds exceeds threshold of 8,000.00"
3874,2026-05-07 15:07:58,7758268667,9088520781,4502.02,UK pounds,UK pounds,UK,UK,Debit card,1,Structuring/Smurfing,40,MEDIUM,Smurfing,"Smurfing: account '7758268667' made 27 transactions totalling 209,466.56 within 24h (each below 9,999.00 threshold)"
3875,2026-05-07 15:07:58,4592390313,8114537680,9557.7,UK pounds,UK pounds,UK,UK,Cheque,0,Large-Cash-Transaction,25,LOW,LargeTransaction,"Transaction amount 9,557.70 UK pounds exceeds threshold of 8,000.00"
3876,2026-05-07 15:08:01,5027539859,8678802420,4961.46,UK pounds,UK pounds,UK,UK,Credit card,0,,0,LOW,,
3877,2026-05-07 15:08:02,9529928225,4173195094,6511.31,UK pounds,UK pounds,UK,UK,Cheque,0,,0,LOW,,
3878,2026-05-07 15:08:02,8902170280,4120394469,6681.59,UK pounds,UK pounds,UK,UK,Cheque,0,,0,LOW,,
3879,2026-05-07 15:08:03,1798394750,8520777842,1753.65,UK pounds,UK pounds,UK,UK,Debit card,0,,0,LOW,,
3880,2026-05-07 15:08:05,7944277938,3781066654,1737.91,UK pounds,UK pounds,UK,UK,ACH,0,,0,LOW,,
3881,2026-05-07 15:08:07,7669236826,2595978516,9734.68,UK pounds,UK pounds,UK,UK,Debit card,1,Large-Cash-Transaction; Structuring/Smurfing,65,HIGH,LargeTransaction|Smurfing,"Transaction amount 9,734.68 UK pounds exceeds threshold of 8,000.00; Smurfing: account '7669236826' made 22 transactions totalling 163,075.89 within 24h (each below 9,999.00 threshold)"
3882,2026-05-07 15:08:07,8097934495,9864529162,2476.61,UK pounds,UK pounds,UK,UK,Credit card,0,,0,LOW,,
3883,2026-05-07 15:08:10,1355621201,1808188492,380.83,UK pounds,UK pounds,UK,UK,Cash Deposit,0,,0,LOW,,
3884,2026-05-07 15:08:13,8411480598,5903327536,4848.65,UK pounds,UK pounds,UK,UK,Cash Deposit,0,,0,LOW,,
3885,2026-05-07 15:08:13,5496730550,2995966102,3574.58,UK pounds,UK pounds,UK,UK,Credit card,0,,0,LOW,,
3886,2026-05-07 15:08:14,8159507002,9366055856,4866.2,UK pounds,UK pounds,UK,UK,Credit card,0,,0,LOW,,
3887,2026-05-07 15:08:16,9400237927,3770760122,3130.54,UK pounds,UK pounds,UK,UK,Credit card,0,,0,LOW,,
3888,2026-05-07 15:08:22,5376542601,910029929,536.33,UK pounds,UK pounds,UK,UK,Cheque,0,,0,LOW,,
3889,2026-05-07 15:08:23,5965536428,2971893279,1154.6,UK pounds,UK pounds,UK,UK,Credit card,0,,0,LOW,,
3890,2026-05-07 15:08:27,2584559390,3066321263,18314.08,UK pounds,UK pounds,UK,UK,ACH,0,Large-Cash-Transaction,25,LOW,LargeTransaction,"Transaction amount 18,314.08 UK pounds exceeds threshold of 8,000.00"
3891,2026-05-07 15:08:30,8284983101,5896180453,10049.28,UK pounds,UK pounds,UK,UK,Cheque,0,Large-Cash-Transaction,25,LOW,LargeTransaction,"Transaction amount 10,049.28 UK pounds exceeds threshold of 8,000.00"
3892,2026-05-07 15:08:30,1043505774,6953672776,6044.72,UK pounds,Mexican Peso,UK,Mexico,Cross-border,1,Structuring/Smurfing,40,MEDIUM,Smurfing,"Smurfing: account '1043505774' made 4 transactions totalling 24,432.08 within 24h (each below 9,999.00 threshold)"
3893,2026-05-07 15:08:31,6086421020,1695365423,6499.64,UK pounds,UK pounds,UK,UK,Credit card,1,Structuring/Smurfing,40,MEDIUM,Smurfing,"Smurfing: account '6086421020' made 29 transactions totalling 202,537.38 within 24h (each below 9,999.00 threshold)"
3894,2026-05-07 15:08:33,8449370496,633749510,1174.64,UK pounds,UK pounds,UK,UK,ACH,0,,0,LOW,,
3895,2026-05-07 15:08:39,4332882742,5858369125,13323.54,UK pounds,UK pounds,UK,UK,Cheque,0,Large-Cash-Transaction,25,LOW,LargeTransaction,"Transaction amount 13,323.54 UK pounds exceeds threshold of 8,000.00"
3896,2026-05-07 15:08:44,7348543021,580554949,4907.33,UK pounds,Euro,UK,Germany,Cross-border,0,,0,LOW,,
3897,2026-05-07 15:08:46,6721360830,358533678,2822.77,UK pounds,Naira,UK,Nigeria,Cross-border,0,,0,LOW,,
3898,2026-05-07 15:08:46,8060333204,6191422813,14766.95,UK pounds,UK pounds,UK,UK,Debit card,0,Large-Cash-Transaction,25,LOW,LargeTransaction,"Transaction amount 14,766.95 UK pounds exceeds threshold of 8,000.00"
3899,2026-05-07 15:08:47,5626821295,660794896,7549.02,UK pounds,UK pounds,UK,UK,Credit card,0,,0,LOW,,
3900,2026-05-07 15:08:48,1039261140,1465487567,16350.44,UK pounds,UK pounds,UK,UK,Cheque,1,Large-Cash-Transaction; Layering,50,MEDIUM,LargeTransaction|Layering,"Transaction amount 16,350.44 UK pounds exceeds threshold of 8,000.00; Fan-in: receiver 1465487567 received from 12 distinct senders within 72h (chain amount: 316,655.93, threshold: 10,000.00)"
3901,2026-05-07 15:08:55,1860276721,3220735304,8231.13,UK pounds,UK pounds,UK,UK,Debit card,0,Large-Cash-Transaction,25,LOW,LargeTransaction,"Transaction amount 8,231.13 UK pounds exceeds threshold of 8,000.00"
3902,2026-05-07 15:08:56,9238222086,8657806416,3451.68,UK pounds,UK pounds,UK,UK,Cheque,0,,0,LOW,,
3903,2026-05-07 15:08:58,6116657264,1509953998,7816.38,UK pounds,UK pounds,UK,UK,ACH,1,Structuring/Smurfing,40,MEDIUM,Smurfing,"Smurfing: account '6116657264' made 17 transactions totalling 103,482.79 within 24h (each below 9,999.00 threshold)"
3904,2026-05-07 15:09:00,2317374633,5249159861,8333.33,UK pounds,UK pounds,UK,UK,Debit card,0,Large-Cash-Transaction,25,LOW,LargeTransaction,"Transaction amount 8,333.33 UK pounds exceeds threshold of 8,000.00"
3905,2026-05-07 15:09:00,5021785800,737679962,4544.17,UK pounds,UK pounds,UK,UK,Credit card,1,Structuring/Smurfing,40,MEDIUM,Smurfing,"Smurfing: account '5021785800' made 23 transactions totalling 146,545.20 within 24h (each below 9,999.00 threshold)"
3906,2026-05-07 15:09:00,7421451752,887047763,11434.32,UK pounds,UK pounds,UK,UK,Cheque,0,Large-Cash-Transaction,25,LOW,LargeTransaction,"Transaction amount 11,434.32 UK pounds exceeds threshold of 8,000.00"
3907,2026-05-07 15:09:00,6057444675,8861171324,10749.75,UK pounds,UK pounds,UK,UK,ACH,0,Large-Cash-Transaction,25,LOW,LargeTransaction,"Transaction amount 10,749.75 UK pounds exceeds threshold of 8,000.00"
3908,2026-05-07 15:09:03,4752770124,7145261850,32313.25,Naira,UK pounds,Nigeria,UK,Cross-border,0,Large-Cash-Transaction,25,LOW,LargeTransaction,"Transaction amount 32,313.25 Naira exceeds threshold of 10,000.00"
3909,2026-05-07 15:09:04,9670851538,3555966786,2219.94,UK pounds,UK pounds,UK,UK,ACH,0,,0,LOW,,
3910,2026-05-07 15:09:04,5096058464,9457045039,6960.08,UK pounds,UK pounds,UK,UK,Credit card,0,,0,LOW,,
3911,2026-05-07 15:09:06,8284983101,5896180453,10026.79,UK pounds,UK pounds,UK,UK,Debit card,0,Large-Cash-Transaction,25,LOW,LargeTransaction,"Transaction amount 10,026.79 UK pounds exceeds threshold of 8,000.00"
3912,2026-05-07 15:09:07,3546760302,2239858883,3981.6,UK pounds,UK pounds,UK,UK,Cheque,0,Fan-Out/Money-Mule,20,LOW,RapidMovement,RapidMovement: part of rapid fund re-dispatch from account '3546760302'
3913,2026-05-07 15:09:11,245189925,7639334943,125.21,UK pounds,UK pounds,UK,UK,Cash Withdrawal,0,,0,LOW,,
3914,2026-05-07 15:09:13,6771649311,9086775443,311.54,UK pounds,UK pounds,UK,UK,ACH,0,,0,LOW,,
3915,2026-05-07 15:09:13,9223218274,6025633506,8601.61,UK pounds,UK pounds,UK,UK,ACH,0,Large-Cash-Transaction,25,LOW,LargeTransaction,"Transaction amount 8,601.61 UK pounds exceeds threshold of 8,000.00"
3916,2026-05-07 15:09:15,1129649621,746841941,3183.02,UK pounds,UK pounds,UK,UK,Debit card,0,,0,LOW,,
3917,2026-05-07 15:09:15,8876576612,8518184956,11778.21,UK pounds,UK pounds,UK,UK,Credit card,0,Large-Cash-Transaction,25,LOW,LargeTransaction,"Transaction amount 11,778.21 UK pounds exceeds threshold of 8,000.00"
3918,2026-05-07 15:09:16,151158173,1493436023,21309.44,UK pounds,UK pounds,UK,UK,Credit card,0,Large-Cash-Transaction,25,LOW,LargeTransaction,"Transaction amount 21,309.44 UK pounds exceeds threshold of 8,000.00"
3919,2026-05-07 15:09:18,7669236826,8384550734,4862.98,UK pounds,UK pounds,UK,UK,ACH,1,Structuring/Smurfing,40,MEDIUM,Smurfing,"Smurfing: account '7669236826' made 23 transactions totalling 167,938.87 within 24h (each below 9,999.00 threshold)"
3920,2026-05-07 15:09:19,9863926705,4062220947,961.55,UK pounds,UK pounds,UK,UK,Debit card,0,,0,LOW,,
3921,2026-05-07 15:09:23,6841291557,7301720296,830.79,UK pounds,UK pounds,UK,UK,Credit card,0,,0,LOW,,
3922,2026-05-07 15:09:27,2618676189,9163050101,2825.09,UK pounds,UK pounds,UK,UK,Debit card,1,Structuring/Smurfing,40,MEDIUM,Smurfing,"Smurfing: account '2618676189' made 3 transactions totalling 14,311.93 within 24h (each below 9,999.00 threshold)"
3923,2026-05-07 15:09:27,5021785800,7659797939,5805.5,UK pounds,UK pounds,UK,UK,Credit card,1,Structuring/Smurfing,40,MEDIUM,Smurfing,"Smurfing: account '5021785800' made 24 transactions totalling 152,350.70 within 24h (each below 9,999.00 threshold)"
3924,2026-05-07 15:09:29,1378784400,9278521151,6982.28,UK pounds,UK pounds,UK,UK,ACH,1,Structuring/Smurfing,40,MEDIUM,Smurfing,"Smurfing: account '1378784400' made 26 transactions totalling 171,796.97 within 24h (each below 9,999.00 threshold)"
3925,2026-05-07 15:09:34,4712930207,1493436023,13383.32,UK pounds,UK pounds,UK,UK,Debit card,0,Large-Cash-Transaction,25,LOW,LargeTransaction,"Transaction amount 13,383.32 UK pounds exceeds threshold of 8,000.00"
3926,2026-05-07 15:09:35,5063182677,8751666340,2302.05,UK pounds,UK pounds,UK,UK,Debit card,0,,0,LOW,,
3927,2026-05-07 15:09:35,8106457917,1197278000,4237.72,UK pounds,UK pounds,UK,UK,Debit card,0,,0,LOW,,
3928,2026-05-07 15:09:35,3510078932,2749487707,8091.01,UK pounds,Euro,UK,France,Cross-border,1,Large-Cash-Transaction; Structuring/Smurfing,65,HIGH,LargeTransaction|Smurfing,"Transaction amount 8,091.01 UK pounds exceeds threshold of 8,000.00; Smurfing: account '3510078932' made 27 transactions totalling 185,921.18 within 24h (each below 9,999.00 threshold)"
3929,2026-05-07 15:09:36,3709430533,3402269996,7948.17,UK pounds,UK pounds,UK,UK,Debit card,1,Structuring/Smurfing,40,MEDIUM,Smurfing,"Smurfing: account '3709430533' made 23 transactions totalling 172,142.95 within 24h (each below 9,999.00 threshold)"
3930,2026-05-07 15:09:37,2309213364,5109623450,7666.36,UK pounds,UK pounds,UK,UK,Credit card,1,Structuring/Smurfing,40,MEDIUM,Smurfing,"Smurfing: account '2309213364' made 3 transactions totalling 22,900.68 within 24h (each below 9,999.00 threshold)"
3931,2026-05-07 15:09:37,7814060053,6444220418,9605.25,UK pounds,UK pounds,UK,UK,Cheque,0,Large-Cash-Transaction,25,LOW,LargeTransaction,"Transaction amount 9,605.25 UK pounds exceeds threshold of 8,000.00"
3932,2026-05-07 15:09:40,6465379597,9010121018,478.52,UK pounds,UK pounds,UK,UK,Debit card,0,,0,LOW,,
3933,2026-05-07 15:09:41,5350575484,7558801215,489.51,UK pounds,Euro,UK,Spain,Cross-border,0,,0,LOW,,
3934,2026-05-07 15:09:45,7501327339,8617863283,5718.08,UK pounds,UK pounds,UK,UK,ACH,1,Structuring/Smurfing,40,MEDIUM,Smurfing,"Smurfing: account '7501327339' made 23 transactions totalling 158,938.52 within 24h (each below 9,999.00 threshold)"
3935,2026-05-07 15:09:46,4785046502,3249155479,2251.98,UK pounds,UK pounds,UK,UK,Cheque,0,,0,LOW,,
3936,2026-05-07 15:09:48,5841862654,822936210,6109.73,UK pounds,UK pounds,UK,UK,Credit card,0,,0,LOW,,
3937,2026-05-07 15:09:50,1088949328,6444220418,4793.24,UK pounds,UK pounds,UK,UK,Credit card,1,Structuring/Smurfing,40,MEDIUM,Smurfing,"Smurfing: account '1088949328' made 3 transactions totalling 14,320.10 within 24h (each below 9,999.00 threshold)"
3938,2026-05-07 15:09:55,6462347177,6444220418,15755.91,UK pounds,UK pounds,UK,UK,Debit card,0,Large-Cash-Transaction,25,LOW,LargeTransaction,"Transaction amount 15,755.91 UK pounds exceeds threshold of 8,000.00"
3939,2026-05-07 15:09:55,9226756684,5858369125,17352.76,UK pounds,UK pounds,UK,UK,Cheque,0,Large-Cash-Transaction,25,LOW,LargeTransaction,"Transaction amount 17,352.76 UK pounds exceeds threshold of 8,000.00"
3940,2026-05-07 15:09:56,9334092695,4997682194,1026.23,Euro,UK pounds,Austria,UK,Cross-border,0,,0,LOW,,
3941,2026-05-07 15:09:56,3139063868,2187208633,5728.47,UK pounds,UK pounds,UK,UK,Debit card,0,,0,LOW,,
3942,2026-05-07 15:09:59,1378759721,9263312629,743.03,UK pounds,UK pounds,UK,UK,Debit card,0,,0,LOW,,
3943,2026-05-07 15:10:01,6904668523,6960206116,22558.34,UK pounds,UK pounds,UK,UK,ACH,0,Large-Cash-Transaction,25,LOW,LargeTransaction,"Transaction amount 22,558.34 UK pounds exceeds threshold of 8,000.00"
3944,2026-05-07 15:10:02,438732019,3708854996,2364.56,UK pounds,UK pounds,UK,UK,Cheque,0,,0,LOW,,
3945,2026-05-07 15:10:05,2323402355,2484926509,1267.23,UK pounds,UK pounds,UK,UK,Debit card,0,,0,LOW,,
3946,2026-05-07 15:10:06,9613631583,89364221,1269.25,UK pounds,UK pounds,UK,UK,Debit card,0,,0,LOW,,
3947,2026-05-07 15:10:09,4325749007,8502197921,1183.3,UK pounds,UK pounds,UK,UK,ACH,0,,0,LOW,,
3948,2026-05-07 15:10:13,3614082527,2483418869,7645.4,UK pounds,UK pounds,UK,UK,ACH,1,Structuring/Smurfing,40,MEDIUM,Smurfing,"Smurfing: account '3614082527' made 20 transactions totalling 148,493.52 within 24h (each below 9,999.00 threshold)"
3949,2026-05-07 15:10:21,4572993923,6034997194,17652.22,UK pounds,UK pounds,UK,UK,Cheque,0,Large-Cash-Transaction,25,LOW,LargeTransaction,"Transaction amount 17,652.22 UK pounds exceeds threshold of 8,000.00"
3950,2026-05-07 15:10:24,9746384104,6333926499,13246.83,UK pounds,UK pounds,UK,UK,Debit card,0,Large-Cash-Transaction,25,LOW,LargeTransaction,"Transaction amount 13,246.83 UK pounds exceeds threshold of 8,000.00"
3951,2026-05-07 15:10:24,6713685437,8044089316,11393.68,UK pounds,UK pounds,UK,UK,Debit card,0,Large-Cash-Transaction,25,LOW,LargeTransaction,"Transaction amount 11,393.68 UK pounds exceeds threshold of 8,000.00"
3952,2026-05-07 15:10:26,2914881748,3970321300,375.63,UK pounds,UK pounds,UK,UK,Cash Deposit,0,,0,LOW,,
3953,2026-05-07 15:10:27,456861257,8618963062,3274.87,UK pounds,UK pounds,UK,UK,Credit card,0,,0,LOW,,
3954,2026-05-07 15:10:28,8952177221,6404529552,7751.67,UK pounds,UK pounds,UK,UK,Credit card,1,Structuring/Smurfing,40,MEDIUM,Smurfing,"Smurfing: account '8952177221' made 15 transactions totalling 109,342.34 within 24h (each below 9,999.00 threshold)"
3955,2026-05-07 15:10:30,3370815748,404350545,151.85,UK pounds,UK pounds,UK,UK,Credit card,0,,0,LOW,,
3956,2026-05-07 15:10:34,515393079,1449820061,106.86,UK pounds,UK pounds,UK,UK,Cheque,0,,0,LOW,,
3957,2026-05-07 15:10:40,675669049,4898116032,12020.26,UK pounds,UK pounds,UK,UK,Credit card,0,Large-Cash-Transaction,25,LOW,LargeTransaction,"Transaction amount 12,020.26 UK pounds exceeds threshold of 8,000.00"
3958,2026-05-07 15:10:43,6179186955,1501116152,188.29,UK pounds,UK pounds,UK,UK,Cash Withdrawal,0,,0,LOW,,
3959,2026-05-07 15:10:46,2981214459,7160736915,5563.25,UK pounds,UK pounds,UK,UK,Credit card,1,Structuring/Smurfing,40,MEDIUM,Smurfing,"Smurfing: account '2981214459' made 3 transactions totalling 16,612.72 within 24h (each below 9,999.00 threshold)"
3960,2026-05-07 15:10:47,937478447,1213092386,786.52,UK pounds,UK pounds,UK,UK,ACH,0,,0,LOW,,
3961,2026-05-07 15:10:48,8389148416,8705942251,7417.74,UK pounds,UK pounds,UK,UK,Cheque,1,Structuring/Smurfing,40,MEDIUM,Smurfing,"Smurfing: account '8389148416' made 17 transactions totalling 119,335.66 within 24h (each below 9,999.00 threshold)"
3962,2026-05-07 15:10:53,9105403905,4134649120,4731.4,UK pounds,UK pounds,UK,UK,Cheque,0,,0,LOW,,
3963,2026-05-07 15:10:59,8544122403,1492677967,1173.34,UK pounds,UK pounds,UK,UK,Cheque,0,,0,LOW,,
3964,2026-05-07 15:11:01,5021785800,9085148554,10394.01,UK pounds,UK pounds,UK,UK,ACH,0,Large-Cash-Transaction,25,LOW,LargeTransaction,"Transaction amount 10,394.01 UK pounds exceeds threshold of 8,000.00"
3965,2026-05-07 15:11:07,1375272207,1187175785,327.9,UK pounds,UK pounds,UK,UK,Cheque,0,,0,LOW,,
3966,2026-05-07 15:11:09,374414130,3220735304,10470.69,UK pounds,UK pounds,UK,UK,Cheque,0,Large-Cash-Transaction,25,LOW,LargeTransaction,"Transaction amount 10,470.69 UK pounds exceeds threshold of 8,000.00"
3967,2026-05-07 15:11:09,9328867809,3389714670,2900.65,UK pounds,UK pounds,UK,UK,Cash Deposit,0,,0,LOW,,
3968,2026-05-07 15:11:16,8319450654,8132533239,8750.77,UK pounds,UK pounds,UK,UK,ACH,0,Large-Cash-Transaction,25,LOW,LargeTransaction,"Transaction amount 8,750.77 UK pounds exceeds threshold of 8,000.00"
3969,2026-05-07 15:11:20,2933176962,6855935396,13037.47,UK pounds,UK pounds,UK,UK,Cheque,0,Large-Cash-Transaction,25,LOW,LargeTransaction,"Transaction amount 13,037.47 UK pounds exceeds threshold of 8,000.00"
3970,2026-05-07 15:11:22,2300229268,4733745386,16444.82,Turkish lira,UK pounds,Turkey,UK,Cross-border,0,Large-Cash-Transaction,25,LOW,LargeTransaction,"Transaction amount 16,444.82 Turkish lira exceeds threshold of 10,000.00"
3971,2026-05-07 15:11:32,3955168002,3875316760,2013.87,UK pounds,UK pounds,UK,UK,Credit card,0,,0,LOW,,
3972,2026-05-07 15:11:40,7739209803,7885448395,112.85,UK pounds,UK pounds,UK,UK,Cash Withdrawal,0,,0,LOW,,
3973,2026-05-07 15:11:41,1378784400,7897279705,5304.61,UK pounds,UK pounds,UK,UK,Credit card,1,Structuring/Smurfing,40,MEDIUM,Smurfing,"Smurfing: account '1378784400' made 27 transactions totalling 177,101.58 within 24h (each below 9,999.00 threshold)"
3974,2026-05-07 15:11:41,7324127303,8211145636,5637.91,UK pounds,UK pounds,UK,UK,Debit card,0,Fan-Out/Money-Mule,20,LOW,RapidMovement,RapidMovement: part of rapid fund re-dispatch from account '7324127303'
3975,2026-05-07 15:11:42,3709430533,7534701000,9041.02,Yen,UK pounds,UK,UK,ACH,1,Structuring/Smurfing,40,MEDIUM,Smurfing,"Smurfing: account '3709430533' made 24 transactions totalling 181,183.97 within 24h (each below 9,999.00 threshold)"
3976,2026-05-07 15:11:44,4587184588,6223365730,10566.91,UK pounds,UK pounds,UK,UK,Cheque,0,Large-Cash-Transaction,25,LOW,LargeTransaction,"Transaction amount 10,566.91 UK pounds exceeds threshold of 8,000.00"
3977,2026-05-07 15:11:45,4475611589,9536577713,428.81,UK pounds,UK pounds,UK,UK,ACH,0,,0,LOW,,
3978,2026-05-07 15:11:51,4666799975,4031435388,132.91,UK pounds,UK pounds,UK,UK,Credit card,0,,0,LOW,,
3979,2026-05-07 15:11:52,897605655,7558899101,15249.61,UK pounds,UK pounds,UK,UK,Debit card,0,Large-Cash-Transaction,25,LOW,LargeTransaction,"Transaction amount 15,249.61 UK pounds exceeds threshold of 8,000.00"
3980,2026-05-07 15:11:53,7501327339,5481350266,18397.89,UK pounds,UK pounds,UK,UK,Cheque,0,Large-Cash-Transaction,25,LOW,LargeTransaction,"Transaction amount 18,397.89 UK pounds exceeds threshold of 8,000.00"
3981,2026-05-07 15:11:54,6488309756,1425638292,7095.37,UK pounds,UK pounds,UK,UK,Debit card,0,,0,LOW,,
3982,2026-05-07 15:11:54,6044707108,9617779688,101940.24,UK pounds,UK pounds,UK,UK,Credit card,0,Large-Cash-Transaction,25,LOW,LargeTransaction,"Transaction amount 101,940.24 UK pounds exceeds threshold of 8,000.00"
3983,2026-05-07 15:11:54,6904668523,6643039893,7633.62,UK pounds,Mexican Peso,UK,Mexico,Cross-border,1,Structuring/Smurfing,40,MEDIUM,Smurfing,"Smurfing: account '6904668523' made 20 transactions totalling 146,113.54 within 24h (each below 9,999.00 threshold)"
3984,2026-05-07 15:11:55,9786906161,5746014488,390.2,UK pounds,UK pounds,UK,UK,ACH,0,,0,LOW,,
3985,2026-05-07 15:11:55,1919305107,4768796402,819.4,UK pounds,UK pounds,UK,UK,Cash Deposit,0,,0,LOW,,
3986,2026-05-07 15:11:59,9534729015,7689295746,5330.49,UK pounds,UK pounds,UK,UK,Debit card,1,Structuring/Smurfing,40,MEDIUM,Smurfing,"Smurfing: account '9534729015' made 11 transactions totalling 75,039.34 within 24h (each below 9,999.00 threshold)"
3987,2026-05-07 15:11:59,1491989064,8401255335,6070.38,UK pounds,Dirham,UK,UAE,Cross-border,1,Structuring/Smurfing,40,MEDIUM,Smurfing,"Smurfing: account '1491989064' made 13 transactions totalling 87,187.37 within 24h (each below 9,999.00 threshold)"
3988,2026-05-07 15:12:02,238664836,2557304994,600.08,UK pounds,Dirham,UK,UAE,Cross-border,0,,0,LOW,,
3989,2026-05-07 15:12:03,7501327339,2814280916,9389.94,UK pounds,UK pounds,UK,UK,Debit card,1,Large-Cash-Transaction; Structuring/Smurfing,65,HIGH,LargeTransaction|Smurfing,"Transaction amount 9,389.94 UK pounds exceeds threshold of 8,000.00; Smurfing: account '7501327339' made 24 transactions totalling 168,328.46 within 24h (each below 9,999.00 threshold)"
3990,2026-05-07 15:12:05,3442797640,8027621838,1543.88,UK pounds,UK pounds,UK,UK,Debit card,0,,0,LOW,,
3991,2026-05-07 15:12:07,1915450576,9391166135,17756.48,UK pounds,UK pounds,UK,UK,Credit card,0,Large-Cash-Transaction,25,LOW,LargeTransaction,"Transaction amount 17,756.48 UK pounds exceeds threshold of 8,000.00"
3992,2026-05-07 15:12:18,8987848252,338940099,8412.31,UK pounds,UK pounds,UK,UK,Credit card,1,Large-Cash-Transaction; Structuring/Smurfing,65,HIGH,LargeTransaction|Smurfing,"Transaction amount 8,412.31 UK pounds exceeds threshold of 8,000.00; Smurfing: account '8987848252' made 12 transactions totalling 82,772.12 within 24h (each below 9,999.00 threshold)"
3993,2026-05-07 15:12:22,3777768036,9868523743,2348.72,UK pounds,UK pounds,UK,UK,Credit card,0,,0,LOW,,
3994,2026-05-07 15:12:23,9262436552,145522688,397.73,UK pounds,UK pounds,UK,UK,Cheque,0,,0,LOW,,
3995,2026-05-07 15:12:30,4274191288,4617278936,1522.86,UK pounds,UK pounds,UK,UK,Cash Deposit,0,,0,LOW,,
3996,2026-05-07 15:12:31,1915450576,5162401694,10735.74,UK pounds,UK pounds,UK,UK,Debit card,0,Large-Cash-Transaction,25,LOW,LargeTransaction,"Transaction amount 10,735.74 UK pounds exceeds threshold of 8,000.00"
3997,2026-05-07 15:12:33,3590985538,3100107435,406.58,UK pounds,UK pounds,UK,UK,Debit card,0,,0,LOW,,
3998,2026-05-07 15:12:34,3510078932,1861324833,4492.1,UK pounds,UK pounds,UK,UK,ACH,1,Structuring/Smurfing,40,MEDIUM,Smurfing,"Smurfing: account '3510078932' made 28 transactions totalling 190,413.28 within 24h (each below 9,999.00 threshold)"
3999,2026-05-07 15:12:36,6057444675,8861171324,10644.11,UK pounds,UK pounds,UK,UK,ACH,0,Large-Cash-Transaction,25,LOW,LargeTransaction,"Transaction amount 10,644.11 UK pounds exceeds threshold of 8,000.00"
4000,2026-05-07 15:12:37,525950594,409707192,6136.33,UK pounds,UK pounds,UK,UK,ACH,0,,0,LOW,,
4001,2026-05-07 15:12:39,9762796943,1493436023,7944.58,UK pounds,UK pounds,UK,UK,ACH,1,Structuring/Smurfing,40,MEDIUM,Smurfing,"Smurfing: account '9762796943' made 4 transactions totalling 31,663.22 within 24h (each below 9,999.00 threshold)"
4002,2026-05-07 15:12:44,5264015348,6646502650,8558.37,UK pounds,Euro,UK,France,Cross-border,0,Large-Cash-Transaction,25,LOW,LargeTransaction,"Transaction amount 8,558.37 UK pounds exceeds threshold of 8,000.00"
4003,2026-05-07 15:12:51,2961824751,5353476261,318.76,UK pounds,UK pounds,UK,UK,Debit card,0,,0,LOW,,
4004,2026-05-07 15:12:52,190346689,5103043844,6440.79,UK pounds,Naira,UK,Nigeria,Cross-border,0,,0,LOW,,
4005,2026-05-07 15:12:54,7531180330,3369883837,1960.46,UK pounds,UK pounds,UK,UK,Cheque,0,,0,LOW,,
4006,2026-05-07 15:12:56,9081133856,6444220418,9513.23,UK pounds,UK pounds,UK,UK,ACH,0,Large-Cash-Transaction,25,LOW,LargeTransaction,"Transaction amount 9,513.23 UK pounds exceeds threshold of 8,000.00"
4007,2026-05-07 15:13:03,5396748228,9105769228,25074.38,UK pounds,UK pounds,UK,UK,Cheque,0,Large-Cash-Transaction,25,LOW,LargeTransaction,"Transaction amount 25,074.38 UK pounds exceeds threshold of 8,000.00"
4008,2026-05-07 15:13:03,3452368468,2111706195,14838.3,UK pounds,UK pounds,UK,UK,Debit card,0,Large-Cash-Transaction,25,LOW,LargeTransaction,"Transaction amount 14,838.30 UK pounds exceeds threshold of 8,000.00"
4009,2026-05-07 15:13:12,3168051873,6883932008,10247.7,UK pounds,UK pounds,UK,UK,ACH,0,Large-Cash-Transaction,25,LOW,LargeTransaction,"Transaction amount 10,247.70 UK pounds exceeds threshold of 8,000.00"
4010,2026-05-07 15:13:16,1343121729,7080357663,8587.48,UK pounds,UK pounds,UK,UK,Debit card,0,Large-Cash-Transaction,25,LOW,LargeTransaction,"Transaction amount 8,587.48 UK pounds exceeds threshold of 8,000.00"
4011,2026-05-07 15:13:16,6460867701,8700037078,905.42,UK pounds,UK pounds,UK,UK,Credit card,0,,0,LOW,,
4012,2026-05-07 15:13:19,2550670994,6768617024,5277.17,UK pounds,UK pounds,UK,UK,ACH,0,,0,LOW,,
4013,2026-05-07 15:13:20,4702145766,9418647955,4919.79,UK pounds,UK pounds,UK,UK,Debit card,0,,0,LOW,,
4014,2026-05-07 15:13:21,2941193087,1534976463,611.52,UK pounds,UK pounds,UK,UK,Cheque,0,,0,LOW,,
4015,2026-05-07 15:13:22,4172940309,7084814851,8834.56,UK pounds,UK pounds,UK,UK,Cheque,0,Large-Cash-Transaction,25,LOW,LargeTransaction,"Transaction amount 8,834.56 UK pounds exceeds threshold of 8,000.00"
4016,2026-05-07 15:13:24,8620546903,3066321263,5158.53,UK pounds,UK pounds,UK,UK,ACH,0,,0,LOW,,
4017,2026-05-07 15:13:25,5209161897,9428766637,1180.75,UK pounds,UK pounds,UK,UK,Credit card,0,,0,LOW,,
4018,2026-05-07 15:13:30,5469471854,1296278692,772.4,UK pounds,UK pounds,UK,UK,Cheque,0,,0,LOW,,
4019,2026-05-07 15:13:30,7847787592,7602581958,188.14,UK pounds,UK pounds,UK,UK,Cash Withdrawal,0,,0,LOW,,
4020,2026-05-07 15:13:32,2510302405,1676523434,687.55,UK pounds,UK pounds,UK,UK,ACH,0,,0,LOW,,
4021,2026-05-07 15:13:33,7965472676,6646502650,5393.3,UK pounds,Euro,UK,France,Cross-border,0,,0,LOW,,
4022,2026-05-07 15:13:34,2384042779,6339342347,10505.4,UK pounds,UK pounds,UK,UK,Debit card,0,Large-Cash-Transaction,25,LOW,LargeTransaction,"Transaction amount 10,505.40 UK pounds exceeds threshold of 8,000.00"
4023,2026-05-07 15:13:35,4274915728,7363259521,2069.65,UK pounds,UK pounds,UK,UK,Cheque,0,,0,LOW,,
4024,2026-05-07 15:13:35,2375484221,5110741229,2785.06,UK pounds,UK pounds,UK,UK,Cheque,0,,0,LOW,,
4025,2026-05-07 15:13:40,2921941084,2978297078,1144.09,UK pounds,UK pounds,UK,UK,Cheque,0,,0,LOW,,
4026,2026-05-07 15:13:43,5333549678,7160736915,13392.17,UK pounds,UK pounds,UK,UK,ACH,0,Large-Cash-Transaction,25,LOW,LargeTransaction,"Transaction amount 13,392.17 UK pounds exceeds threshold of 8,000.00"
4027,2026-05-07 15:13:45,4636916468,1001768606,483.7,UK pounds,UK pounds,UK,UK,ACH,0,,0,LOW,,
4028,2026-05-07 15:13:46,1343121729,7080357663,8510.59,UK pounds,UK pounds,UK,UK,Debit card,0,Large-Cash-Transaction,25,LOW,LargeTransaction,"Transaction amount 8,510.59 UK pounds exceeds threshold of 8,000.00"
4029,2026-05-07 15:13:47,3930127189,3220735304,19784.74,UK pounds,UK pounds,UK,UK,Debit card,0,Large-Cash-Transaction,25,LOW,LargeTransaction,"Transaction amount 19,784.74 UK pounds exceeds threshold of 8,000.00"
4030,2026-05-07 15:14:01,6404844146,5628674969,6727.89,UK pounds,UK pounds,UK,UK,Credit card,1,Structuring/Smurfing,40,MEDIUM,Smurfing,"Smurfing: account '6404844146' made 3 transactions totalling 19,925.38 within 24h (each below 9,999.00 threshold)"
4031,2026-05-07 15:14:02,6119196251,3079818547,7821.76,UK pounds,UK pounds,UK,UK,ACH,0,,0,LOW,,
4032,2026-05-07 15:14:07,9506650709,1603043614,1676.13,UK pounds,UK pounds,UK,UK,Cheque,0,,0,LOW,,
4033,2026-05-07 15:14:15,6313765955,5267598366,14277.44,UK pounds,UK pounds,UK,UK,Credit card,0,Large-Cash-Transaction,25,LOW,LargeTransaction,"Transaction amount 14,277.44 UK pounds exceeds threshold of 8,000.00"
4034,2026-05-07 15:14:15,1573450167,6953672776,10560.98,UK pounds,Mexican Peso,UK,Mexico,Cross-border,0,Large-Cash-Transaction,25,LOW,LargeTransaction,"Transaction amount 10,560.98 UK pounds exceeds threshold of 8,000.00"
4035,2026-05-07 15:14:20,195640366,7724104620,3219.43,UK pounds,Euro,UK,Germany,Cross-border,0,,0,LOW,,
4036,2026-05-07 15:14:21,2169136723,322481958,1055.04,UK pounds,UK pounds,UK,UK,Credit card,0,,0,LOW,,
4037,2026-05-07 15:14:28,4925047798,4270865741,9951.84,UK pounds,UK pounds,UK,UK,Debit card,1,Large-Cash-Transaction; Structuring/Smurfing,65,HIGH,LargeTransaction|Smurfing,"Transaction amount 9,951.84 UK pounds exceeds threshold of 8,000.00; Smurfing: account '4925047798' made 3 transactions totalling 29,773.80 within 24h (each below 9,999.00 threshold)"
4038,2026-05-07 15:14:29,1179981989,3979507024,563.28,UK pounds,UK pounds,UK,UK,ACH,0,,0,LOW,,
4039,2026-05-07 15:14:35,7695306517,1320927231,9529.77,UK pounds,UK pounds,UK,UK,ACH,1,Large-Cash-Transaction; Structuring/Smurfing,65,HIGH,LargeTransaction|Smurfing,"Transaction amount 9,529.77 UK pounds exceeds threshold of 8,000.00; Smurfing: account '7695306517' made 4 transactions totalling 38,175.57 within 24h (each below 9,999.00 threshold)"
4040,2026-05-07 15:14:39,9599009457,835931677,15343.52,UK pounds,UK pounds,UK,UK,Credit card,0,Large-Cash-Transaction,25,LOW,LargeTransaction,"Transaction amount 15,343.52 UK pounds exceeds threshold of 8,000.00"
4041,2026-05-07 15:14:40,6742623852,551907699,8621.22,UK pounds,UK pounds,UK,UK,Cheque,0,Large-Cash-Transaction,25,LOW,LargeTransaction,"Transaction amount 8,621.22 UK pounds exceeds threshold of 8,000.00"
4042,2026-05-07 15:14:42,1738940565,409707192,21163.38,UK pounds,UK pounds,UK,UK,Credit card,0,Large-Cash-Transaction,25,LOW,LargeTransaction,"Transaction amount 21,163.38 UK pounds exceeds threshold of 8,000.00"
4043,2026-05-07 15:14:43,2654356017,5713027485,6307.72,UK pounds,UK pounds,UK,UK,Debit card,0,,0,LOW,,
4044,2026-05-07 15:14:43,1670948762,6444220418,17638.84,UK pounds,UK pounds,UK,UK,ACH,0,Large-Cash-Transaction,25,LOW,LargeTransaction,"Transaction amount 17,638.84 UK pounds exceeds threshold of 8,000.00"
4045,2026-05-07 15:14:46,7620822410,6760489230,1693.78,UK pounds,UK pounds,UK,UK,ACH,0,,0,LOW,,
4046,2026-05-07 15:14:47,2661913651,7273693272,1578.18,UK pounds,UK pounds,UK,UK,ACH,0,,0,LOW,,
4047,2026-05-07 15:14:51,9746384104,2850057473,3465.13,UK pounds,Moroccan dirham,UK,Morocco,Cross-border,1,Structuring/Smurfing,40,MEDIUM,Smurfing,"Smurfing: account '9746384104' made 9 transactions totalling 46,007.82 within 24h (each below 9,999.00 threshold)"
4048,2026-05-07 15:14:51,2906190749,6034997194,18665.53,UK pounds,UK pounds,UK,UK,Debit card,0,Large-Cash-Transaction,25,LOW,LargeTransaction,"Transaction amount 18,665.53 UK pounds exceeds threshold of 8,000.00"
4049,2026-05-07 15:14:52,8463742774,1465487567,15132.1,UK pounds,UK pounds,UK,UK,Debit card,1,Large-Cash-Transaction; Layering,50,MEDIUM,LargeTransaction|Layering,"Transaction amount 15,132.10 UK pounds exceeds threshold of 8,000.00; Fan-in: receiver 1465487567 received from 12 distinct senders within 72h (chain amount: 331,788.03, threshold: 10,000.00)"
4050,2026-05-07 15:14:54,4770834194,2419344225,3033.52,UK pounds,UK pounds,UK,UK,Credit card,0,,0,LOW,,
4051,2026-05-07 15:14:54,7501327339,7122039154,5234.45,UK pounds,UK pounds,UK,UK,Credit card,1,Structuring/Smurfing,40,MEDIUM,Smurfing,"Smurfing: account '7501327339' made 25 transactions totalling 173,562.91 within 24h (each below 9,999.00 threshold)"
4052,2026-05-07 15:14:55,2608781977,3539521465,2993.22,UK pounds,UK pounds,UK,UK,Cheque,0,,0,LOW,,
4053,2026-05-07 15:15:02,3182765311,5798448994,43771.47,UK pounds,UK pounds,UK,UK,Credit card,0,Large-Cash-Transaction,25,LOW,LargeTransaction,"Transaction amount 43,771.47 UK pounds exceeds threshold of 8,000.00"
4054,2026-05-07 15:15:04,7669236826,7708305681,10264.26,UK pounds,UK pounds,UK,UK,Cheque,0,Large-Cash-Transaction,25,LOW,LargeTransaction,"Transaction amount 10,264.26 UK pounds exceeds threshold of 8,000.00"
4055,2026-05-07 15:15:08,2365007895,6618026760,11983.64,UK pounds,UK pounds,UK,UK,Debit card,0,Large-Cash-Transaction,25,LOW,LargeTransaction,"Transaction amount 11,983.64 UK pounds exceeds threshold of 8,000.00"
4056,2026-05-07 15:15:11,2933176962,6855935396,12852.29,UK pounds,UK pounds,UK,UK,ACH,0,Large-Cash-Transaction,25,LOW,LargeTransaction,"Transaction amount 12,852.29 UK pounds exceeds threshold of 8,000.00"
4057,2026-05-07 15:15:12,3452368468,4889103394,14834.13,UK pounds,UK pounds,UK,UK,Cheque,0,Large-Cash-Transaction,25,LOW,LargeTransaction,"Transaction amount 14,834.13 UK pounds exceeds threshold of 8,000.00"
4058,2026-05-07 15:15:15,527923824,8678802420,6049.71,UK pounds,UK pounds,UK,UK,Cheque,0,,0,LOW,,
4059,2026-05-07 15:15:16,8203229522,4419703232,9103.65,UK pounds,UK pounds,UK,UK,Cheque,1,Large-Cash-Transaction; Structuring/Smurfing,65,HIGH,LargeTransaction|Smurfing,"Transaction amount 9,103.65 UK pounds exceeds threshold of 8,000.00; Smurfing: account '8203229522' made 12 transactions totalling 76,068.68 within 24h (each below 9,999.00 threshold)"
4060,2026-05-07 15:15:17,8572039029,1431561040,10193.76,Euro,UK pounds,France,UK,Cross-border,0,Large-Cash-Transaction,25,LOW,LargeTransaction,"Transaction amount 10,193.76 Euro exceeds threshold of 9,000.00"
4061,2026-05-07 15:15:17,3425589428,5242070428,2529.45,UK pounds,UK pounds,UK,UK,Cash Deposit,0,,0,LOW,,
4062,2026-05-07 15:15:20,4737367377,9600420260,7927.34,UK pounds,UK pounds,UK,UK,Cheque,1,Structuring/Smurfing,40,MEDIUM,Smurfing,"Smurfing: account '4737367377' made 4 transactions totalling 31,548.08 within 24h (each below 9,999.00 threshold)"
4063,2026-05-07 15:15:21,5432764552,4619526314,2548.9,UK pounds,UK pounds,UK,UK,ACH,0,,0,LOW,,
4064,2026-05-07 15:15:22,7723120112,1431561040,8493.3,UK pounds,UK pounds,UK,UK,Cheque,1,Large-Cash-Transaction; Structuring/Smurfing,65,HIGH,LargeTransaction|Smurfing,"Transaction amount 8,493.30 UK pounds exceeds threshold of 8,000.00; Smurfing: account '7723120112' made 3 transactions totalling 25,458.44 within 24h (each below 9,999.00 threshold)"
4065,2026-05-07 15:15:24,1830920756,7584273148,5485.11,UK pounds,UK pounds,UK,UK,Debit card,0,,0,LOW,,
4066,2026-05-07 15:15:26,5689107026,1901624190,3294.54,UK pounds,UK pounds,UK,UK,Cheque,0,,0,LOW,,
4067,2026-05-07 15:15:26,4834071544,226693284,2245.19,UK pounds,UK pounds,UK,UK,Debit card,0,,0,LOW,,
4068,2026-05-07 15:15:35,1655000545,6675783866,62.51,UK pounds,UK pounds,UK,UK,Credit card,0,,0,LOW,,
4069,2026-05-07 15:15:38,1915450576,9391166135,17781.98,UK pounds,UK pounds,UK,UK,ACH,0,Large-Cash-Transaction,25,LOW,LargeTransaction,"Transaction amount 17,781.98 UK pounds exceeds threshold of 8,000.00"
4070,2026-05-07 15:15:39,8147726877,6646502650,11783.51,UK pounds,Euro,UK,France,Cross-border,0,Large-Cash-Transaction,25,LOW,LargeTransaction,"Transaction amount 11,783.51 UK pounds exceeds threshold of 8,000.00"
4071,2026-05-07 15:15:42,8456279067,2341493832,7942.81,UK pounds,UK pounds,UK,UK,Cheque,1,Structuring/Smurfing,40,MEDIUM,Smurfing,"Smurfing: account '8456279067' made 23 transactions totalling 172,727.62 within 24h (each below 9,999.00 threshold)"
4072,2026-05-07 15:15:43,6447841775,7080357663,11981.93,UK pounds,UK pounds,UK,UK,Credit card,0,Large-Cash-Transaction,25,LOW,LargeTransaction,"Transaction amount 11,981.93 UK pounds exceeds threshold of 8,000.00"
4073,2026-05-07 15:15:52,8370833748,6455688734,651253.79,UK pounds,UK pounds,UK,UK,Cheque,0,Large-Cash-Transaction,25,LOW,LargeTransaction,"Transaction amount 651,253.79 UK pounds exceeds threshold of 8,000.00"
4074,2026-05-07 15:15:52,1542959778,3993828704,43.31,UK pounds,UK pounds,UK,UK,Cash Withdrawal,0,,0,LOW,,
4075,2026-05-07 15:15:54,1426850668,4997414102,4957.41,UK pounds,UK pounds,UK,UK,ACH,0,,0,LOW,,
4076,2026-05-07 15:15:54,392547744,8882232082,2939.04,UK pounds,UK pounds,UK,UK,Debit card,0,,0,LOW,,
4077,2026-05-07 15:15:56,1481677505,8542052945,260.43,UK pounds,UK pounds,UK,UK,Cash Withdrawal,0,,0,LOW,,
4078,2026-05-07 15:15:57,2365128786,4261370624,626.94,UK pounds,UK pounds,UK,UK,Cheque,0,,0,LOW,,
4079,2026-05-07 15:16:05,6608944666,2645514048,4942.2,UK pounds,UK pounds,UK,UK,Debit card,0,,0,LOW,,
4080,2026-05-07 15:16:06,2465841512,7805317893,612.52,UK pounds,UK pounds,UK,UK,Credit card,0,,0,LOW,,
4081,2026-05-07 15:16:12,9021870555,3695545812,6164.18,UK pounds,UK pounds,UK,UK,ACH,1,Structuring/Smurfing,40,MEDIUM,Smurfing,"Smurfing: account '9021870555' made 5 transactions totalling 30,947.77 within 24h (each below 9,999.00 threshold)"
4082,2026-05-07 15:16:13,8103248008,472317903,4446.82,UK pounds,UK pounds,UK,UK,ACH,0,,0,LOW,,
4083,2026-05-07 15:16:15,5859610966,8602393234,49.4,UK pounds,UK pounds,UK,UK,Cash Withdrawal,0,,0,LOW,,
4084,2026-05-07 15:16:15,6086421020,674564051,14370.54,UK pounds,UK pounds,UK,UK,Debit card,0,Large-Cash-Transaction,25,LOW,LargeTransaction,"Transaction amount 14,370.54 UK pounds exceeds threshold of 8,000.00"
4085,2026-05-07 15:16:15,4614676052,7994747822,486.99,UK pounds,UK pounds,UK,UK,ACH,0,,0,LOW,,
4086,2026-05-07 15:16:17,3033487411,2792469177,607.37,UK pounds,Naira,UK,Nigeria,Cross-border,0,,0,LOW,,
4087,2026-05-07 15:16:20,6500963045,3450783236,4785.81,UK pounds,UK pounds,UK,UK,Credit card,0,,0,LOW,,
4088,2026-05-07 15:16:22,7420085709,4905602416,10982.54,UK pounds,UK pounds,UK,UK,Credit card,0,Large-Cash-Transaction,25,LOW,LargeTransaction,"Transaction amount 10,982.54 UK pounds exceeds threshold of 8,000.00"
4089,2026-05-07 15:16:24,6135625155,9423739702,731.4,UK pounds,UK pounds,UK,UK,Cash Deposit,0,,0,LOW,,
4090,2026-05-07 15:16:27,8363491551,6194146787,3575.58,UK pounds,UK pounds,UK,UK,ACH,0,,0,LOW,,
4091,2026-05-07 15:16:28,58594825,6953672776,7893.55,UK pounds,Mexican Peso,UK,Mexico,Cross-border,0,,0,LOW,,
4092,2026-05-07 15:16:28,3564541909,7061347127,442.53,UK pounds,UK pounds,UK,UK,Cheque,0,,0,LOW,,
4093,2026-05-07 15:16:28,3709430533,9098452243,9477.79,UK pounds,UK pounds,UK,UK,ACH,1,Large-Cash-Transaction; Structuring/Smurfing,65,HIGH,LargeTransaction|Smurfing,"Transaction amount 9,477.79 UK pounds exceeds threshold of 8,000.00; Smurfing: account '3709430533' made 25 transactions totalling 190,661.76 within 24h (each below 9,999.00 threshold)"
4094,2026-05-07 15:16:29,3589589707,3885905606,11658.55,UK pounds,UK pounds,UK,UK,Credit card,0,Large-Cash-Transaction,25,LOW,LargeTransaction,"Transaction amount 11,658.55 UK pounds exceeds threshold of 8,000.00"
4095,2026-05-07 15:16:31,3709430533,192121676,5642.98,UK pounds,UK pounds,UK,UK,Credit card,1,Structuring/Smurfing,40,MEDIUM,Smurfing,"Smurfing: account '3709430533' made 26 transactions totalling 196,304.74 within 24h (each below 9,999.00 threshold)"
4096,2026-05-07 15:16:33,8987848252,685567924,10937.3,UK pounds,UK pounds,UK,UK,Debit card,0,Large-Cash-Transaction,25,LOW,LargeTransaction,"Transaction amount 10,937.30 UK pounds exceeds threshold of 8,000.00"
4097,2026-05-07 15:16:33,7421451752,2376022691,4804.58,UK pounds,UK pounds,UK,UK,Debit card,1,Structuring/Smurfing,40,MEDIUM,Smurfing,"Smurfing: account '7421451752' made 16 transactions totalling 92,333.91 within 24h (each below 9,999.00 threshold)"
4098,2026-05-07 15:16:36,9450607514,8172080174,6803.19,UK pounds,UK pounds,UK,UK,ACH,1,Structuring/Smurfing; Layering,65,HIGH,Smurfing|Layering,"Smurfing: account '9450607514' made 3 transactions totalling 20,474.17 within 24h (each below 9,999.00 threshold); Fan-in: receiver 8172080174 received from 16 distinct senders within 72h (chain amount: 310,957.88, threshold: 10,000.00)"
4099,2026-05-07 15:16:38,1727863210,2323747730,648.86,UK pounds,UK pounds,UK,UK,Credit card,0,,0,LOW,,
4100,2026-05-07 15:16:50,9778646551,2525514781,3618.53,UK pounds,UK pounds,UK,UK,Cash Deposit,0,,0,LOW,,
4101,2026-05-07 15:16:50,8713878179,6855935396,8390.09,UK pounds,UK pounds,UK,UK,Credit card,0,Large-Cash-Transaction,25,LOW,LargeTransaction,"Transaction amount 8,390.09 UK pounds exceeds threshold of 8,000.00"
4102,2026-05-07 15:16:51,6188432295,2363570472,1532.58,UK pounds,UK pounds,UK,UK,Credit card,0,,0,LOW,,
4103,2026-05-07 15:16:52,2346864590,8285871352,141.2,UK pounds,UK pounds,UK,UK,Credit card,0,,0,LOW,,
4104,2026-05-07 15:16:56,6057444675,517441754,7019.43,UK pounds,UK pounds,UK,UK,Debit card,1,Structuring/Smurfing,40,MEDIUM,Smurfing,"Smurfing: account '6057444675' made 9 transactions totalling 55,738.35 within 24h (each below 9,999.00 threshold)"
4105,2026-05-07 15:17:04,7481313664,5835537133,31705.54,UK pounds,UK pounds,UK,UK,ACH,0,Large-Cash-Transaction,25,LOW,LargeTransaction,"Transaction amount 31,705.54 UK pounds exceeds threshold of 8,000.00"
4106,2026-05-07 15:17:06,9204396665,8172080174,14084.32,UK pounds,UK pounds,UK,UK,Debit card,1,Large-Cash-Transaction; Layering,50,MEDIUM,LargeTransaction|Layering,"Transaction amount 14,084.32 UK pounds exceeds threshold of 8,000.00; Fan-in: receiver 8172080174 received from 17 distinct senders within 72h (chain amount: 325,042.20, threshold: 10,000.00)"
4107,2026-05-07 15:17:08,2797271466,4528663768,7519.32,UK pounds,UK pounds,UK,UK,Credit card,1,Structuring/Smurfing,40,MEDIUM,Smurfing,"Smurfing: account '2797271466' made 19 transactions totalling 136,581.83 within 24h (each below 9,999.00 threshold)"
4108,2026-05-07 15:17:20,7669236826,5112224952,9482.13,UK pounds,UK pounds,UK,UK,Debit card,1,Large-Cash-Transaction; Structuring/Smurfing,65,HIGH,LargeTransaction|Smurfing,"Transaction amount 9,482.13 UK pounds exceeds threshold of 8,000.00; Smurfing: account '7669236826' made 24 transactions totalling 177,421.00 within 24h (each below 9,999.00 threshold)"
4109,2026-05-07 15:17:23,334286078,8919995513,9290.52,UK pounds,UK pounds,UK,UK,ACH,0,Large-Cash-Transaction,25,LOW,LargeTransaction,"Transaction amount 9,290.52 UK pounds exceeds threshold of 8,000.00"
4110,2026-05-07 15:17:29,9495781857,4104081382,3760.24,UK pounds,UK pounds,UK,UK,Cheque,0,,0,LOW,,
4111,2026-05-07 15:17:30,4009568802,7895281988,1423.82,UK pounds,UK pounds,UK,UK,Credit card,0,,0,LOW,,
4112,2026-05-07 15:17:31,6904668523,9136460589,14016.87,UK pounds,UK pounds,UK,UK,Credit card,0,Large-Cash-Transaction,25,LOW,LargeTransaction,"Transaction amount 14,016.87 UK pounds exceeds threshold of 8,000.00"
4113,2026-05-07 15:17:33,8772515835,1476783224,2090.52,UK pounds,UK pounds,UK,UK,Cheque,0,,0,LOW,,
4114,2026-05-07 15:17:34,713269882,3346765470,3056.0,UK pounds,UK pounds,UK,UK,Cash Deposit,0,,0,LOW,,
4115,2026-05-07 15:17:37,6674975782,5363117119,5834.62,UK pounds,UK pounds,UK,UK,ACH,0,,0,LOW,,
4116,2026-05-07 15:17:37,2923216853,7311655773,3476.88,UK pounds,Turkish lira,UK,Turkey,Cross-border,0,,0,LOW,,
4117,2026-05-07 15:17:40,406968209,8990619375,13872.22,UK pounds,UK pounds,UK,UK,ACH,0,Large-Cash-Transaction,25,LOW,LargeTransaction,"Transaction amount 13,872.22 UK pounds exceeds threshold of 8,000.00"
4118,2026-05-07 15:17:41,8765873527,3503099500,8503.95,UK pounds,UK pounds,UK,UK,ACH,0,Large-Cash-Transaction,25,LOW,LargeTransaction,"Transaction amount 8,503.95 UK pounds exceeds threshold of 8,000.00"
4119,2026-05-07 15:17:43,3597370050,1337001028,482.83,UK pounds,UK pounds,UK,UK,Debit card,0,,0,LOW,,
4120,2026-05-07 15:17:44,8713878179,6855935396,8366.72,UK pounds,UK pounds,UK,UK,Debit card,0,Large-Cash-Transaction,25,LOW,LargeTransaction,"Transaction amount 8,366.72 UK pounds exceeds threshold of 8,000.00"
4121,2026-05-07 15:17:49,9744328675,8678802420,4430.57,UK pounds,UK pounds,UK,UK,ACH,1,Structuring/Smurfing,40,MEDIUM,Smurfing,"Smurfing: account '9744328675' made 4 transactions totalling 17,761.64 within 24h (each below 9,999.00 threshold)"
4122,2026-05-07 15:17:53,8178709328,7782531465,839.74,UK pounds,UK pounds,UK,UK,ACH,0,,0,LOW,,
4123,2026-05-07 15:17:55,6651217471,8346239530,3856.05,UK pounds,UK pounds,UK,UK,Credit card,0,,0,LOW,,
4124,2026-05-07 15:17:57,6743376113,621060264,25825.12,UK pounds,UK pounds,UK,UK,ACH,0,Large-Cash-Transaction,25,LOW,LargeTransaction,"Transaction amount 25,825.12 UK pounds exceeds threshold of 8,000.00"
4125,2026-05-07 15:18:00,8674008086,561725725,829.88,UK pounds,UK pounds,UK,UK,Debit card,0,,0,LOW,,
4126,2026-05-07 15:18:00,9225473763,2846292842,5354.75,UK pounds,UK pounds,UK,UK,Cheque,0,,0,LOW,,
4127,2026-05-07 15:18:05,2706001337,5858369125,12063.18,Dirham,UK pounds,UAE,UK,Cross-border,0,Large-Cash-Transaction,25,LOW,LargeTransaction,"Transaction amount 12,063.18 Dirham exceeds threshold of 10,000.00"
4128,2026-05-07 15:18:07,2365007895,3606979593,5051.93,UK pounds,UK pounds,UK,UK,Cheque,1,Structuring/Smurfing,40,MEDIUM,Smurfing,"Smurfing: account '2365007895' made 20 transactions totalling 147,654.24 within 24h (each below 9,999.00 threshold)"
4129,2026-05-07 15:18:10,4602384955,4519449361,746.72,UK pounds,UK pounds,UK,UK,Credit card,0,,0,LOW,,
4130,2026-05-07 15:18:12,3915166427,5702346126,5634.49,UK pounds,Dirham,UK,UAE,Cross-border,0,,0,LOW,,
4131,2026-05-07 15:18:12,9330872565,7128978301,1738.74,UK pounds,UK pounds,UK,UK,Cash Deposit,0,,0,LOW,,
4132,2026-05-07 15:18:13,4174441975,9951966120,2451.63,UK pounds,UK pounds,UK,UK,Cheque,0,,0,LOW,,
4133,2026-05-07 15:18:19,9249641079,4071969888,3353.47,UK pounds,UK pounds,UK,UK,Cheque,0,,0,LOW,,
4134,2026-05-07 15:18:21,1164469099,6355106702,674.28,UK pounds,UK pounds,UK,UK,Cash Deposit,0,,0,LOW,,
4135,2026-05-07 15:18:24,6636772831,5813913250,57.35,UK pounds,UK pounds,UK,UK,ACH,0,,0,LOW,,
4136,2026-05-07 15:18:24,7360165465,762426302,19152.09,UK pounds,UK pounds,UK,UK,Debit card,0,Large-Cash-Transaction,25,LOW,LargeTransaction,"Transaction amount 19,152.09 UK pounds exceeds threshold of 8,000.00"
4137,2026-05-07 15:18:28,9746384104,8939055432,4855.47,UK pounds,UK pounds,UK,UK,Cheque,1,Structuring/Smurfing,40,MEDIUM,Smurfing,"Smurfing: account '9746384104' made 10 transactions totalling 50,863.29 within 24h (each below 9,999.00 threshold)"
4138,2026-05-07 15:18:32,2185941942,169388348,1712.01,UK pounds,UK pounds,UK,UK,Cash Deposit,0,,0,LOW,,
4139,2026-05-07 15:18:33,3930127189,3220735304,19929.54,UK pounds,UK pounds,UK,UK,Credit card,0,Large-Cash-Transaction,25,LOW,LargeTransaction,"Transaction amount 19,929.54 UK pounds exceeds threshold of 8,000.00"
4140,2026-05-07 15:18:33,4872382092,3841781036,1124.5,UK pounds,UK pounds,UK,UK,Credit card,0,,0,LOW,,
4141,2026-05-07 15:18:33,4101825700,6388467806,121.95,UK pounds,UK pounds,UK,UK,Cash Withdrawal,0,,0,LOW,,
4142,2026-05-07 15:18:34,5264703352,8284122302,2535.63,UK pounds,UK pounds,UK,UK,Cash Deposit,0,,0,LOW,,
4143,2026-05-07 15:18:35,4587184588,6223365730,10522.83,UK pounds,UK pounds,UK,UK,Cheque,0,Large-Cash-Transaction,25,LOW,LargeTransaction,"Transaction amount 10,522.83 UK pounds exceeds threshold of 8,000.00"
4144,2026-05-07 15:18:35,8770181801,8906126287,9359.95,UK pounds,UK pounds,UK,UK,ACH,1,Large-Cash-Transaction; Structuring/Smurfing,65,HIGH,LargeTransaction|Smurfing,"Transaction amount 9,359.95 UK pounds exceeds threshold of 8,000.00; Smurfing: account '8770181801' made 3 transactions totalling 27,905.88 within 24h (each below 9,999.00 threshold)"
4145,2026-05-07 15:18:45,33382572,5502954988,896.69,UK pounds,UK pounds,UK,UK,Debit card,0,,0,LOW,,
4146,2026-05-07 15:18:46,8127449697,3883048406,1977.45,UK pounds,UK pounds,UK,UK,Credit card,0,,0,LOW,,
4147,2026-05-07 15:18:47,7234975798,9268776048,610.48,UK pounds,Swiss franc,UK,UK,Cheque,0,,0,LOW,,
4148,2026-05-07 15:18:50,4763394718,6350992816,121.78,UK pounds,UK pounds,UK,UK,Cheque,0,,0,LOW,,
4149,2026-05-07 15:18:51,4943302708,3404343893,799.08,UK pounds,UK pounds,UK,UK,Cheque,0,,0,LOW,,
4150,2026-05-07 15:18:57,9721746143,2113668298,24406.15,UK pounds,UK pounds,UK,UK,Credit card,0,Large-Cash-Transaction,25,LOW,LargeTransaction,"Transaction amount 24,406.15 UK pounds exceeds threshold of 8,000.00"
4151,2026-05-07 15:18:58,2996240021,8518184956,6622.52,UK pounds,UK pounds,UK,UK,Cheque,0,,0,LOW,,
4152,2026-05-07 15:18:58,3039993322,424146908,90.1,UK pounds,UK pounds,UK,UK,Cash Withdrawal,0,,0,LOW,,
4153,2026-05-07 15:18:59,1915450576,9424448642,6233.55,UK pounds,UK pounds,UK,UK,Credit card,1,Structuring/Smurfing,40,MEDIUM,Smurfing,"Smurfing: account '1915450576' made 23 transactions totalling 136,353.40 within 24h (each below 9,999.00 threshold)"
4154,2026-05-07 15:19:00,6010459137,2866918210,2227.09,UK pounds,UK pounds,UK,UK,Debit card,0,,0,LOW,,
4155,2026-05-07 15:19:02,2053677541,2713845584,39.57,UK pounds,UK pounds,UK,UK,ACH,0,,0,LOW,,
4156,2026-05-07 15:19:03,2595670415,6223365730,15106.69,UK pounds,UK pounds,UK,UK,Debit card,0,Large-Cash-Transaction,25,LOW,LargeTransaction,"Transaction amount 15,106.69 UK pounds exceeds threshold of 8,000.00"
4157,2026-05-07 15:19:11,2851625032,8039697830,2329.35,UK pounds,UK pounds,UK,UK,Cheque,0,,0,LOW,,
4158,2026-05-07 15:19:17,7914375825,2288441463,5753.82,UK pounds,UK pounds,UK,UK,Cheque,0,,0,LOW,,
4159,2026-05-07 15:19:17,1039261140,1465487567,15927.63,UK pounds,UK pounds,UK,UK,Debit card,1,Large-Cash-Transaction; Layering,50,MEDIUM,LargeTransaction|Layering,"Transaction amount 15,927.63 UK pounds exceeds threshold of 8,000.00; Fan-in: receiver 1465487567 received from 12 distinct senders within 72h (chain amount: 347,715.66, threshold: 10,000.00)"
4160,2026-05-07 15:19:20,7501327339,8617863283,5896.53,UK pounds,UK pounds,UK,UK,Cheque,1,Structuring/Smurfing,40,MEDIUM,Smurfing,"Smurfing: account '7501327339' made 26 transactions totalling 179,459.44 within 24h (each below 9,999.00 threshold)"
4161,2026-05-07 15:19:21,9111147529,3913880864,7540.48,UK pounds,UK pounds,UK,UK,Debit card,0,,0,LOW,,
4162,2026-05-07 15:19:29,6725161262,8951801554,380.17,UK pounds,UK pounds,UK,UK,Cheque,0,,0,LOW,,
4163,2026-05-07 15:19:30,3228662721,357124997,2449.17,UK pounds,UK pounds,UK,UK,ACH,0,,0,LOW,,
4164,2026-05-07 15:19:30,2295065694,8298673155,4942.67,UK pounds,UK pounds,UK,UK,Credit card,0,,0,LOW,,
4165,2026-05-07 15:19:30,9572437179,7199625988,6656.52,UK pounds,UK pounds,UK,UK,ACH,1,Structuring/Smurfing,40,MEDIUM,Smurfing,"Smurfing: account '9572437179' made 4 transactions totalling 26,621.09 within 24h (each below 9,999.00 threshold)"
4166,2026-05-07 15:19:32,675669049,4348868412,7262.52,UK pounds,UK pounds,UK,UK,Debit card,1,Structuring/Smurfing,40,MEDIUM,Smurfing,"Smurfing: account '675669049' made 11 transactions totalling 83,725.49 within 24h (each below 9,999.00 threshold)"
4167,2026-05-07 15:19:36,5432863425,1393486147,196.49,UK pounds,UK pounds,UK,UK,Cash Withdrawal,0,,0,LOW,,
4168,2026-05-07 15:19:40,7036019108,5858369125,6847.7,UK pounds,UK pounds,UK,UK,Cheque,0,,0,LOW,,
4169,2026-05-07 15:19:40,6760427237,7080357663,6826.14,UK pounds,UK pounds,UK,UK,Cheque,0,,0,LOW,,
4170,2026-05-07 15:19:41,8987848252,6000919396,10485.74,UK pounds,UK pounds,UK,UK,Cheque,0,Large-Cash-Transaction,25,LOW,LargeTransaction,"Transaction amount 10,485.74 UK pounds exceeds threshold of 8,000.00"
4171,2026-05-07 15:19:42,44700745,7206438497,272.86,UK pounds,UK pounds,UK,UK,Credit card,0,,0,LOW,,
4172,2026-05-07 15:19:52,7758268667,8969112643,13599.31,UK pounds,UK pounds,UK,UK,Credit card,0,Large-Cash-Transaction,25,LOW,LargeTransaction,"Transaction amount 13,599.31 UK pounds exceeds threshold of 8,000.00"
4173,2026-05-07 15:19:53,6139711705,2902404842,2824.62,UK pounds,UK pounds,UK,UK,Cheque,0,,0,LOW,,
4174,2026-05-07 15:19:53,7432227017,7294133906,784.66,UK pounds,UK pounds,UK,UK,Debit card,0,,0,LOW,,
4175,2026-05-07 15:19:54,3808389654,1431561040,8993.91,UK pounds,UK pounds,UK,UK,Debit card,0,Large-Cash-Transaction,25,LOW,LargeTransaction,"Transaction amount 8,993.91 UK pounds exceeds threshold of 8,000.00"
4176,2026-05-07 15:19:54,6904668523,1546051426,5763.2,UK pounds,UK pounds,UK,UK,ACH,1,Structuring/Smurfing,40,MEDIUM,Smurfing,"Smurfing: account '6904668523' made 21 transactions totalling 151,876.74 within 24h (each below 9,999.00 threshold)"
4177,2026-05-07 15:19:57,3930127189,3220735304,19835.09,UK pounds,UK pounds,UK,UK,Debit card,0,Large-Cash-Transaction,25,LOW,LargeTransaction,"Transaction amount 19,835.09 UK pounds exceeds threshold of 8,000.00"
4178,2026-05-07 15:19:59,9558983259,1474811080,96.88,UK pounds,UK pounds,UK,UK,Cash Withdrawal,0,,0,LOW,,
4179,2026-05-07 15:20:00,4109732596,5708936901,17922.04,UK pounds,UK pounds,UK,UK,Credit card,0,Large-Cash-Transaction,25,LOW,LargeTransaction,"Transaction amount 17,922.04 UK pounds exceeds threshold of 8,000.00"
4180,2026-05-07 15:20:02,5781442135,7583443924,4657.35,UK pounds,UK pounds,UK,UK,Cash Deposit,0,,0,LOW,,
4181,2026-05-07 15:20:02,1390806158,8673917867,8817.33,UK pounds,UK pounds,UK,UK,ACH,1,Large-Cash-Transaction; Structuring/Smurfing; Layering,90,CRITICAL,LargeTransaction|Smurfing|Layering,"Transaction amount 8,817.33 UK pounds exceeds threshold of 8,000.00; Smurfing: account '1390806158' made 4 transactions totalling 35,346.69 within 24h (each below 9,999.00 threshold); Fan-in: receiver 8673917867 received from 8 distinct senders within 72h (chain amount: 146,801.67, threshold: 10,000.00)"
4182,2026-05-07 15:20:03,6608944666,2354851458,1641.63,UK pounds,UK pounds,UK,UK,Debit card,0,,0,LOW,,
4183,2026-05-07 15:20:05,8987848252,7140265767,5304.38,UK pounds,UK pounds,UK,UK,Cheque,1,Structuring/Smurfing,40,MEDIUM,Smurfing,"Smurfing: account '8987848252' made 13 transactions totalling 88,076.50 within 24h (each below 9,999.00 threshold)"
4184,2026-05-07 15:20:06,7180118833,5061972410,13013.26,UK pounds,UK pounds,UK,UK,Credit card,0,Large-Cash-Transaction,25,LOW,LargeTransaction,"Transaction amount 13,013.26 UK pounds exceeds threshold of 8,000.00"
4185,2026-05-07 15:20:08,2908083298,8055771556,428.9,UK pounds,UK pounds,UK,UK,Cheque,0,,0,LOW,,
4186,2026-05-07 15:20:17,8687407314,1493436023,20884.23,UK pounds,UK pounds,UK,UK,Debit card,0,Large-Cash-Transaction,25,LOW,LargeTransaction,"Transaction amount 20,884.23 UK pounds exceeds threshold of 8,000.00"
4187,2026-05-07 15:20:18,4275432794,5342778109,853.31,UK pounds,UK pounds,UK,UK,ACH,0,,0,LOW,,
4188,2026-05-07 15:20:19,4582326752,6371831641,4508.89,UK pounds,UK pounds,UK,UK,Cheque,0,,0,LOW,,
4189,2026-05-07 15:20:22,4070625255,8695465568,954.2,UK pounds,UK pounds,UK,UK,Cash Deposit,0,,0,LOW,,
4190,2026-05-07 15:20:22,2455742548,4293580479,5497.82,UK pounds,UK pounds,UK,UK,Debit card,0,,0,LOW,,
4191,2026-05-07 15:20:22,7003806789,3728098721,1229.5,UK pounds,UK pounds,UK,UK,Credit card,0,,0,LOW,,
4192,2026-05-07 15:20:23,2365007895,8015553278,6840.42,UK pounds,UK pounds,UK,UK,Debit card,1,Structuring/Smurfing,40,MEDIUM,Smurfing,"Smurfing: account '2365007895' made 21 transactions totalling 154,494.66 within 24h (each below 9,999.00 threshold)"
4193,2026-05-07 15:20:25,3342827051,409707192,5797.63,UK pounds,UK pounds,UK,UK,ACH,0,,0,LOW,,
4194,2026-05-07 15:20:28,3614082527,4993238031,6469.89,UK pounds,UK pounds,UK,UK,Credit card,1,Structuring/Smurfing,40,MEDIUM,Smurfing,"Smurfing: account '3614082527' made 21 transactions totalling 154,963.41 within 24h (each below 9,999.00 threshold)"
4195,2026-05-07 15:20:31,1390806158,8673917867,8871.14,UK pounds,UK pounds,UK,UK,Debit card,1,Large-Cash-Transaction; Structuring/Smurfing; Layering,90,CRITICAL,LargeTransaction|Smurfing|Layering,"Transaction amount 8,871.14 UK pounds exceeds threshold of 8,000.00; Smurfing: account '1390806158' made 5 transactions totalling 44,217.83 within 24h (each below 9,999.00 threshold); Fan-in: receiver 8673917867 received from 8 distinct senders within 72h (chain amount: 155,672.81, threshold: 10,000.00)"
4196,2026-05-07 15:20:32,9879607261,7679092888,1924.69,UK pounds,UK pounds,UK,UK,ACH,0,,0,LOW,,
4197,2026-05-07 15:20:38,3165479371,2993920504,8743.41,UK pounds,UK pounds,UK,UK,Credit card,0,Large-Cash-Transaction,25,LOW,LargeTransaction,"Transaction amount 8,743.41 UK pounds exceeds threshold of 8,000.00"
4198,2026-05-07 15:20:41,7233007838,8719410867,183.54,UK pounds,Moroccan dirham,UK,Morocco,Cross-border,0,,0,LOW,,
4199,2026-05-07 15:20:46,4325952441,2222224739,21316.7,UK pounds,UK pounds,UK,UK,ACH,0,Large-Cash-Transaction,25,LOW,LargeTransaction,"Transaction amount 21,316.70 UK pounds exceeds threshold of 8,000.00"
4200,2026-05-07 15:20:46,3087704459,5020066382,1198.81,UK pounds,Swiss franc,UK,UK,ACH,0,,0,LOW,,
4201,2026-05-07 15:20:47,953357238,9225248326,2449.69,UK pounds,UK pounds,UK,UK,Debit card,0,,0,LOW,,
4202,2026-05-07 15:20:48,3709430533,7543250720,6865.44,UK pounds,UK pounds,UK,UK,Credit card,1,Structuring/Smurfing,40,MEDIUM,Smurfing,"Smurfing: account '3709430533' made 27 transactions totalling 203,170.18 within 24h (each below 9,999.00 threshold)"
4203,2026-05-07 15:20:51,3751150719,8775823675,19605.69,UK pounds,UK pounds,UK,UK,Cheque,0,Large-Cash-Transaction,25,LOW,LargeTransaction,"Transaction amount 19,605.69 UK pounds exceeds threshold of 8,000.00"
4204,2026-05-07 15:20:52,2671456948,8673917867,9575.54,UK pounds,UK pounds,UK,UK,Cheque,1,Large-Cash-Transaction; Structuring/Smurfing; Layering,90,CRITICAL,LargeTransaction|Smurfing|Layering,"Transaction amount 9,575.54 UK pounds exceeds threshold of 8,000.00; Smurfing: account '2671456948' made 3 transactions totalling 28,714.22 within 24h (each below 9,999.00 threshold); Fan-in: receiver 8673917867 received from 8 distinct senders within 72h (chain amount: 165,248.35, threshold: 10,000.00)"
4205,2026-05-07 15:20:54,4215909084,6477531416,6868.56,UK pounds,UK pounds,UK,UK,Credit card,0,,0,LOW,,
4206,2026-05-07 15:20:55,5982914936,6611885027,5652.68,UK pounds,Albanian lek,UK,Albania,Cross-border,1,Structuring/Smurfing,40,MEDIUM,Smurfing,"Smurfing: account '5982914936' made 12 transactions totalling 103,573.01 within 24h (each below 9,999.00 threshold)"
4207,2026-05-07 15:20:55,9308866687,4638001513,8308.34,UK pounds,UK pounds,UK,UK,ACH,0,Large-Cash-Transaction,25,LOW,LargeTransaction,"Transaction amount 8,308.34 UK pounds exceeds threshold of 8,000.00"
4208,2026-05-07 15:20:56,6834477393,6444220418,8131.64,UK pounds,UK pounds,UK,UK,Debit card,1,Large-Cash-Transaction; Structuring/Smurfing,65,HIGH,LargeTransaction|Smurfing,"Transaction amount 8,131.64 UK pounds exceeds threshold of 8,000.00; Smurfing: account '6834477393' made 3 transactions totalling 24,515.46 within 24h (each below 9,999.00 threshold)"
4209,2026-05-07 15:20:57,9534729015,1948023764,21372.28,UK pounds,UK pounds,UK,UK,Credit card,0,Large-Cash-Transaction,25,LOW,LargeTransaction,"Transaction amount 21,372.28 UK pounds exceeds threshold of 8,000.00"
4210,2026-05-07 15:20:59,8987848252,6000919396,10529.89,UK pounds,UK pounds,UK,UK,ACH,0,Large-Cash-Transaction,25,LOW,LargeTransaction,"Transaction amount 10,529.89 UK pounds exceeds threshold of 8,000.00"
4211,2026-05-07 15:20:59,1551228889,9105769228,5944.5,UK pounds,UK pounds,UK,UK,ACH,1,Structuring/Smurfing,40,MEDIUM,Smurfing,"Smurfing: account '1551228889' made 3 transactions totalling 17,776.19 within 24h (each below 9,999.00 threshold)"
4212,2026-05-07 15:21:04,9926135884,2213006367,3499.1,UK pounds,UK pounds,UK,UK,Debit card,0,,0,LOW,,
4213,2026-05-07 15:21:06,187676575,3173180932,1610.82,UK pounds,UK pounds,UK,UK,Cash Deposit,0,,0,LOW,,
4214,2026-05-07 15:21:16,7254501473,2891753350,55702.52,UK pounds,UK pounds,UK,UK,Debit card,0,Large-Cash-Transaction,25,LOW,LargeTransaction,"Transaction amount 55,702.52 UK pounds exceeds threshold of 8,000.00"
4215,2026-05-07 15:21:16,4117755003,6646502650,8433.67,UK pounds,Euro,UK,France,Cross-border,1,Large-Cash-Transaction; Structuring/Smurfing,65,HIGH,LargeTransaction|Smurfing,"Transaction amount 8,433.67 UK pounds exceeds threshold of 8,000.00; Smurfing: account '4117755003' made 4 transactions totalling 33,901.99 within 24h (each below 9,999.00 threshold)"
4216,2026-05-07 15:21:20,7669236826,6127165731,11246.45,UK pounds,UK pounds,UK,UK,ACH,0,Large-Cash-Transaction,25,LOW,LargeTransaction,"Transaction amount 11,246.45 UK pounds exceeds threshold of 8,000.00"
4217,2026-05-07 15:21:20,4486832385,2106816241,2747.28,UK pounds,UK pounds,UK,UK,Cash Deposit,0,,0,LOW,,
4218,2026-05-07 15:21:22,9516063779,4293580479,11917.57,UK pounds,UK pounds,UK,UK,Cheque,0,Large-Cash-Transaction,25,LOW,LargeTransaction,"Transaction amount 11,917.57 UK pounds exceeds threshold of 8,000.00"
4219,2026-05-07 15:21:26,8147726877,6646502650,11778.5,UK pounds,Euro,UK,France,Cross-border,0,Large-Cash-Transaction,25,LOW,LargeTransaction,"Transaction amount 11,778.50 UK pounds exceeds threshold of 8,000.00"
4220,2026-05-07 15:21:27,7267233412,9573183116,5210.22,UK pounds,UK pounds,UK,UK,Cheque,0,,0,LOW,,
4221,2026-05-07 15:21:27,5160368521,3565228175,13458.83,UK pounds,UK pounds,UK,UK,Credit card,0,Large-Cash-Transaction,25,LOW,LargeTransaction,"Transaction amount 13,458.83 UK pounds exceeds threshold of 8,000.00"
4222,2026-05-07 15:21:28,4218220882,1163643732,3058.77,UK pounds,UK pounds,UK,UK,Credit card,0,,0,LOW,,
4223,2026-05-07 15:21:30,5021785800,4851478280,4529.27,UK pounds,UK pounds,UK,UK,Cheque,1,Structuring/Smurfing,40,MEDIUM,Smurfing,"Smurfing: account '5021785800' made 25 transactions totalling 156,879.97 within 24h (each below 9,999.00 threshold)"
4224,2026-05-07 15:21:31,7166052239,8172080174,6967.46,UK pounds,UK pounds,UK,UK,Debit card,1,Structuring/Smurfing; Layering,65,HIGH,Smurfing|Layering,"Smurfing: account '7166052239' made 4 transactions totalling 27,903.70 within 24h (each below 9,999.00 threshold); Fan-in: receiver 8172080174 received from 17 distinct senders within 72h (chain amount: 332,009.66, threshold: 10,000.00)"
4225,2026-05-07 15:21:31,6517818919,5836602869,7229.47,UK pounds,UK pounds,UK,UK,Debit card,0,,0,LOW,,
4226,2026-05-07 15:21:32,4574851353,6141540526,3182.89,UK pounds,UK pounds,UK,UK,Credit card,0,,0,LOW,,
4227,2026-05-07 15:21:34,9456514108,5109623450,8298.15,UK pounds,UK pounds,UK,UK,Credit card,1,Large-Cash-Transaction; Structuring/Smurfing,65,HIGH,LargeTransaction|Smurfing,"Transaction amount 8,298.15 UK pounds exceeds threshold of 8,000.00; Smurfing: account '9456514108' made 4 transactions totalling 33,403.17 within 24h (each below 9,999.00 threshold)"
4228,2026-05-07 15:21:37,1491989064,3755103279,7247.86,UK pounds,UK pounds,UK,UK,Credit card,1,Structuring/Smurfing,40,MEDIUM,Smurfing,"Smurfing: account '1491989064' made 14 transactions totalling 94,435.23 within 24h (each below 9,999.00 threshold)"
4229,2026-05-07 15:21:37,6057444675,517441754,6955.0,UK pounds,UK pounds,UK,UK,ACH,1,Structuring/Smurfing,40,MEDIUM,Smurfing,"Smurfing: account '6057444675' made 10 transactions totalling 62,693.35 within 24h (each below 9,999.00 threshold)"
4230,2026-05-07 15:21:42,5793273539,7069893648,5424.53,UK pounds,UK pounds,UK,UK,ACH,0,,0,LOW,,
4231,2026-05-07 15:21:45,2929941458,6577631803,210.63,UK pounds,UK pounds,UK,UK,ACH,0,,0,LOW,,
4232,2026-05-07 15:21:48,2761485721,2147190010,552.87,UK pounds,UK pounds,UK,UK,Cheque,0,,0,LOW,,
4233,2026-05-07 15:21:52,6331746318,9722396075,681.81,UK pounds,UK pounds,UK,UK,Debit card,0,,0,LOW,,
4234,2026-05-07 15:21:54,753864930,3250173219,17691.99,UK pounds,UK pounds,UK,UK,Credit card,0,Large-Cash-Transaction,25,LOW,LargeTransaction,"Transaction amount 17,691.99 UK pounds exceeds threshold of 8,000.00"
4235,2026-05-07 15:21:57,7493910752,7549781499,3048.44,UK pounds,UK pounds,UK,UK,Cheque,0,,0,LOW,,
4236,2026-05-07 15:21:59,1645558162,8172080174,10983.24,UK pounds,UK pounds,UK,UK,Debit card,1,Large-Cash-Transaction; Layering,50,MEDIUM,LargeTransaction|Layering,"Transaction amount 10,983.24 UK pounds exceeds threshold of 8,000.00; Fan-in: receiver 8172080174 received from 17 distinct senders within 72h (chain amount: 342,992.90, threshold: 10,000.00)"
4237,2026-05-07 15:21:59,7708135179,4920011699,2586.02,UK pounds,UK pounds,UK,UK,Debit card,0,,0,LOW,,
4238,2026-05-07 15:22:02,2926822786,7693988184,4856.11,UK pounds,UK pounds,UK,UK,Credit card,0,,0,LOW,,
4239,2026-05-07 15:22:04,2345399437,2720642759,7975.35,UK pounds,Moroccan dirham,UK,UK,Cheque,0,,0,LOW,,
4240,2026-05-07 15:22:06,8245090074,9934868522,385.83,UK pounds,UK pounds,UK,UK,ACH,0,,0,LOW,,
4241,2026-05-07 15:22:06,7669236826,6944062928,7544.0,UK pounds,UK pounds,UK,UK,Debit card,1,Structuring/Smurfing,40,MEDIUM,Smurfing,"Smurfing: account '7669236826' made 25 transactions totalling 184,965.00 within 24h (each below 9,999.00 threshold)"
4242,2026-05-07 15:22:11,9088680066,8858778510,57.31,UK pounds,UK pounds,UK,UK,Cash Withdrawal,0,,0,LOW,,
4243,2026-05-07 15:22:11,5529226135,409707192,10762.45,UK pounds,UK pounds,UK,UK,Debit card,0,Large-Cash-Transaction,25,LOW,LargeTransaction,"Transaction amount 10,762.45 UK pounds exceeds threshold of 8,000.00"
4244,2026-05-07 15:22:12,7089073424,992335593,3043.0,UK pounds,UK pounds,UK,UK,Cheque,0,,0,LOW,,
4245,2026-05-07 15:22:12,7641911870,6205292504,14478.88,UK pounds,UK pounds,UK,UK,Debit card,0,Large-Cash-Transaction,25,LOW,LargeTransaction,"Transaction amount 14,478.88 UK pounds exceeds threshold of 8,000.00"
4246,2026-05-07 15:22:13,9369454215,5363422485,5383.19,UK pounds,UK pounds,UK,UK,ACH,1,Structuring/Smurfing,40,MEDIUM,Smurfing,"Smurfing: account '9369454215' made 4 transactions totalling 21,745.44 within 24h (each below 9,999.00 threshold)"
4247,2026-05-07 15:22:13,5477440269,6455666600,25888.7,UK pounds,Swiss franc,UK,Switzerland,Cross-border,0,Large-Cash-Transaction,25,LOW,LargeTransaction,"Transaction amount 25,888.70 UK pounds exceeds threshold of 8,000.00"
4248,2026-05-07 15:22:13,5292699828,5808678254,8388.35,UK pounds,UK pounds,UK,UK,Debit card,0,Large-Cash-Transaction,25,LOW,LargeTransaction,"Transaction amount 8,388.35 UK pounds exceeds threshold of 8,000.00"
4249,2026-05-07 15:22:15,7674756610,4336977506,13201.43,UK pounds,UK pounds,UK,UK,ACH,0,Large-Cash-Transaction,25,LOW,LargeTransaction,"Transaction amount 13,201.43 UK pounds exceeds threshold of 8,000.00"
4250,2026-05-07 15:22:16,8952177221,3031188286,11844.19,UK pounds,UK pounds,UK,UK,Debit card,0,Large-Cash-Transaction,25,LOW,LargeTransaction,"Transaction amount 11,844.19 UK pounds exceeds threshold of 8,000.00"
4251,2026-05-07 15:22:17,8730244405,7080357663,6782.5,UK pounds,UK pounds,UK,UK,Debit card,1,Structuring/Smurfing,40,MEDIUM,Smurfing,"Smurfing: account '8730244405' made 4 transactions totalling 26,916.33 within 24h (each below 9,999.00 threshold)"
4252,2026-05-07 15:22:20,9388029521,5487247330,4402.76,Dirham,UK pounds,UAE,UK,Cross-border,0,,0,LOW,,
4253,2026-05-07 15:22:21,5468199784,8397137675,2234.69,UK pounds,UK pounds,UK,UK,Cheque,0,,0,LOW,,
4254,2026-05-07 15:22:23,4227185318,3144145840,6743.03,UK pounds,UK pounds,UK,UK,ACH,0,,0,LOW,,
4255,2026-05-07 15:22:26,40235155,9416949366,1660.18,UK pounds,UK pounds,UK,UK,Cheque,0,,0,LOW,,
4256,2026-05-07 15:22:38,6630041445,1316458123,12840.79,UK pounds,Mexican Peso,UK,Mexico,Cross-border,0,Large-Cash-Transaction,25,LOW,LargeTransaction,"Transaction amount 12,840.79 UK pounds exceeds threshold of 8,000.00"
4257,2026-05-07 15:22:38,8494600637,9296204139,3303.84,UK pounds,UK pounds,UK,UK,Credit card,0,Fan-Out/Money-Mule,20,LOW,RapidMovement,RapidMovement: part of rapid fund re-dispatch from account '8494600637'
4258,2026-05-07 15:22:42,6086421020,3504466346,19171.55,UK pounds,UK pounds,UK,UK,Credit card,0,Large-Cash-Transaction,25,LOW,LargeTransaction,"Transaction amount 19,171.55 UK pounds exceeds threshold of 8,000.00"
4259,2026-05-07 15:22:44,5396748228,9105769228,24697.2,UK pounds,UK pounds,UK,UK,Cheque,0,Large-Cash-Transaction,25,LOW,LargeTransaction,"Transaction amount 24,697.20 UK pounds exceeds threshold of 8,000.00"
4260,2026-05-07 15:22:45,9506591992,791276398,19021.05,UK pounds,UK pounds,UK,UK,Credit card,0,Large-Cash-Transaction,25,LOW,LargeTransaction,"Transaction amount 19,021.05 UK pounds exceeds threshold of 8,000.00"
4261,2026-05-07 15:22:45,2981214459,7160736915,5504.04,UK pounds,UK pounds,UK,UK,Credit card,1,Structuring/Smurfing,40,MEDIUM,Smurfing,"Smurfing: account '2981214459' made 4 transactions totalling 22,116.76 within 24h (each below 9,999.00 threshold)"
4262,2026-05-07 15:22:46,662485490,8727097801,9144.23,UK pounds,UK pounds,UK,UK,ACH,0,Large-Cash-Transaction,25,LOW,LargeTransaction,"Transaction amount 9,144.23 UK pounds exceeds threshold of 8,000.00"
4263,2026-05-07 15:22:50,1104637724,683564089,1792.06,UK pounds,UK pounds,UK,UK,ACH,0,,0,LOW,,
4264,2026-05-07 15:22:56,661411667,9943627425,9344.73,UK pounds,UK pounds,UK,UK,Credit card,0,Large-Cash-Transaction,25,LOW,LargeTransaction,"Transaction amount 9,344.73 UK pounds exceeds threshold of 8,000.00"
4265,2026-05-07 15:22:58,8600542721,7110173982,3137.43,UK pounds,UK pounds,UK,UK,Debit card,0,,0,LOW,,
4266,2026-05-07 15:23:02,7501327339,9848553102,10366.35,UK pounds,UK pounds,UK,UK,Cheque,0,Large-Cash-Transaction,25,LOW,LargeTransaction,"Transaction amount 10,366.35 UK pounds exceeds threshold of 8,000.00"
4267,2026-05-07 15:23:14,4021161031,5791868083,2059.83,UK pounds,UK pounds,UK,UK,Debit card,0,,0,LOW,,
4268,2026-05-07 15:23:14,3834666529,5858369125,9249.54,UK pounds,UK pounds,UK,UK,ACH,0,Large-Cash-Transaction,25,LOW,LargeTransaction,"Transaction amount 9,249.54 UK pounds exceeds threshold of 8,000.00"
4269,2026-05-07 15:23:14,4763305803,8172080174,7433.46,UK pounds,UK pounds,UK,UK,Cheque,1,Structuring/Smurfing; Layering,65,HIGH,Smurfing|Layering,"Smurfing: account '4763305803' made 4 transactions totalling 29,878.72 within 24h (each below 9,999.00 threshold); Fan-in: receiver 8172080174 received from 17 distinct senders within 72h (chain amount: 350,426.36, threshold: 10,000.00)"
4270,2026-05-07 15:23:18,4121324384,6345230339,16250.1,Euro,UK pounds,Spain,UK,Cross-border,0,Large-Cash-Transaction,25,LOW,LargeTransaction,"Transaction amount 16,250.10 Euro exceeds threshold of 9,000.00"
4271,2026-05-07 15:23:20,3180939545,9897868471,269.56,UK pounds,UK pounds,UK,UK,Cheque,0,,0,LOW,,
4272,2026-05-07 15:23:20,7501327339,6987770930,7036.12,UK pounds,UK pounds,UK,UK,ACH,1,Structuring/Smurfing,40,MEDIUM,Smurfing,"Smurfing: account '7501327339' made 27 transactions totalling 186,495.56 within 24h (each below 9,999.00 threshold)"
4273,2026-05-07 15:23:20,986041282,9810335545,1299.63,UK pounds,UK pounds,UK,UK,Cheque,0,,0,LOW,,
4274,2026-05-07 15:23:23,5281954337,3666350789,1990.7,UK pounds,UK pounds,UK,UK,ACH,0,,0,LOW,,
4275,2026-05-07 15:23:26,2930677913,5484599567,1028.44,UK pounds,UK pounds,UK,UK,Credit card,0,,0,LOW,,
4276,2026-05-07 15:23:28,8463742774,1465487567,14941.56,UK pounds,UK pounds,UK,UK,Credit card,1,Large-Cash-Transaction; Layering,50,MEDIUM,LargeTransaction|Layering,"Transaction amount 14,941.56 UK pounds exceeds threshold of 8,000.00; Fan-in: receiver 1465487567 received from 12 distinct senders within 72h (chain amount: 362,657.22, threshold: 10,000.00)"
4277,2026-05-07 15:23:29,9702680613,4223287156,6950.7,UK pounds,UK pounds,UK,UK,Cheque,0,,0,LOW,,
4278,2026-05-07 15:23:33,6539024288,2095407769,102.78,UK pounds,UK pounds,UK,UK,Cash Withdrawal,0,,0,LOW,,
4279,2026-05-07 15:23:34,4611936519,7500660306,2144.23,UK pounds,Euro,UK,Italy,Cross-border,0,,0,LOW,,
4280,2026-05-07 15:23:34,3135838003,5363117119,7639.33,UK pounds,UK pounds,UK,UK,ACH,0,,0,LOW,,
4281,2026-05-07 15:23:38,9017750140,4918649304,7540.38,UK pounds,UK pounds,UK,UK,ACH,0,,0,LOW,,
4282,2026-05-07 15:23:42,9534729015,2552940134,7312.78,UK pounds,UK pounds,UK,UK,ACH,1,Structuring/Smurfing,40,MEDIUM,Smurfing,"Smurfing: account '9534729015' made 12 transactions totalling 82,352.12 within 24h (each below 9,999.00 threshold)"
4283,2026-05-07 15:23:44,8560019247,4271614084,3018.26,UK pounds,UK pounds,UK,UK,Cheque,0,,0,LOW,,
4284,2026-05-07 15:23:45,9597477350,7390217463,4581.29,UK pounds,UK pounds,UK,UK,Cheque,0,,0,LOW,,
4285,2026-05-07 15:23:49,8389148416,3009426762,5441.81,UK pounds,UK pounds,UK,UK,Credit card,1,Structuring/Smurfing,40,MEDIUM,Smurfing,"Smurfing: account '8389148416' made 18 transactions totalling 124,777.47 within 24h (each below 9,999.00 threshold)"
4286,2026-05-07 15:23:50,4109275762,9776245941,16796.43,UK pounds,UK pounds,UK,UK,Credit card,0,Large-Cash-Transaction,25,LOW,LargeTransaction,"Transaction amount 16,796.43 UK pounds exceeds threshold of 8,000.00"
4287,2026-05-07 15:23:51,9708718273,3539142210,1519.47,UK pounds,UK pounds,UK,UK,Cash Deposit,0,,0,LOW,,
4288,2026-05-07 15:23:51,9994249346,6178841981,4622.74,UK pounds,UK pounds,UK,UK,Credit card,0,,0,LOW,,
4289,2026-05-07 15:23:52,7877700106,2534644942,25138.14,UK pounds,Euro,UK,France,Cross-border,0,Large-Cash-Transaction,25,LOW,LargeTransaction,"Transaction amount 25,138.14 UK pounds exceeds threshold of 8,000.00"
4290,2026-05-07 15:23:53,2272139935,1346832838,4046.56,UK pounds,UK pounds,UK,UK,Debit card,0,,0,LOW,,
4291,2026-05-07 15:23:55,3682462176,4494200786,946.15,UK pounds,UK pounds,UK,UK,Debit card,0,,0,LOW,,
4292,2026-05-07 15:23:55,7533282012,8629135132,400.88,UK pounds,UK pounds,UK,UK,ACH,0,,0,LOW,,
4293,2026-05-07 15:23:57,3966829631,4575899773,196.38,UK pounds,UK pounds,UK,UK,ACH,0,,0,LOW,,
4294,2026-05-07 15:24:00,2853766358,1422566926,2025.1,UK pounds,UK pounds,UK,UK,Cash Deposit,0,,0,LOW,,
4295,2026-05-07 15:24:03,5242230374,9412998519,556.7,UK pounds,UK pounds,UK,UK,Credit card,0,,0,LOW,,
4296,2026-05-07 15:24:04,6259321240,2455935528,1266.7,UK pounds,UK pounds,UK,UK,Credit card,0,,0,LOW,,
4297,2026-05-07 15:24:04,8321009171,2964943847,13938.62,UK pounds,UK pounds,UK,UK,Credit card,0,Large-Cash-Transaction,25,LOW,LargeTransaction,"Transaction amount 13,938.62 UK pounds exceeds threshold of 8,000.00"
4298,2026-05-07 15:24:09,8456279067,8572828015,5620.85,UK pounds,UK pounds,UK,UK,Credit card,1,Structuring/Smurfing,40,MEDIUM,Smurfing,"Smurfing: account '8456279067' made 24 transactions totalling 178,348.47 within 24h (each below 9,999.00 threshold)"
4299,2026-05-07 15:24:11,8046624349,3846812195,8576.72,UK pounds,UK pounds,UK,UK,Debit card,0,Large-Cash-Transaction,25,LOW,LargeTransaction,"Transaction amount 8,576.72 UK pounds exceeds threshold of 8,000.00"
4300,2026-05-07 15:24:16,4925047798,4270865741,9972.46,UK pounds,UK pounds,UK,UK,ACH,1,Large-Cash-Transaction; Structuring/Smurfing,65,HIGH,LargeTransaction|Smurfing,"Transaction amount 9,972.46 UK pounds exceeds threshold of 8,000.00; Smurfing: account '4925047798' made 4 transactions totalling 39,746.26 within 24h (each below 9,999.00 threshold)"
4301,2026-05-07 15:24:22,7669236826,9616268671,10859.13,UK pounds,UK pounds,UK,UK,Debit card,0,Large-Cash-Transaction,25,LOW,LargeTransaction,"Transaction amount 10,859.13 UK pounds exceeds threshold of 8,000.00"
4302,2026-05-07 15:24:22,6499777292,1377603863,10461.01,UK pounds,UK pounds,UK,UK,Debit card,0,Large-Cash-Transaction,25,LOW,LargeTransaction,"Transaction amount 10,461.01 UK pounds exceeds threshold of 8,000.00"
4303,2026-05-07 15:24:27,3221521502,4098506851,2233.88,UK pounds,UK pounds,UK,UK,ACH,0,,0,LOW,,
4304,2026-05-07 15:24:34,8321985428,8589862872,2443.81,UK pounds,UK pounds,UK,UK,ACH,0,,0,LOW,,
4305,2026-05-07 15:24:35,8734399994,6186970822,1127.46,UK pounds,UK pounds,UK,UK,Credit card,0,,0,LOW,,
4306,2026-05-07 15:24:36,3926524668,7738670918,2010.51,UK pounds,UK pounds,UK,UK,Cash Deposit,0,,0,LOW,,
4307,2026-05-07 15:24:40,5099460974,3695545812,8938.56,UK pounds,UK pounds,UK,UK,ACH,0,Large-Cash-Transaction,25,LOW,LargeTransaction,"Transaction amount 8,938.56 UK pounds exceeds threshold of 8,000.00"
4308,2026-05-07 15:24:50,7188675440,5508474645,2578.6,UK pounds,UK pounds,UK,UK,ACH,0,,0,LOW,,
4309,2026-05-07 15:24:54,4121324384,7840880332,4469.49,Euro,UK pounds,Spain,UK,Cross-border,1,Structuring/Smurfing,40,MEDIUM,Smurfing,"Smurfing: account '4121324384' made 12 transactions totalling 88,139.20 within 24h (each below 9,999.00 threshold)"
4310,2026-05-07 15:24:55,6773866372,2010409281,2743.9,UK pounds,UK pounds,UK,UK,Cash Deposit,0,,0,LOW,,
4311,2026-05-07 15:24:55,9959102491,2457465520,569.9,UK pounds,UK pounds,UK,UK,Cash Deposit,0,,0,LOW,,
4312,2026-05-07 15:24:56,429564037,1698202473,780.08,UK pounds,UK pounds,UK,UK,Cheque,0,,0,LOW,,
4313,2026-05-07 15:25:03,6807985494,7389492571,2883.84,UK pounds,UK pounds,UK,UK,Cash Deposit,0,,0,LOW,,
4314,2026-05-07 15:25:03,544228479,8070421869,18048.65,UK pounds,UK pounds,UK,UK,Credit card,0,Large-Cash-Transaction,25,LOW,LargeTransaction,"Transaction amount 18,048.65 UK pounds exceeds threshold of 8,000.00"
4315,2026-05-07 15:25:04,475474115,429953828,4798.11,UK pounds,UK pounds,UK,UK,Debit card,0,,0,LOW,,
4316,2026-05-07 15:25:05,4496468487,7206755307,69.48,UK pounds,UK pounds,UK,UK,ACH,0,,0,LOW,,
4317,2026-05-07 15:25:09,4353995266,6646502650,5181.23,UK pounds,Euro,UK,France,Cross-border,1,Structuring/Smurfing,40,MEDIUM,Smurfing,"Smurfing: account '4353995266' made 3 transactions totalling 15,486.38 within 24h (each below 9,999.00 threshold)"
4318,2026-05-07 15:25:09,9168588789,4889197724,8225.66,UK pounds,UK pounds,UK,UK,Credit card,0,Large-Cash-Transaction,25,LOW,LargeTransaction,"Transaction amount 8,225.66 UK pounds exceeds threshold of 8,000.00"
4319,2026-05-07 15:25:16,3952347143,7892884492,8811.26,UK pounds,US dollar,UK,USA,Cross-border,1,Large-Cash-Transaction; Structuring/Smurfing,65,HIGH,LargeTransaction|Smurfing,"Transaction amount 8,811.26 UK pounds exceeds threshold of 8,000.00; Smurfing: account '3952347143' made 3 transactions totalling 26,344.12 within 24h (each below 9,999.00 threshold)"
4320,2026-05-07 15:25:18,2698592594,3695545812,4596.57,UK pounds,UK pounds,UK,UK,ACH,0,,0,LOW,,
4321,2026-05-07 15:25:19,5021785800,4135708880,7865.36,UK pounds,UK pounds,UK,UK,Debit card,1,Structuring/Smurfing,40,MEDIUM,Smurfing,"Smurfing: account '5021785800' made 26 transactions totalling 164,745.33 within 24h (each below 9,999.00 threshold)"
4322,2026-05-07 15:25:25,7112379017,5708936901,4537.87,UK pounds,UK pounds,UK,UK,Credit card,0,,0,LOW,,
4323,2026-05-07 15:25:29,3614082527,1542761342,7437.06,UK pounds,UK pounds,UK,UK,Cheque,1,Structuring/Smurfing,40,MEDIUM,Smurfing,"Smurfing: account '3614082527' made 22 transactions totalling 162,400.47 within 24h (each below 9,999.00 threshold)"
4324,2026-05-07 15:25:38,8456279067,8374633169,17412.64,UK pounds,UK pounds,UK,UK,Cheque,0,Large-Cash-Transaction,25,LOW,LargeTransaction,"Transaction amount 17,412.64 UK pounds exceeds threshold of 8,000.00"
4325,2026-05-07 15:25:43,5982914936,9386007080,9142.69,UK pounds,UK pounds,UK,UK,Credit card,1,Large-Cash-Transaction; Structuring/Smurfing,65,HIGH,LargeTransaction|Smurfing,"Transaction amount 9,142.69 UK pounds exceeds threshold of 8,000.00; Smurfing: account '5982914936' made 13 transactions totalling 112,715.70 within 24h (each below 9,999.00 threshold)"
4326,2026-05-07 15:25:43,8180791962,3167941129,6203.11,UK pounds,UK pounds,UK,UK,Cheque,0,,0,LOW,,
4327,2026-05-07 15:25:44,8389148416,5320133137,7651.39,UK pounds,UK pounds,UK,UK,Debit card,1,Structuring/Smurfing,40,MEDIUM,Smurfing,"Smurfing: account '8389148416' made 19 transactions totalling 132,428.86 within 24h (each below 9,999.00 threshold)"
4328,2026-05-07 15:25:46,5021785800,9199525861,6651.46,UK pounds,UK pounds,UK,UK,Cheque,1,Structuring/Smurfing,40,MEDIUM,Smurfing,"Smurfing: account '5021785800' made 27 transactions totalling 171,396.79 within 24h (each below 9,999.00 threshold)"
4329,2026-05-07 15:25:49,9883445607,6550624001,165.86,UK pounds,UK pounds,UK,UK,Cheque,0,,0,LOW,,
4330,2026-05-07 15:25:53,4117755003,6646502650,8442.76,UK pounds,Euro,UK,France,Cross-border,1,Large-Cash-Transaction; Structuring/Smurfing,65,HIGH,LargeTransaction|Smurfing,"Transaction amount 8,442.76 UK pounds exceeds threshold of 8,000.00; Smurfing: account '4117755003' made 5 transactions totalling 42,344.75 within 24h (each below 9,999.00 threshold)"
4331,2026-05-07 15:26:00,869649682,2534644942,8172.59,UK pounds,Euro,UK,France,Cross-border,1,Large-Cash-Transaction; Structuring/Smurfing,65,HIGH,LargeTransaction|Smurfing,"Transaction amount 8,172.59 UK pounds exceeds threshold of 8,000.00; Smurfing: account '869649682' made 3 transactions totalling 24,525.45 within 24h (each below 9,999.00 threshold)"
4332,2026-05-07 15:26:04,2663470390,4662825607,368.1,UK pounds,UK pounds,UK,UK,Credit card,0,,0,LOW,,
4333,2026-05-07 15:26:06,5100957110,7178951436,936.66,UK pounds,UK pounds,UK,UK,Debit card,0,,0,LOW,,
4334,2026-05-07 15:26:06,2477803987,6800871336,4046.4,UK pounds,UK pounds,UK,UK,ACH,0,,0,LOW,,
4335,2026-05-07 15:26:07,7091914387,991566616,500.85,UK pounds,UK pounds,UK,UK,Debit card,0,,0,LOW,,
4336,2026-05-07 15:26:10,5706582846,2960357171,9513.79,UK pounds,UK pounds,UK,UK,Cheque,0,Large-Cash-Transaction,25,LOW,LargeTransaction,"Transaction amount 9,513.79 UK pounds exceeds threshold of 8,000.00"
4337,2026-05-07 15:26:11,6835919517,3054600080,1799.84,UK pounds,UK pounds,UK,UK,Cash Deposit,0,,0,LOW,,
4338,2026-05-07 15:26:12,5772654983,5191230153,790.18,UK pounds,UK pounds,UK,UK,Credit card,0,,0,LOW,,
4339,2026-05-07 15:26:16,2483439581,5491045464,4587.42,UK pounds,UK pounds,UK,UK,Cash Deposit,0,,0,LOW,,
4340,2026-05-07 15:26:16,7669236826,2595978516,9661.15,UK pounds,UK pounds,UK,UK,ACH,1,Large-Cash-Transaction; Structuring/Smurfing,65,HIGH,LargeTransaction|Smurfing,"Transaction amount 9,661.15 UK pounds exceeds threshold of 8,000.00; Smurfing: account '7669236826' made 26 transactions totalling 194,626.15 within 24h (each below 9,999.00 threshold)"
4341,2026-05-07 15:26:17,6369856613,3792005713,6426.15,UK pounds,UK pounds,UK,UK,Cheque,0,,0,LOW,,
4342,2026-05-07 15:26:17,1390806158,8673917867,8793.29,UK pounds,UK pounds,UK,UK,Credit card,1,Large-Cash-Transaction; Structuring/Smurfing; Layering,90,CRITICAL,LargeTransaction|Smurfing|Layering,"Transaction amount 8,793.29 UK pounds exceeds threshold of 8,000.00; Smurfing: account '1390806158' made 6 transactions totalling 53,011.12 within 24h (each below 9,999.00 threshold); Fan-in: receiver 8673917867 received from 8 distinct senders within 72h (chain amount: 174,041.64, threshold: 10,000.00)"
4343,2026-05-07 15:26:19,1788318949,1682536094,6711.17,UK pounds,Euro,UK,Netherlands,Cross-border,0,Fan-Out/Money-Mule,20,LOW,RapidMovement,RapidMovement: part of rapid fund re-dispatch from account '1788318949'
4344,2026-05-07 15:26:23,8273126721,409707192,6154.89,UK pounds,UK pounds,UK,UK,Cheque,0,,0,LOW,,
4345,2026-05-07 15:26:27,6411476316,8352571580,9784.74,UK pounds,UK pounds,UK,UK,ACH,1,Large-Cash-Transaction; Structuring/Smurfing,65,HIGH,LargeTransaction|Smurfing,"Transaction amount 9,784.74 UK pounds exceeds threshold of 8,000.00; Smurfing: account '6411476316' made 3 transactions totalling 29,366.94 within 24h (each below 9,999.00 threshold)"
4346,2026-05-07 15:26:28,5982914936,4409725873,8201.27,UK pounds,UK pounds,UK,UK,ACH,1,Large-Cash-Transaction; Structuring/Smurfing,65,HIGH,LargeTransaction|Smurfing,"Transaction amount 8,201.27 UK pounds exceeds threshold of 8,000.00; Smurfing: account '5982914936' made 14 transactions totalling 120,916.97 within 24h (each below 9,999.00 threshold)"
4347,2026-05-07 15:26:32,8978209844,2569665384,3221.53,UK pounds,UK pounds,UK,UK,Cheque,0,,0,LOW,,
4348,2026-05-07 15:26:32,7817757840,9706559518,1269.97,UK pounds,UK pounds,UK,UK,Cash Deposit,0,,0,LOW,,
4349,2026-05-07 15:26:32,7421451752,4086663568,8369.72,UK pounds,UK pounds,UK,UK,Cheque,1,Large-Cash-Transaction; Structuring/Smurfing,65,HIGH,LargeTransaction|Smurfing,"Transaction amount 8,369.72 UK pounds exceeds threshold of 8,000.00; Smurfing: account '7421451752' made 17 transactions totalling 100,703.63 within 24h (each below 9,999.00 threshold)"
4350,2026-05-07 15:26:35,1378784400,1672094971,9063.58,UK pounds,UK pounds,UK,UK,Credit card,1,Large-Cash-Transaction; Structuring/Smurfing,65,HIGH,LargeTransaction|Smurfing,"Transaction amount 9,063.58 UK pounds exceeds threshold of 8,000.00; Smurfing: account '1378784400' made 28 transactions totalling 186,165.16 within 24h (each below 9,999.00 threshold)"
4351,2026-05-07 15:26:37,9945389037,1118770942,5294.6,UK pounds,UK pounds,UK,UK,ACH,0,,0,LOW,,
4352,2026-05-07 15:26:38,8987848252,7140265767,5334.7,UK pounds,UK pounds,UK,UK,Debit card,1,Structuring/Smurfing,40,MEDIUM,Smurfing,"Smurfing: account '8987848252' made 14 transactions totalling 93,411.20 within 24h (each below 9,999.00 threshold)"
4353,2026-05-07 15:26:43,7501327339,8617863283,5868.23,UK pounds,UK pounds,UK,UK,Cheque,1,Structuring/Smurfing,40,MEDIUM,Smurfing,"Smurfing: account '7501327339' made 28 transactions totalling 192,363.79 within 24h (each below 9,999.00 threshold)"
4354,2026-05-07 15:26:44,539802231,4551768181,520.7,UK pounds,UK pounds,UK,UK,Debit card,0,,0,LOW,,
4355,2026-05-07 15:26:44,7330940854,1320927231,4590.21,UK pounds,UK pounds,UK,UK,ACH,0,,0,LOW,,
4356,2026-05-07 15:26:46,8569407750,4219034574,10186.73,UK pounds,UK pounds,UK,UK,Debit card,0,Large-Cash-Transaction,25,LOW,LargeTransaction,"Transaction amount 10,186.73 UK pounds exceeds threshold of 8,000.00"
4357,2026-05-07 15:26:46,6462789801,4012809267,3354.62,UK pounds,UK pounds,UK,UK,Cheque,0,,0,LOW,,
4358,2026-05-07 15:26:50,7669236826,9544469020,7298.88,UK pounds,UK pounds,UK,UK,Credit card,1,Structuring/Smurfing,40,MEDIUM,Smurfing,"Smurfing: account '7669236826' made 27 transactions totalling 201,925.03 within 24h (each below 9,999.00 threshold)"
4359,2026-05-07 15:26:51,6086421020,3504466346,18880.59,UK pounds,UK pounds,UK,UK,Debit card,0,Large-Cash-Transaction,25,LOW,LargeTransaction,"Transaction amount 18,880.59 UK pounds exceeds threshold of 8,000.00"
4360,2026-05-07 15:26:51,2659454323,8678802420,10088.79,UK pounds,UK pounds,UK,UK,Credit card,0,Large-Cash-Transaction,25,LOW,LargeTransaction,"Transaction amount 10,088.79 UK pounds exceeds threshold of 8,000.00"
4361,2026-05-07 15:26:53,3291826004,1368142187,5186.85,UK pounds,UK pounds,UK,UK,Cash Deposit,0,,0,LOW,,
4362,2026-05-07 15:26:55,8729002632,5189774416,2907.31,UK pounds,UK pounds,UK,UK,ACH,0,,0,LOW,,
4363,2026-05-07 15:27:00,4196292485,9527165525,9094.09,UK pounds,UK pounds,UK,UK,ACH,0,Large-Cash-Transaction,25,LOW,LargeTransaction,"Transaction amount 9,094.09 UK pounds exceeds threshold of 8,000.00"
4364,2026-05-07 15:27:00,9460133971,7395952075,11110.01,UK pounds,UK pounds,UK,UK,Cheque,0,Large-Cash-Transaction,25,LOW,LargeTransaction,"Transaction amount 11,110.01 UK pounds exceeds threshold of 8,000.00"
4365,2026-05-07 15:27:02,7011081431,8309872384,988.31,UK pounds,UK pounds,UK,UK,Debit card,0,,0,LOW,,
4366,2026-05-07 15:27:06,2309213364,5109623450,7627.71,UK pounds,UK pounds,UK,UK,Credit card,1,Structuring/Smurfing,40,MEDIUM,Smurfing,"Smurfing: account '2309213364' made 3 transactions totalling 22,900.68 within 24h (each below 9,999.00 threshold)"
4367,2026-05-07 15:27:09,372595155,2951768195,9200.66,UK pounds,UK pounds,UK,UK,Credit card,0,Large-Cash-Transaction,25,LOW,LargeTransaction,"Transaction amount 9,200.66 UK pounds exceeds threshold of 8,000.00"
4368,2026-05-07 15:27:10,3709430533,2300358725,12481.23,UK pounds,UK pounds,UK,UK,Credit card,0,Large-Cash-Transaction,25,LOW,LargeTransaction,"Transaction amount 12,481.23 UK pounds exceeds threshold of 8,000.00"
4369,2026-05-07 15:27:11,4353995266,6646502650,5222.27,UK pounds,Euro,UK,France,Cross-border,1,Structuring/Smurfing,40,MEDIUM,Smurfing,"Smurfing: account '4353995266' made 4 transactions totalling 20,708.65 within 24h (each below 9,999.00 threshold)"
4370,2026-05-07 15:27:11,9077332834,9694660801,1087.46,UK pounds,UK pounds,UK,UK,Cash Deposit,0,,0,LOW,,
4371,2026-05-07 15:27:13,7708617021,328439457,374.52,UK pounds,UK pounds,UK,UK,ACH,0,,0,LOW,,
4372,2026-05-07 15:27:14,9075476848,6728490179,1921.77,UK pounds,UK pounds,UK,UK,Cash Deposit,0,,0,LOW,,
4373,2026-05-07 15:27:17,3597079131,5092572422,2928.95,UK pounds,UK pounds,UK,UK,ACH,0,,0,LOW,,
4374,2026-05-07 15:27:18,52431743,567191072,3867.95,UK pounds,UK pounds,UK,UK,Cheque,0,,0,LOW,,
4375,2026-05-07 15:27:18,8505579896,5559467485,659.32,UK pounds,UK pounds,UK,UK,Cash Deposit,0,,0,LOW,,
4376,2026-05-07 15:27:18,8712744817,8266596932,5803.91,Euro,UK pounds,Germany,UK,Cross-border,0,,0,LOW,,
4377,2026-05-07 15:27:21,7669236826,9544469020,7292.74,UK pounds,UK pounds,UK,UK,ACH,1,Structuring/Smurfing,40,MEDIUM,Smurfing,"Smurfing: account '7669236826' made 28 transactions totalling 209,217.77 within 24h (each below 9,999.00 threshold)"
4378,2026-05-07 15:27:21,581151126,6855935396,5017.0,UK pounds,UK pounds,UK,UK,Cheque,1,Structuring/Smurfing,40,MEDIUM,Smurfing,"Smurfing: account '581151126' made 4 transactions totalling 20,158.85 within 24h (each below 9,999.00 threshold)"
4379,2026-05-07 15:27:26,2731765422,1048151621,10357.07,UK pounds,UK pounds,UK,UK,Credit card,0,Large-Cash-Transaction,25,LOW,LargeTransaction,"Transaction amount 10,357.07 UK pounds exceeds threshold of 8,000.00"
4380,2026-05-07 15:27:27,7378741021,1616873102,824.04,UK pounds,UK pounds,UK,UK,Cheque,0,,0,LOW,,
4381,2026-05-07 15:27:29,6179186955,7016463554,74.1,UK pounds,UK pounds,UK,UK,Cheque,0,,0,LOW,,
4382,2026-05-07 15:27:29,5942342457,5683754615,192.59,UK pounds,UK pounds,UK,UK,Cheque,0,,0,LOW,,
4383,2026-05-07 15:27:36,9534729015,8091763232,5924.34,UK pounds,UK pounds,UK,UK,Credit card,1,Structuring/Smurfing,40,MEDIUM,Smurfing,"Smurfing: account '9534729015' made 13 transactions totalling 88,276.46 within 24h (each below 9,999.00 threshold)"
4384,2026-05-07 15:27:38,6534751195,7190077471,3687.77,UK pounds,UK pounds,UK,UK,Cash Deposit,0,,0,LOW,,
4385,2026-05-07 15:27:39,2595670415,6223365730,15039.19,UK pounds,UK pounds,UK,UK,Credit card,0,Large-Cash-Transaction,25,LOW,LargeTransaction,"Transaction amount 15,039.19 UK pounds exceeds threshold of 8,000.00"
4386,2026-05-07 15:27:39,312396354,2138505015,12641.79,UK pounds,Dirham,UK,UAE,Cross-border,0,Large-Cash-Transaction,25,LOW,LargeTransaction,"Transaction amount 12,641.79 UK pounds exceeds threshold of 8,000.00"
4387,2026-05-07 15:27:40,9591187244,4173195094,6666.52,UK pounds,UK pounds,UK,UK,ACH,1,Structuring/Smurfing,40,MEDIUM,Smurfing,"Smurfing: account '9591187244' made 4 transactions totalling 26,650.95 within 24h (each below 9,999.00 threshold)"
4388,2026-05-07 15:27:40,2831014523,2208520243,74.05,UK pounds,UK pounds,UK,UK,Cash Withdrawal,0,,0,LOW,,
4389,2026-05-07 15:27:43,1915450576,4706175310,6528.26,UK pounds,UK pounds,UK,UK,Debit card,1,Structuring/Smurfing,40,MEDIUM,Smurfing,"Smurfing: account '1915450576' made 24 transactions totalling 142,881.66 within 24h (each below 9,999.00 threshold)"
4390,2026-05-07 15:27:47,1300794618,2138505015,7843.28,Euro,Dirham,France,UAE,Cross-border,1,Structuring/Smurfing,40,MEDIUM,Smurfing,"Smurfing: account '1300794618' made 3 transactions totalling 23,539.52 within 24h (each below 9,999.00 threshold)"
4391,2026-05-07 15:27:47,6057444675,8237840407,7568.26,UK pounds,UK pounds,UK,UK,Credit card,1,Structuring/Smurfing,40,MEDIUM,Smurfing,"Smurfing: account '6057444675' made 11 transactions totalling 70,261.61 within 24h (each below 9,999.00 threshold)"
4392,2026-05-07 15:27:48,7724710130,4270865741,11793.35,UK pounds,UK pounds,UK,UK,Cheque,0,Large-Cash-Transaction,25,LOW,LargeTransaction,"Transaction amount 11,793.35 UK pounds exceeds threshold of 8,000.00"
4393,2026-05-07 15:27:50,7758268667,5982526038,5623.37,UK pounds,UK pounds,UK,UK,Debit card,1,Structuring/Smurfing,40,MEDIUM,Smurfing,"Smurfing: account '7758268667' made 28 transactions totalling 215,089.93 within 24h (each below 9,999.00 threshold)"
4394,2026-05-07 15:27:53,6057444675,9549349263,11026.08,UK pounds,UK pounds,UK,UK,Debit card,0,Large-Cash-Transaction,25,LOW,LargeTransaction,"Transaction amount 11,026.08 UK pounds exceeds threshold of 8,000.00"
4395,2026-05-07 15:27:55,3711017685,5896180453,11172.58,UK pounds,UK pounds,UK,UK,Debit card,0,Large-Cash-Transaction,25,LOW,LargeTransaction,"Transaction amount 11,172.58 UK pounds exceeds threshold of 8,000.00"
4396,2026-05-07 15:27:55,7421451752,4009702480,12705.89,UK pounds,UK pounds,UK,UK,ACH,0,Large-Cash-Transaction,25,LOW,LargeTransaction,"Transaction amount 12,705.89 UK pounds exceeds threshold of 8,000.00"
4397,2026-05-07 15:28:05,675669049,9462027504,9648.93,UK pounds,UK pounds,UK,UK,Credit card,1,Large-Cash-Transaction; Structuring/Smurfing,65,HIGH,LargeTransaction|Smurfing,"Transaction amount 9,648.93 UK pounds exceeds threshold of 8,000.00; Smurfing: account '675669049' made 12 transactions totalling 93,374.42 within 24h (each below 9,999.00 threshold)"
4398,2026-05-07 15:28:05,472711138,7110269350,1522.18,UK pounds,UK pounds,UK,UK,Credit card,0,,0,LOW,,
4399,2026-05-07 15:28:06,9623171647,5560902900,1573.34,UK pounds,UK pounds,UK,UK,Debit card,0,,0,LOW,,
4400,2026-05-07 15:28:09,14539122,6953672776,6023.69,UK pounds,Mexican Peso,UK,Mexico,Cross-border,0,,0,LOW,,
4401,2026-05-07 15:28:09,2168910862,8678802420,7045.53,UK pounds,UK pounds,UK,UK,ACH,0,,0,LOW,,
4402,2026-05-07 15:28:11,5694670391,1880817571,3341.8,UK pounds,UK pounds,UK,UK,Debit card,0,,0,LOW,,
4403,2026-05-07 15:28:11,6834477393,6444220418,8157.57,UK pounds,UK pounds,UK,UK,Cheque,1,Large-Cash-Transaction; Structuring/Smurfing,65,HIGH,LargeTransaction|Smurfing,"Transaction amount 8,157.57 UK pounds exceeds threshold of 8,000.00; Smurfing: account '6834477393' made 4 transactions totalling 32,673.03 within 24h (each below 9,999.00 threshold)"
4404,2026-05-07 15:28:13,2583358807,8199731597,772.72,UK pounds,UK pounds,UK,UK,Cash Deposit,0,,0,LOW,,
4405,2026-05-07 15:28:17,2365007895,7623292529,15925.47,UK pounds,UK pounds,UK,UK,ACH,0,Large-Cash-Transaction,25,LOW,LargeTransaction,"Transaction amount 15,925.47 UK pounds exceeds threshold of 8,000.00"
4406,2026-05-07 15:28:20,9319163473,8507352686,25504.15,UK pounds,UK pounds,UK,UK,Credit card,0,Large-Cash-Transaction,25,LOW,LargeTransaction,"Transaction amount 25,504.15 UK pounds exceeds threshold of 8,000.00"
4407,2026-05-07 15:28:26,7848941743,5861660695,2597.26,UK pounds,UK pounds,UK,UK,Cheque,0,,0,LOW,,
4408,2026-05-07 15:28:28,3673343466,2745489276,311.88,UK pounds,UK pounds,UK,UK,Cheque,0,,0,LOW,,
4409,2026-05-07 15:28:31,7063779795,7000150590,1546.49,UK pounds,UK pounds,UK,UK,Debit card,0,,0,LOW,,
4410,2026-05-07 15:28:31,2084756501,469089115,3880.73,UK pounds,UK pounds,UK,UK,Cheque,0,,0,LOW,,
4411,2026-05-07 15:28:38,8072578431,3970920249,4069.7,UK pounds,UK pounds,UK,UK,Cheque,0,,0,LOW,,
4412,2026-05-07 15:28:41,3452368468,8619713223,14251.22,UK pounds,UK pounds,UK,UK,Debit card,0,Large-Cash-Transaction,25,LOW,LargeTransaction,"Transaction amount 14,251.22 UK pounds exceeds threshold of 8,000.00"
4413,2026-05-07 15:28:41,3146144627,8352571580,9825.36,UK pounds,UK pounds,UK,UK,Cheque,0,Large-Cash-Transaction,25,LOW,LargeTransaction,"Transaction amount 9,825.36 UK pounds exceeds threshold of 8,000.00"
4414,2026-05-07 15:28:45,7281801398,1493436023,37847.21,UK pounds,UK pounds,UK,UK,ACH,0,Large-Cash-Transaction,25,LOW,LargeTransaction,"Transaction amount 37,847.21 UK pounds exceeds threshold of 8,000.00"
4415,2026-05-07 15:28:49,8987848252,3922951830,9156.29,UK pounds,UK pounds,UK,UK,Cheque,1,Large-Cash-Transaction; Structuring/Smurfing,65,HIGH,LargeTransaction|Smurfing,"Transaction amount 9,156.29 UK pounds exceeds threshold of 8,000.00; Smurfing: account '8987848252' made 15 transactions totalling 102,567.49 within 24h (each below 9,999.00 threshold)"
4416,2026-05-07 15:28:51,3104812548,1614310538,7656.71,UK pounds,UK pounds,UK,UK,Cheque,0,,0,LOW,,
4417,2026-05-07 15:28:51,2121837965,5068836535,73.9,UK pounds,UK pounds,UK,UK,Cash Withdrawal,0,,0,LOW,,
4418,2026-05-07 15:28:52,6992153316,2398417131,304930.25,UK pounds,UK pounds,UK,UK,Cheque,0,Large-Cash-Transaction,25,LOW,LargeTransaction,"Transaction amount 304,930.25 UK pounds exceeds threshold of 8,000.00"
4419,2026-05-07 15:28:52,1841283224,5382262671,1248.47,UK pounds,UK pounds,UK,UK,ACH,0,,0,LOW,,
4420,2026-05-07 15:29:02,7468481487,4591843844,1579.98,UK pounds,UK pounds,UK,UK,Debit card,0,,0,LOW,,
4421,2026-05-07 15:29:05,5753088795,7892884492,10958.41,UK pounds,US dollar,UK,USA,Cross-border,0,Large-Cash-Transaction,25,LOW,LargeTransaction,"Transaction amount 10,958.41 UK pounds exceeds threshold of 8,000.00"
4422,2026-05-07 15:29:06,1449202590,1182467055,40301.8,UK pounds,UK pounds,UK,UK,Debit card,0,Large-Cash-Transaction,25,LOW,LargeTransaction,"Transaction amount 40,301.80 UK pounds exceeds threshold of 8,000.00"
4423,2026-05-07 15:29:06,8654113725,3904021659,2407.92,UK pounds,UK pounds,UK,UK,ACH,0,,0,LOW,,
4424,2026-05-07 15:29:09,3544556379,2806740273,7735.09,UK pounds,UK pounds,UK,UK,ACH,0,,0,LOW,,
4425,2026-05-07 15:29:11,9543448716,6363396293,1748.16,UK pounds,UK pounds,UK,UK,ACH,0,,0,LOW,,
4426,2026-05-07 15:29:15,2810377546,8075393745,7134.12,UK pounds,UK pounds,UK,UK,Cheque,0,,0,LOW,,
4427,2026-05-07 15:29:17,8389148416,8705942251,7495.2,UK pounds,Yen,UK,UK,Credit card,1,Structuring/Smurfing,40,MEDIUM,Smurfing,"Smurfing: account '8389148416' made 20 transactions totalling 139,924.06 within 24h (each below 9,999.00 threshold)"
4428,2026-05-07 15:29:25,8063063223,4214262805,2464.41,UK pounds,UK pounds,UK,UK,Debit card,0,Fan-Out/Money-Mule,20,LOW,RapidMovement,RapidMovement: part of rapid fund re-dispatch from account '8063063223'
4429,2026-05-07 15:29:26,6115478776,8518184956,22272.07,UK pounds,UK pounds,UK,UK,Cheque,0,Large-Cash-Transaction,25,LOW,LargeTransaction,"Transaction amount 22,272.07 UK pounds exceeds threshold of 8,000.00"
4430,2026-05-07 15:29:28,4121324384,114960068,8608.12,Euro,Dirham,Spain,UAE,Cross-border,1,Structuring/Smurfing,40,MEDIUM,Smurfing,"Smurfing: account '4121324384' made 13 transactions totalling 96,747.32 within 24h (each below 9,999.00 threshold)"
4431,2026-05-07 15:29:28,7539982502,2138505015,5067.27,UK pounds,Dirham,UK,UAE,Cross-border,0,,0,LOW,,
4432,2026-05-07 15:29:30,9165074186,3695545812,7332.56,UK pounds,UK pounds,UK,UK,Debit card,0,,0,LOW,,
4433,2026-05-07 15:29:31,3709430533,2300358725,12594.67,UK pounds,UK pounds,UK,UK,Debit card,0,Large-Cash-Transaction,25,LOW,LargeTransaction,"Transaction amount 12,594.67 UK pounds exceeds threshold of 8,000.00"
4434,2026-05-07 15:29:35,4941016574,5103043844,16043.37,UK pounds,Naira,UK,Nigeria,Cross-border,0,Large-Cash-Transaction,25,LOW,LargeTransaction,"Transaction amount 16,043.37 UK pounds exceeds threshold of 8,000.00"
4435,2026-05-07 15:29:36,2587753340,1371382885,17186.84,UK pounds,UK pounds,UK,UK,Cheque,0,Large-Cash-Transaction,25,LOW,LargeTransaction,"Transaction amount 17,186.84 UK pounds exceeds threshold of 8,000.00"
4436,2026-05-07 15:29:36,6096178364,2449684983,2385.42,UK pounds,UK pounds,UK,UK,Cheque,0,,0,LOW,,
4437,2026-05-07 15:29:37,8284983101,5896180453,9996.4,UK pounds,UK pounds,UK,UK,ACH,0,Large-Cash-Transaction,25,LOW,LargeTransaction,"Transaction amount 9,996.40 UK pounds exceeds threshold of 8,000.00"
4438,2026-05-07 15:29:38,6212392715,8619444777,16696.48,UK pounds,UK pounds,UK,UK,Cheque,0,Large-Cash-Transaction,25,LOW,LargeTransaction,"Transaction amount 16,696.48 UK pounds exceeds threshold of 8,000.00"
4439,2026-05-07 15:29:44,1497040761,5374818826,52.18,UK pounds,UK pounds,UK,UK,ACH,0,,0,LOW,,
4440,2026-05-07 15:29:58,9741942248,8943157074,1042.37,UK pounds,UK pounds,UK,UK,Cash Deposit,0,,0,LOW,,
4441,2026-05-07 15:29:59,5802257583,5466123934,7654.75,UK pounds,UK pounds,UK,UK,ACH,0,,0,LOW,,
4442,2026-05-07 15:29:59,9402994493,2390523581,8323.01,UK pounds,UK pounds,UK,UK,ACH,0,Large-Cash-Transaction,25,LOW,LargeTransaction,"Transaction amount 8,323.01 UK pounds exceeds threshold of 8,000.00"
4443,2026-05-07 15:30:02,6904668523,6643039893,7659.97,UK pounds,Mexican Peso,UK,Mexico,Cross-border,1,Structuring/Smurfing,40,MEDIUM,Smurfing,"Smurfing: account '6904668523' made 22 transactions totalling 159,536.71 within 24h (each below 9,999.00 threshold)"
4444,2026-05-07 15:30:08,2365007895,6618026760,12191.07,UK pounds,UK pounds,UK,UK,Credit card,0,Large-Cash-Transaction,25,LOW,LargeTransaction,"Transaction amount 12,191.07 UK pounds exceeds threshold of 8,000.00"
4445,2026-05-07 15:30:09,5021785800,5672438828,13707.06,UK pounds,UK pounds,UK,UK,ACH,0,Large-Cash-Transaction,25,LOW,LargeTransaction,"Transaction amount 13,707.06 UK pounds exceeds threshold of 8,000.00"
4446,2026-05-07 15:30:12,5432356538,80375733,235.83,UK pounds,UK pounds,UK,UK,ACH,0,,0,LOW,,
4447,2026-05-07 15:30:15,5819562917,8301602687,238.8,UK pounds,UK pounds,UK,UK,Cash Deposit,0,,0,LOW,,
4448,2026-05-07 15:30:18,9296142684,5708936901,7569.39,UK pounds,UK pounds,UK,UK,Cheque,0,,0,LOW,,
4449,2026-05-07 15:30:19,7815302114,1842633217,4119.42,UK pounds,UK pounds,UK,UK,Cheque,1,Structuring/Smurfing,40,MEDIUM,Smurfing,"Smurfing: account '7815302114' made 3 transactions totalling 12,595.45 within 24h (each below 9,999.00 threshold)"
4450,2026-05-07 15:30:20,7501327339,3546968911,5045.05,UK pounds,Euro,UK,Germany,Cross-border,1,Structuring/Smurfing,40,MEDIUM,Smurfing,"Smurfing: account '7501327339' made 29 transactions totalling 197,408.84 within 24h (each below 9,999.00 threshold)"
4451,2026-05-07 15:30:21,2076637514,1659434054,800.52,UK pounds,UK pounds,UK,UK,Credit card,0,,0,LOW,,
4452,2026-05-07 15:30:21,3336234389,6953672776,7809.37,UK pounds,Mexican Peso,UK,Mexico,Cross-border,1,Structuring/Smurfing,40,MEDIUM,Smurfing,"Smurfing: account '3336234389' made 3 transactions totalling 23,353.08 within 24h (each below 9,999.00 threshold)"
4453,2026-05-07 15:30:27,1827261019,8791900725,911.92,UK pounds,UK pounds,UK,UK,Credit card,0,,0,LOW,,
4454,2026-05-07 15:30:27,5982914936,6611885027,5569.96,UK pounds,Albanian lek,UK,Albania,Cross-border,1,Structuring/Smurfing,40,MEDIUM,Smurfing,"Smurfing: account '5982914936' made 15 transactions totalling 126,486.93 within 24h (each below 9,999.00 threshold)"
4455,2026-05-07 15:30:29,1378784400,1672094971,9012.35,UK pounds,UK pounds,UK,UK,Credit card,1,Large-Cash-Transaction; Structuring/Smurfing,65,HIGH,LargeTransaction|Smurfing,"Transaction amount 9,012.35 UK pounds exceeds threshold of 8,000.00; Smurfing: account '1378784400' made 29 transactions totalling 195,177.51 within 24h (each below 9,999.00 threshold)"
4456,2026-05-07 15:30:29,7669236826,2685958910,4577.31,UK pounds,UK pounds,UK,UK,Credit card,1,Structuring/Smurfing,40,MEDIUM,Smurfing,"Smurfing: account '7669236826' made 29 transactions totalling 213,795.08 within 24h (each below 9,999.00 threshold)"
4457,2026-05-07 15:30:29,9460711215,8352571580,5855.51,UK pounds,UK pounds,UK,UK,Credit card,1,Structuring/Smurfing,40,MEDIUM,Smurfing,"Smurfing: account '9460711215' made 4 transactions totalling 23,371.58 within 24h (each below 9,999.00 threshold)"
4458,2026-05-07 15:30:29,6135421641,3886306415,2305.84,UK pounds,UK pounds,UK,UK,Credit card,0,,0,LOW,,
4459,2026-05-07 15:30:30,3153978672,2709057217,5674.52,UK pounds,UK pounds,UK,UK,Cash Deposit,0,,0,LOW,,
4460,2026-05-07 15:30:33,2749172169,3312509262,748.65,UK pounds,UK pounds,UK,UK,Credit card,0,,0,LOW,,
4461,2026-05-07 15:30:36,8060580691,5896180453,11198.58,UK pounds,UK pounds,UK,UK,Credit card,0,Large-Cash-Transaction,25,LOW,LargeTransaction,"Transaction amount 11,198.58 UK pounds exceeds threshold of 8,000.00"
4462,2026-05-07 15:30:42,8073283422,429757193,44790.12,UK pounds,UK pounds,UK,UK,Credit card,0,Large-Cash-Transaction,25,LOW,LargeTransaction,"Transaction amount 44,790.12 UK pounds exceeds threshold of 8,000.00"
4463,2026-05-07 15:30:48,8487080282,5708936901,5755.17,UK pounds,UK pounds,UK,UK,ACH,1,Structuring/Smurfing,40,MEDIUM,Smurfing,"Smurfing: account '8487080282' made 5 transactions totalling 28,764.04 within 24h (each below 9,999.00 threshold)"
4464,2026-05-07 15:30:51,9579837699,2138505015,5920.95,UK pounds,Dirham,UK,UAE,Cross-border,0,,0,LOW,,
4465,2026-05-07 15:30:52,5253146909,9793818067,6191.75,UK pounds,UK pounds,UK,UK,Credit card,0,,0,LOW,,
4466,2026-05-07 15:30:53,9596872238,9028820984,2801.36,UK pounds,UK pounds,UK,UK,Cash Deposit,0,,0,LOW,,
4467,2026-05-07 15:30:56,4484942611,4318165157,390.64,UK pounds,UK pounds,UK,UK,ACH,0,,0,LOW,,
4468,2026-05-07 15:30:56,5053644152,2689396027,1617.32,UK pounds,UK pounds,UK,UK,Debit card,0,,0,LOW,,
4469,2026-05-07 15:30:57,7674756610,4336977506,13249.71,UK pounds,UK pounds,UK,UK,Debit card,0,Large-Cash-Transaction,25,LOW,LargeTransaction,"Transaction amount 13,249.71 UK pounds exceeds threshold of 8,000.00"
4470,2026-05-07 15:30:57,3867245271,7184636985,24029.62,UK pounds,UK pounds,UK,UK,ACH,0,Large-Cash-Transaction,25,LOW,LargeTransaction,"Transaction amount 24,029.62 UK pounds exceeds threshold of 8,000.00"
4471,2026-05-07 15:31:00,9599009457,2870306224,8624.3,UK pounds,UK pounds,UK,UK,Cheque,1,Large-Cash-Transaction; Structuring/Smurfing,65,HIGH,LargeTransaction|Smurfing,"Transaction amount 8,624.30 UK pounds exceeds threshold of 8,000.00; Smurfing: account '9599009457' made 5 transactions totalling 30,433.66 within 24h (each below 9,999.00 threshold)"
4472,2026-05-07 15:31:01,8820905520,2757016601,300.55,UK pounds,UK pounds,UK,UK,Cash Deposit,0,,0,LOW,,
4473,2026-05-07 15:31:02,5520808053,1377603863,8886.99,UK pounds,UK pounds,UK,UK,Credit card,0,Large-Cash-Transaction,25,LOW,LargeTransaction,"Transaction amount 8,886.99 UK pounds exceeds threshold of 8,000.00"
